model,country,mandate_period,mandate_period_label,task_type,outcome,task_name,task_label,feature,importance,rank
XGBoost,Australia,before_mandate,Before mandate,mask,Face mask wearing,Australia_before_mandate_mask,Australia - Before mandate - Face mask wearing,State: New South Wales,0.19667605,1
XGBoost,Australia,before_mandate,Before mandate,mask,Face mask wearing,Australia_before_mandate_mask,Australia - Before mandate - Face mask wearing,Non-Mask Protective Behavior Score,0.09905178,2
XGBoost,Australia,before_mandate,Before mandate,mask,Face mask wearing,Australia_before_mandate_mask,Australia - Before mandate - Face mask wearing,State: Tasmania,0.040646218,3
XGBoost,Australia,before_mandate,Before mandate,mask,Face mask wearing,Australia_before_mandate_mask,Australia - Before mandate - Face mask wearing,State: Northern Territory,0.029521301,4
XGBoost,Australia,before_mandate,Before mandate,mask,Face mask wearing,Australia_before_mandate_mask,Australia - Before mandate - Face mask wearing,State: Western Australia,0.026742058,5
XGBoost,Australia,before_mandate,Before mandate,mask,Face mask wearing,Australia_before_mandate_mask,Australia - Before mandate - Face mask wearing,State: South Australia,0.021455301,6
XGBoost,Australia,before_mandate,Before mandate,mask,Face mask wearing,Australia_before_mandate_mask,Australia - Before mandate - Face mask wearing,Employment: Not Working,0.019379647,7
XGBoost,Australia,before_mandate,Before mandate,mask,Face mask wearing,Australia_before_mandate_mask,Australia - Before mandate - Face mask wearing,Week,0.017504264,8
XGBoost,Australia,before_mandate,Before mandate,mask,Face mask wearing,Australia_before_mandate_mask,Australia - Before mandate - Face mask wearing,COVID Severity,0.017117025,9
XGBoost,Australia,before_mandate,Before mandate,mask,Face mask wearing,Australia_before_mandate_mask,Australia - Before mandate - Face mask wearing,PHQ Low Interest: Prefer Not Say,0.01711662,10
XGBoost,Australia,before_mandate,Before mandate,mask,Face mask wearing,Australia_before_mandate_mask,Australia - Before mandate - Face mask wearing,State: Queensland,0.01706788,11
XGBoost,Australia,before_mandate,Before mandate,mask,Face mask wearing,Australia_before_mandate_mask,Australia - Before mandate - Face mask wearing,COVID Infection Risk,0.016851783,12
XGBoost,Australia,before_mandate,Before mandate,mask,Face mask wearing,Australia_before_mandate_mask,Australia - Before mandate - Face mask wearing,Symptom Isolation: No,0.014264042,13
XGBoost,Australia,before_mandate,Before mandate,mask,Face mask wearing,Australia_before_mandate_mask,Australia - Before mandate - Face mask wearing,Age,0.013746912,14
XGBoost,Australia,before_mandate,Before mandate,mask,Face mask wearing,Australia_before_mandate_mask,Australia - Before mandate - Face mask wearing,Comorbidity: Yes,0.013122933,15
XGBoost,Australia,before_mandate,Before mandate,mask,Face mask wearing,Australia_before_mandate_mask,Australia - Before mandate - Face mask wearing,Physical contact count (with stranger),0.013087817,16
XGBoost,Australia,before_mandate,Before mandate,mask,Face mask wearing,Australia_before_mandate_mask,Australia - Before mandate - Face mask wearing,Employment: Retired,0.01277205,17
XGBoost,Australia,before_mandate,Before mandate,mask,Face mask wearing,Australia_before_mandate_mask,Australia - Before mandate - Face mask wearing,Symptom Isolation: Unsure,0.012708081,18
XGBoost,Australia,before_mandate,Before mandate,mask,Face mask wearing,Australia_before_mandate_mask,Australia - Before mandate - Face mask wearing,PHQ Depressed: N/A,0.012565464,19
XGBoost,Australia,before_mandate,Before mandate,mask,Face mask wearing,Australia_before_mandate_mask,Australia - Before mandate - Face mask wearing,PHQ Depressed: Prefer Not Say,0.012279873,20
XGBoost,Australia,before_mandate,Before mandate,mask,Face mask wearing,Australia_before_mandate_mask,Australia - Before mandate - Face mask wearing,State: Victoria,0.012109886,21
XGBoost,Australia,before_mandate,Before mandate,mask,Face mask wearing,Australia_before_mandate_mask,Australia - Before mandate - Face mask wearing,Isolation Willingness: Neutral,0.011959006,22
XGBoost,Australia,before_mandate,Before mandate,mask,Face mask wearing,Australia_before_mandate_mask,Australia - Before mandate - Face mask wearing,PHQ Worry: Prefer Not Say,0.011846007,23
XGBoost,Australia,before_mandate,Before mandate,mask,Face mask wearing,Australia_before_mandate_mask,Australia - Before mandate - Face mask wearing,PHQ Worry: N/A,0.011790376,24
XGBoost,Australia,before_mandate,Before mandate,mask,Face mask wearing,Australia_before_mandate_mask,Australia - Before mandate - Face mask wearing,Employment: Part Time,0.011670841,25
XGBoost,Australia,before_mandate,Before mandate,mask,Face mask wearing,Australia_before_mandate_mask,Australia - Before mandate - Face mask wearing,PHQ Anxiety: Prefer Not Say,0.01141047,26
XGBoost,Australia,before_mandate,Before mandate,mask,Face mask wearing,Australia_before_mandate_mask,Australia - Before mandate - Face mask wearing,Confidence in the government: Low,0.011375176,27
XGBoost,Australia,before_mandate,Before mandate,mask,Face mask wearing,Australia_before_mandate_mask,Australia - Before mandate - Face mask wearing,PHQ Anxiety: N/A,0.0112673985,28
XGBoost,Australia,before_mandate,Before mandate,mask,Face mask wearing,Australia_before_mandate_mask,Australia - Before mandate - Face mask wearing,Gov Response: Somewhat Bad,0.011144985,29
XGBoost,Australia,before_mandate,Before mandate,mask,Face mask wearing,Australia_before_mandate_mask,Australia - Before mandate - Face mask wearing,Confidence in the government: Unknown,0.011035825,30
XGBoost,Australia,before_mandate,Before mandate,mask,Face mask wearing,Australia_before_mandate_mask,Australia - Before mandate - Face mask wearing,Employment: Unemployed,0.0104605295,31
XGBoost,Australia,before_mandate,Before mandate,mask,Face mask wearing,Australia_before_mandate_mask,Australia - Before mandate - Face mask wearing,Isolation Willingness: Very Unwilling,0.010448744,32
XGBoost,Australia,before_mandate,Before mandate,mask,Face mask wearing,Australia_before_mandate_mask,Australia - Before mandate - Face mask wearing,Confidence in the government: High,0.010359678,33
XGBoost,Australia,before_mandate,Before mandate,mask,Face mask wearing,Australia_before_mandate_mask,Australia - Before mandate - Face mask wearing,Symptom Isolation: Yes,0.010152576,34
XGBoost,Australia,before_mandate,Before mandate,mask,Face mask wearing,Australia_before_mandate_mask,Australia - Before mandate - Face mask wearing,Isolation Willingness: Somewhat Unwilling,0.010120374,35
XGBoost,Australia,before_mandate,Before mandate,mask,Face mask wearing,Australia_before_mandate_mask,Australia - Before mandate - Face mask wearing,PHQ Depressed: Daily,0.010033643,36
XGBoost,Australia,before_mandate,Before mandate,mask,Face mask wearing,Australia_before_mandate_mask,Australia - Before mandate - Face mask wearing,Gov Response: Very Good,0.009998698,37
XGBoost,Australia,before_mandate,Before mandate,mask,Face mask wearing,Australia_before_mandate_mask,Australia - Before mandate - Face mask wearing,Isolation Willingness: Somewhat Willing,0.009863277,38
XGBoost,Australia,before_mandate,Before mandate,mask,Face mask wearing,Australia_before_mandate_mask,Australia - Before mandate - Face mask wearing,PHQ Worry: Not At All,0.009753547,39
XGBoost,Australia,before_mandate,Before mandate,mask,Face mask wearing,Australia_before_mandate_mask,Australia - Before mandate - Face mask wearing,Isolation Willingness: Very Willing,0.009732969,40
XGBoost,Australia,before_mandate,Before mandate,mask,Face mask wearing,Australia_before_mandate_mask,Australia - Before mandate - Face mask wearing,Gov Response: Very Bad,0.009513358,41
XGBoost,Australia,before_mandate,Before mandate,mask,Face mask wearing,Australia_before_mandate_mask,Australia - Before mandate - Face mask wearing,Household Size,0.009370662,42
XGBoost,Australia,before_mandate,Before mandate,mask,Face mask wearing,Australia_before_mandate_mask,Australia - Before mandate - Face mask wearing,Comorbidity: No,0.009304004,43
XGBoost,Australia,before_mandate,Before mandate,mask,Face mask wearing,Australia_before_mandate_mask,Australia - Before mandate - Face mask wearing,PHQ Anxiety: Several Days,0.009051831,44
XGBoost,Australia,before_mandate,Before mandate,mask,Face mask wearing,Australia_before_mandate_mask,Australia - Before mandate - Face mask wearing,PHQ Worry: Daily,0.009010112,45
XGBoost,Australia,before_mandate,Before mandate,mask,Face mask wearing,Australia_before_mandate_mask,Australia - Before mandate - Face mask wearing,PHQ Low Interest: Daily,0.008925237,46
XGBoost,Australia,before_mandate,Before mandate,mask,Face mask wearing,Australia_before_mandate_mask,Australia - Before mandate - Face mask wearing,Confidence in the government: None,0.008828461,47
XGBoost,Australia,before_mandate,Before mandate,mask,Face mask wearing,Australia_before_mandate_mask,Australia - Before mandate - Face mask wearing,PHQ Anxiety: Not At All,0.008814963,48
XGBoost,Australia,before_mandate,Before mandate,mask,Face mask wearing,Australia_before_mandate_mask,Australia - Before mandate - Face mask wearing,PHQ Low Interest: N/A,0.00879791,49
XGBoost,Australia,before_mandate,Before mandate,mask,Face mask wearing,Australia_before_mandate_mask,Australia - Before mandate - Face mask wearing,PHQ Anxiety: Daily,0.008749553,50
XGBoost,Australia,before_mandate,Before mandate,mask,Face mask wearing,Australia_before_mandate_mask,Australia - Before mandate - Face mask wearing,PHQ Low Interest: Several Days,0.008480179,51
XGBoost,Australia,before_mandate,Before mandate,mask,Face mask wearing,Australia_before_mandate_mask,Australia - Before mandate - Face mask wearing,PHQ Worry: Several Days,0.00823278,52
XGBoost,Australia,before_mandate,Before mandate,mask,Face mask wearing,Australia_before_mandate_mask,Australia - Before mandate - Face mask wearing,Is a male?,0.007979679,53
XGBoost,Australia,before_mandate,Before mandate,mask,Face mask wearing,Australia_before_mandate_mask,Australia - Before mandate - Face mask wearing,Isolation Willingness: Unsure,0.007956396,54
XGBoost,Australia,before_mandate,Before mandate,mask,Face mask wearing,Australia_before_mandate_mask,Australia - Before mandate - Face mask wearing,PHQ Depressed: Several Days,0.007833183,55
XGBoost,Australia,before_mandate,Before mandate,mask,Face mask wearing,Australia_before_mandate_mask,Australia - Before mandate - Face mask wearing,PHQ Depressed: Not At All,0.0077886,56
XGBoost,Australia,before_mandate,Before mandate,mask,Face mask wearing,Australia_before_mandate_mask,Australia - Before mandate - Face mask wearing,PHQ Low Interest: Not At All,0.0077624433,57
XGBoost,Australia,before_mandate,Before mandate,mask,Face mask wearing,Australia_before_mandate_mask,Australia - Before mandate - Face mask wearing,Gov Response: Somewhat Good,0.0074097165,58
XGBoost,Australia,before_mandate,Before mandate,mask,Face mask wearing,Australia_before_mandate_mask,Australia - Before mandate - Face mask wearing,Comorbidity: Prefer Not Say,0.005979813,59
XGBoost,Australia,before_mandate,Before mandate,protective,Protective behaviour,Australia_before_mandate_protective,Australia - Before mandate - Protective behaviour,Physical contact count (with stranger),0.058972474,1
XGBoost,Australia,before_mandate,Before mandate,protective,Protective behaviour,Australia_before_mandate_protective,Australia - Before mandate - Protective behaviour,COVID Severity,0.05690044,2
XGBoost,Australia,before_mandate,Before mandate,protective,Protective behaviour,Australia_before_mandate_protective,Australia - Before mandate - Protective behaviour,State: Victoria,0.039812192,3
XGBoost,Australia,before_mandate,Before mandate,protective,Protective behaviour,Australia_before_mandate_protective,Australia - Before mandate - Protective behaviour,State: New South Wales,0.034934543,4
XGBoost,Australia,before_mandate,Before mandate,protective,Protective behaviour,Australia_before_mandate_protective,Australia - Before mandate - Protective behaviour,Symptom Isolation: Unsure,0.032410305,5
XGBoost,Australia,before_mandate,Before mandate,protective,Protective behaviour,Australia_before_mandate_protective,Australia - Before mandate - Protective behaviour,State: Western Australia,0.03157223,6
XGBoost,Australia,before_mandate,Before mandate,protective,Protective behaviour,Australia_before_mandate_protective,Australia - Before mandate - Protective behaviour,Isolation Willingness: Very Willing,0.030836696,7
XGBoost,Australia,before_mandate,Before mandate,protective,Protective behaviour,Australia_before_mandate_protective,Australia - Before mandate - Protective behaviour,Symptom Isolation: Yes,0.029108645,8
XGBoost,Australia,before_mandate,Before mandate,protective,Protective behaviour,Australia_before_mandate_protective,Australia - Before mandate - Protective behaviour,Isolation Willingness: Very Unwilling,0.023640502,9
XGBoost,Australia,before_mandate,Before mandate,protective,Protective behaviour,Australia_before_mandate_protective,Australia - Before mandate - Protective behaviour,PHQ Low Interest: Daily,0.019437259,10
XGBoost,Australia,before_mandate,Before mandate,protective,Protective behaviour,Australia_before_mandate_protective,Australia - Before mandate - Protective behaviour,Employment: Unemployed,0.018360151,11
XGBoost,Australia,before_mandate,Before mandate,protective,Protective behaviour,Australia_before_mandate_protective,Australia - Before mandate - Protective behaviour,Isolation Willingness: Neutral,0.018046118,12
XGBoost,Australia,before_mandate,Before mandate,protective,Protective behaviour,Australia_before_mandate_protective,Australia - Before mandate - Protective behaviour,Week,0.017986797,13
XGBoost,Australia,before_mandate,Before mandate,protective,Protective behaviour,Australia_before_mandate_protective,Australia - Before mandate - Protective behaviour,Isolation Willingness: Somewhat Unwilling,0.017438173,14
XGBoost,Australia,before_mandate,Before mandate,protective,Protective behaviour,Australia_before_mandate_protective,Australia - Before mandate - Protective behaviour,COVID Infection Risk,0.017437043,15
XGBoost,Australia,before_mandate,Before mandate,protective,Protective behaviour,Australia_before_mandate_protective,Australia - Before mandate - Protective behaviour,PHQ Anxiety: N/A,0.01665051,16
XGBoost,Australia,before_mandate,Before mandate,protective,Protective behaviour,Australia_before_mandate_protective,Australia - Before mandate - Protective behaviour,PHQ Depressed: N/A,0.01663844,17
XGBoost,Australia,before_mandate,Before mandate,protective,Protective behaviour,Australia_before_mandate_protective,Australia - Before mandate - Protective behaviour,PHQ Worry: Daily,0.015921084,18
XGBoost,Australia,before_mandate,Before mandate,protective,Protective behaviour,Australia_before_mandate_protective,Australia - Before mandate - Protective behaviour,Symptom Isolation: No,0.01567509,19
XGBoost,Australia,before_mandate,Before mandate,protective,Protective behaviour,Australia_before_mandate_protective,Australia - Before mandate - Protective behaviour,PHQ Depressed: Daily,0.015375359,20
XGBoost,Australia,before_mandate,Before mandate,protective,Protective behaviour,Australia_before_mandate_protective,Australia - Before mandate - Protective behaviour,Employment: Not Working,0.0152161755,21
XGBoost,Australia,before_mandate,Before mandate,protective,Protective behaviour,Australia_before_mandate_protective,Australia - Before mandate - Protective behaviour,Confidence in the government: Unknown,0.014571959,22
XGBoost,Australia,before_mandate,Before mandate,protective,Protective behaviour,Australia_before_mandate_protective,Australia - Before mandate - Protective behaviour,PHQ Anxiety: Daily,0.014362544,23
XGBoost,Australia,before_mandate,Before mandate,protective,Protective behaviour,Australia_before_mandate_protective,Australia - Before mandate - Protective behaviour,Isolation Willingness: Somewhat Willing,0.014282723,24
XGBoost,Australia,before_mandate,Before mandate,protective,Protective behaviour,Australia_before_mandate_protective,Australia - Before mandate - Protective behaviour,Age,0.013966587,25
XGBoost,Australia,before_mandate,Before mandate,protective,Protective behaviour,Australia_before_mandate_protective,Australia - Before mandate - Protective behaviour,PHQ Worry: N/A,0.013913055,26
XGBoost,Australia,before_mandate,Before mandate,protective,Protective behaviour,Australia_before_mandate_protective,Australia - Before mandate - Protective behaviour,State: South Australia,0.013782324,27
XGBoost,Australia,before_mandate,Before mandate,protective,Protective behaviour,Australia_before_mandate_protective,Australia - Before mandate - Protective behaviour,PHQ Depressed: Prefer Not Say,0.013571219,28
XGBoost,Australia,before_mandate,Before mandate,protective,Protective behaviour,Australia_before_mandate_protective,Australia - Before mandate - Protective behaviour,Gov Response: Very Bad,0.013563143,29
XGBoost,Australia,before_mandate,Before mandate,protective,Protective behaviour,Australia_before_mandate_protective,Australia - Before mandate - Protective behaviour,PHQ Worry: Several Days,0.013549125,30
XGBoost,Australia,before_mandate,Before mandate,protective,Protective behaviour,Australia_before_mandate_protective,Australia - Before mandate - Protective behaviour,PHQ Anxiety: Not At All,0.0134060895,31
XGBoost,Australia,before_mandate,Before mandate,protective,Protective behaviour,Australia_before_mandate_protective,Australia - Before mandate - Protective behaviour,Is a male?,0.013373371,32
XGBoost,Australia,before_mandate,Before mandate,protective,Protective behaviour,Australia_before_mandate_protective,Australia - Before mandate - Protective behaviour,Household Size,0.013315589,33
XGBoost,Australia,before_mandate,Before mandate,protective,Protective behaviour,Australia_before_mandate_protective,Australia - Before mandate - Protective behaviour,Comorbidity: No,0.013299552,34
XGBoost,Australia,before_mandate,Before mandate,protective,Protective behaviour,Australia_before_mandate_protective,Australia - Before mandate - Protective behaviour,PHQ Worry: Not At All,0.013286814,35
XGBoost,Australia,before_mandate,Before mandate,protective,Protective behaviour,Australia_before_mandate_protective,Australia - Before mandate - Protective behaviour,State: Tasmania,0.012981309,36
XGBoost,Australia,before_mandate,Before mandate,protective,Protective behaviour,Australia_before_mandate_protective,Australia - Before mandate - Protective behaviour,State: Northern Territory,0.012887768,37
XGBoost,Australia,before_mandate,Before mandate,protective,Protective behaviour,Australia_before_mandate_protective,Australia - Before mandate - Protective behaviour,State: Queensland,0.012780966,38
XGBoost,Australia,before_mandate,Before mandate,protective,Protective behaviour,Australia_before_mandate_protective,Australia - Before mandate - Protective behaviour,Gov Response: Somewhat Bad,0.012758013,39
XGBoost,Australia,before_mandate,Before mandate,protective,Protective behaviour,Australia_before_mandate_protective,Australia - Before mandate - Protective behaviour,Comorbidity: Prefer Not Say,0.012649531,40
XGBoost,Australia,before_mandate,Before mandate,protective,Protective behaviour,Australia_before_mandate_protective,Australia - Before mandate - Protective behaviour,PHQ Worry: Prefer Not Say,0.012415854,41
XGBoost,Australia,before_mandate,Before mandate,protective,Protective behaviour,Australia_before_mandate_protective,Australia - Before mandate - Protective behaviour,PHQ Depressed: Several Days,0.0123928515,42
XGBoost,Australia,before_mandate,Before mandate,protective,Protective behaviour,Australia_before_mandate_protective,Australia - Before mandate - Protective behaviour,Employment: Part Time,0.012364194,43
XGBoost,Australia,before_mandate,Before mandate,protective,Protective behaviour,Australia_before_mandate_protective,Australia - Before mandate - Protective behaviour,Isolation Willingness: Unsure,0.012184275,44
XGBoost,Australia,before_mandate,Before mandate,protective,Protective behaviour,Australia_before_mandate_protective,Australia - Before mandate - Protective behaviour,Confidence in the government: High,0.012129294,45
XGBoost,Australia,before_mandate,Before mandate,protective,Protective behaviour,Australia_before_mandate_protective,Australia - Before mandate - Protective behaviour,PHQ Low Interest: N/A,0.01197317,46
XGBoost,Australia,before_mandate,Before mandate,protective,Protective behaviour,Australia_before_mandate_protective,Australia - Before mandate - Protective behaviour,PHQ Low Interest: Several Days,0.011907398,47
XGBoost,Australia,before_mandate,Before mandate,protective,Protective behaviour,Australia_before_mandate_protective,Australia - Before mandate - Protective behaviour,PHQ Low Interest: Not At All,0.011517643,48
XGBoost,Australia,before_mandate,Before mandate,protective,Protective behaviour,Australia_before_mandate_protective,Australia - Before mandate - Protective behaviour,Confidence in the government: Low,0.011420552,49
XGBoost,Australia,before_mandate,Before mandate,protective,Protective behaviour,Australia_before_mandate_protective,Australia - Before mandate - Protective behaviour,Gov Response: Very Good,0.011017324,50
XGBoost,Australia,before_mandate,Before mandate,protective,Protective behaviour,Australia_before_mandate_protective,Australia - Before mandate - Protective behaviour,PHQ Anxiety: Prefer Not Say,0.011006597,51
XGBoost,Australia,before_mandate,Before mandate,protective,Protective behaviour,Australia_before_mandate_protective,Australia - Before mandate - Protective behaviour,Comorbidity: Yes,0.010894808,52
XGBoost,Australia,before_mandate,Before mandate,protective,Protective behaviour,Australia_before_mandate_protective,Australia - Before mandate - Protective behaviour,PHQ Depressed: Not At All,0.010704651,53
XGBoost,Australia,before_mandate,Before mandate,protective,Protective behaviour,Australia_before_mandate_protective,Australia - Before mandate - Protective behaviour,PHQ Anxiety: Several Days,0.01069035,54
XGBoost,Australia,before_mandate,Before mandate,protective,Protective behaviour,Australia_before_mandate_protective,Australia - Before mandate - Protective behaviour,Employment: Retired,0.010496369,55
XGBoost,Australia,before_mandate,Before mandate,protective,Protective behaviour,Australia_before_mandate_protective,Australia - Before mandate - Protective behaviour,Gov Response: Somewhat Good,0.010273953,56
XGBoost,Australia,before_mandate,Before mandate,protective,Protective behaviour,Australia_before_mandate_protective,Australia - Before mandate - Protective behaviour,PHQ Low Interest: Prefer Not Say,0.00914097,57
XGBoost,Australia,before_mandate,Before mandate,protective,Protective behaviour,Australia_before_mandate_protective,Australia - Before mandate - Protective behaviour,Confidence in the government: None,0.0087978095,58
XGBoost,Australia,after_mandate,After mandate,mask,Face mask wearing,Australia_after_mandate_mask,Australia - After mandate - Face mask wearing,Non-Mask Protective Behavior Score,0.12316697,1
XGBoost,Australia,after_mandate,After mandate,mask,Face mask wearing,Australia_after_mandate_mask,Australia - After mandate - Face mask wearing,State: Western Australia,0.122397326,2
XGBoost,Australia,after_mandate,After mandate,mask,Face mask wearing,Australia_after_mandate_mask,Australia - After mandate - Face mask wearing,State: Queensland,0.092872486,3
XGBoost,Australia,after_mandate,After mandate,mask,Face mask wearing,Australia_after_mandate_mask,Australia - After mandate - Face mask wearing,State: Victoria,0.08941507,4
XGBoost,Australia,after_mandate,After mandate,mask,Face mask wearing,Australia_after_mandate_mask,Australia - After mandate - Face mask wearing,State: Tasmania,0.07391871,5
XGBoost,Australia,after_mandate,After mandate,mask,Face mask wearing,Australia_after_mandate_mask,Australia - After mandate - Face mask wearing,State: New South Wales,0.05107098,6
XGBoost,Australia,after_mandate,After mandate,mask,Face mask wearing,Australia_after_mandate_mask,Australia - After mandate - Face mask wearing,State: South Australia,0.034979317,7
XGBoost,Australia,after_mandate,After mandate,mask,Face mask wearing,Australia_after_mandate_mask,Australia - After mandate - Face mask wearing,Isolation Willingness: Very Willing,0.028195377,8
XGBoost,Australia,after_mandate,After mandate,mask,Face mask wearing,Australia_after_mandate_mask,Australia - After mandate - Face mask wearing,Week,0.026519539,9
XGBoost,Australia,after_mandate,After mandate,mask,Face mask wearing,Australia_after_mandate_mask,Australia - After mandate - Face mask wearing,State: Northern Territory,0.025414627,10
XGBoost,Australia,after_mandate,After mandate,mask,Face mask wearing,Australia_after_mandate_mask,Australia - After mandate - Face mask wearing,Isolation Willingness: Very Unwilling,0.011842127,11
XGBoost,Australia,after_mandate,After mandate,mask,Face mask wearing,Australia_after_mandate_mask,Australia - After mandate - Face mask wearing,Symptom Isolation: Yes,0.011259334,12
XGBoost,Australia,after_mandate,After mandate,mask,Face mask wearing,Australia_after_mandate_mask,Australia - After mandate - Face mask wearing,Isolation Willingness: Neutral,0.010447964,13
XGBoost,Australia,after_mandate,After mandate,mask,Face mask wearing,Australia_after_mandate_mask,Australia - After mandate - Face mask wearing,PHQ Anxiety: N/A,0.009265414,14
XGBoost,Australia,after_mandate,After mandate,mask,Face mask wearing,Australia_after_mandate_mask,Australia - After mandate - Face mask wearing,Confidence in the government: None,0.009163678,15
XGBoost,Australia,after_mandate,After mandate,mask,Face mask wearing,Australia_after_mandate_mask,Australia - After mandate - Face mask wearing,COVID Severity,0.008663081,16
XGBoost,Australia,after_mandate,After mandate,mask,Face mask wearing,Australia_after_mandate_mask,Australia - After mandate - Face mask wearing,Confidence in the government: High,0.008587512,17
XGBoost,Australia,after_mandate,After mandate,mask,Face mask wearing,Australia_after_mandate_mask,Australia - After mandate - Face mask wearing,PHQ Depressed: N/A,0.008500659,18
XGBoost,Australia,after_mandate,After mandate,mask,Face mask wearing,Australia_after_mandate_mask,Australia - After mandate - Face mask wearing,PHQ Worry: N/A,0.00750859,19
XGBoost,Australia,after_mandate,After mandate,mask,Face mask wearing,Australia_after_mandate_mask,Australia - After mandate - Face mask wearing,Symptom Isolation: Unsure,0.0074830917,20
XGBoost,Australia,after_mandate,After mandate,mask,Face mask wearing,Australia_after_mandate_mask,Australia - After mandate - Face mask wearing,Gov Response: Very Good,0.007432176,21
XGBoost,Australia,after_mandate,After mandate,mask,Face mask wearing,Australia_after_mandate_mask,Australia - After mandate - Face mask wearing,COVID Infection Risk,0.0073912186,22
XGBoost,Australia,after_mandate,After mandate,mask,Face mask wearing,Australia_after_mandate_mask,Australia - After mandate - Face mask wearing,Employment: Not Working,0.0073899077,23
XGBoost,Australia,after_mandate,After mandate,mask,Face mask wearing,Australia_after_mandate_mask,Australia - After mandate - Face mask wearing,Isolation Willingness: Somewhat Willing,0.007380439,24
XGBoost,Australia,after_mandate,After mandate,mask,Face mask wearing,Australia_after_mandate_mask,Australia - After mandate - Face mask wearing,PHQ Depressed: Prefer Not Say,0.007321402,25
XGBoost,Australia,after_mandate,After mandate,mask,Face mask wearing,Australia_after_mandate_mask,Australia - After mandate - Face mask wearing,Isolation Willingness: Somewhat Unwilling,0.0072486377,26
XGBoost,Australia,after_mandate,After mandate,mask,Face mask wearing,Australia_after_mandate_mask,Australia - After mandate - Face mask wearing,Household Size,0.007170333,27
XGBoost,Australia,after_mandate,After mandate,mask,Face mask wearing,Australia_after_mandate_mask,Australia - After mandate - Face mask wearing,Age,0.0070774397,28
XGBoost,Australia,after_mandate,After mandate,mask,Face mask wearing,Australia_after_mandate_mask,Australia - After mandate - Face mask wearing,Gov Response: Very Bad,0.0069825184,29
XGBoost,Australia,after_mandate,After mandate,mask,Face mask wearing,Australia_after_mandate_mask,Australia - After mandate - Face mask wearing,Employment: Retired,0.0068385853,30
XGBoost,Australia,after_mandate,After mandate,mask,Face mask wearing,Australia_after_mandate_mask,Australia - After mandate - Face mask wearing,Physical contact count (with stranger),0.00648723,31
XGBoost,Australia,after_mandate,After mandate,mask,Face mask wearing,Australia_after_mandate_mask,Australia - After mandate - Face mask wearing,Employment: Unemployed,0.0064290026,32
XGBoost,Australia,after_mandate,After mandate,mask,Face mask wearing,Australia_after_mandate_mask,Australia - After mandate - Face mask wearing,PHQ Depressed: Daily,0.0064105415,33
XGBoost,Australia,after_mandate,After mandate,mask,Face mask wearing,Australia_after_mandate_mask,Australia - After mandate - Face mask wearing,Is a male?,0.0063333306,34
XGBoost,Australia,after_mandate,After mandate,mask,Face mask wearing,Australia_after_mandate_mask,Australia - After mandate - Face mask wearing,Comorbidity: Prefer Not Say,0.00629437,35
XGBoost,Australia,after_mandate,After mandate,mask,Face mask wearing,Australia_after_mandate_mask,Australia - After mandate - Face mask wearing,PHQ Depressed: Not At All,0.006254718,36
XGBoost,Australia,after_mandate,After mandate,mask,Face mask wearing,Australia_after_mandate_mask,Australia - After mandate - Face mask wearing,Isolation Willingness: Unsure,0.0061936704,37
XGBoost,Australia,after_mandate,After mandate,mask,Face mask wearing,Australia_after_mandate_mask,Australia - After mandate - Face mask wearing,PHQ Worry: Not At All,0.006178692,38
XGBoost,Australia,after_mandate,After mandate,mask,Face mask wearing,Australia_after_mandate_mask,Australia - After mandate - Face mask wearing,Symptom Isolation: No,0.0060640187,39
XGBoost,Australia,after_mandate,After mandate,mask,Face mask wearing,Australia_after_mandate_mask,Australia - After mandate - Face mask wearing,Gov Response: Somewhat Good,0.0059340363,40
XGBoost,Australia,after_mandate,After mandate,mask,Face mask wearing,Australia_after_mandate_mask,Australia - After mandate - Face mask wearing,Gov Response: Somewhat Bad,0.0059338454,41
XGBoost,Australia,after_mandate,After mandate,mask,Face mask wearing,Australia_after_mandate_mask,Australia - After mandate - Face mask wearing,PHQ Anxiety: Several Days,0.0059154783,42
XGBoost,Australia,after_mandate,After mandate,mask,Face mask wearing,Australia_after_mandate_mask,Australia - After mandate - Face mask wearing,Comorbidity: Yes,0.0059125912,43
XGBoost,Australia,after_mandate,After mandate,mask,Face mask wearing,Australia_after_mandate_mask,Australia - After mandate - Face mask wearing,Confidence in the government: Low,0.0059104967,44
XGBoost,Australia,after_mandate,After mandate,mask,Face mask wearing,Australia_after_mandate_mask,Australia - After mandate - Face mask wearing,PHQ Low Interest: Prefer Not Say,0.0058584614,45
XGBoost,Australia,after_mandate,After mandate,mask,Face mask wearing,Australia_after_mandate_mask,Australia - After mandate - Face mask wearing,PHQ Depressed: Several Days,0.0057905335,46
XGBoost,Australia,after_mandate,After mandate,mask,Face mask wearing,Australia_after_mandate_mask,Australia - After mandate - Face mask wearing,PHQ Low Interest: Several Days,0.0057570813,47
XGBoost,Australia,after_mandate,After mandate,mask,Face mask wearing,Australia_after_mandate_mask,Australia - After mandate - Face mask wearing,PHQ Low Interest: Daily,0.0057562664,48
XGBoost,Australia,after_mandate,After mandate,mask,Face mask wearing,Australia_after_mandate_mask,Australia - After mandate - Face mask wearing,Confidence in the government: Unknown,0.0057315202,49
XGBoost,Australia,after_mandate,After mandate,mask,Face mask wearing,Australia_after_mandate_mask,Australia - After mandate - Face mask wearing,Employment: Part Time,0.0056904578,50
XGBoost,Australia,after_mandate,After mandate,mask,Face mask wearing,Australia_after_mandate_mask,Australia - After mandate - Face mask wearing,PHQ Low Interest: N/A,0.005422588,51
XGBoost,Australia,after_mandate,After mandate,mask,Face mask wearing,Australia_after_mandate_mask,Australia - After mandate - Face mask wearing,Comorbidity: No,0.005410787,52
XGBoost,Australia,after_mandate,After mandate,mask,Face mask wearing,Australia_after_mandate_mask,Australia - After mandate - Face mask wearing,PHQ Anxiety: Not At All,0.0053433385,53
XGBoost,Australia,after_mandate,After mandate,mask,Face mask wearing,Australia_after_mandate_mask,Australia - After mandate - Face mask wearing,PHQ Low Interest: Not At All,0.005169522,54
XGBoost,Australia,after_mandate,After mandate,mask,Face mask wearing,Australia_after_mandate_mask,Australia - After mandate - Face mask wearing,PHQ Worry: Daily,0.005151799,55
XGBoost,Australia,after_mandate,After mandate,mask,Face mask wearing,Australia_after_mandate_mask,Australia - After mandate - Face mask wearing,PHQ Worry: Several Days,0.0050549535,56
XGBoost,Australia,after_mandate,After mandate,mask,Face mask wearing,Australia_after_mandate_mask,Australia - After mandate - Face mask wearing,PHQ Anxiety: Daily,0.004943105,57
XGBoost,Australia,after_mandate,After mandate,mask,Face mask wearing,Australia_after_mandate_mask,Australia - After mandate - Face mask wearing,PHQ Anxiety: Prefer Not Say,0.004906601,58
XGBoost,Australia,after_mandate,After mandate,mask,Face mask wearing,Australia_after_mandate_mask,Australia - After mandate - Face mask wearing,PHQ Worry: Prefer Not Say,0.0048564384,59
XGBoost,Australia,after_mandate,After mandate,protective,Protective behaviour,Australia_after_mandate_protective,Australia - After mandate - Protective behaviour,Isolation Willingness: Very Willing,0.08774853,1
XGBoost,Australia,after_mandate,After mandate,protective,Protective behaviour,Australia_after_mandate_protective,Australia - After mandate - Protective behaviour,State: Western Australia,0.060371574,2
XGBoost,Australia,after_mandate,After mandate,protective,Protective behaviour,Australia_after_mandate_protective,Australia - After mandate - Protective behaviour,COVID Severity,0.044505645,3
XGBoost,Australia,after_mandate,After mandate,protective,Protective behaviour,Australia_after_mandate_protective,Australia - After mandate - Protective behaviour,Physical contact count (with stranger),0.039352614,4
XGBoost,Australia,after_mandate,After mandate,protective,Protective behaviour,Australia_after_mandate_protective,Australia - After mandate - Protective behaviour,State: Queensland,0.03519401,5
XGBoost,Australia,after_mandate,After mandate,protective,Protective behaviour,Australia_after_mandate_protective,Australia - After mandate - Protective behaviour,State: Tasmania,0.03487094,6
XGBoost,Australia,after_mandate,After mandate,protective,Protective behaviour,Australia_after_mandate_protective,Australia - After mandate - Protective behaviour,State: New South Wales,0.03355287,7
XGBoost,Australia,after_mandate,After mandate,protective,Protective behaviour,Australia_after_mandate_protective,Australia - After mandate - Protective behaviour,State: Victoria,0.02889956,8
XGBoost,Australia,after_mandate,After mandate,protective,Protective behaviour,Australia_after_mandate_protective,Australia - After mandate - Protective behaviour,Isolation Willingness: Very Unwilling,0.025331626,9
XGBoost,Australia,after_mandate,After mandate,protective,Protective behaviour,Australia_after_mandate_protective,Australia - After mandate - Protective behaviour,Symptom Isolation: Yes,0.025239326,10
XGBoost,Australia,after_mandate,After mandate,protective,Protective behaviour,Australia_after_mandate_protective,Australia - After mandate - Protective behaviour,Week,0.024204781,11
XGBoost,Australia,after_mandate,After mandate,protective,Protective behaviour,Australia_after_mandate_protective,Australia - After mandate - Protective behaviour,Symptom Isolation: Unsure,0.020323938,12
XGBoost,Australia,after_mandate,After mandate,protective,Protective behaviour,Australia_after_mandate_protective,Australia - After mandate - Protective behaviour,State: Northern Territory,0.01833883,13
XGBoost,Australia,after_mandate,After mandate,protective,Protective behaviour,Australia_after_mandate_protective,Australia - After mandate - Protective behaviour,Isolation Willingness: Somewhat Willing,0.017269049,14
XGBoost,Australia,after_mandate,After mandate,protective,Protective behaviour,Australia_after_mandate_protective,Australia - After mandate - Protective behaviour,State: South Australia,0.015622807,15
XGBoost,Australia,after_mandate,After mandate,protective,Protective behaviour,Australia_after_mandate_protective,Australia - After mandate - Protective behaviour,PHQ Low Interest: Prefer Not Say,0.01499526,16
XGBoost,Australia,after_mandate,After mandate,protective,Protective behaviour,Australia_after_mandate_protective,Australia - After mandate - Protective behaviour,Isolation Willingness: Neutral,0.014757788,17
XGBoost,Australia,after_mandate,After mandate,protective,Protective behaviour,Australia_after_mandate_protective,Australia - After mandate - Protective behaviour,Comorbidity: Prefer Not Say,0.013855677,18
XGBoost,Australia,after_mandate,After mandate,protective,Protective behaviour,Australia_after_mandate_protective,Australia - After mandate - Protective behaviour,Gov Response: Very Good,0.013477959,19
XGBoost,Australia,after_mandate,After mandate,protective,Protective behaviour,Australia_after_mandate_protective,Australia - After mandate - Protective behaviour,Isolation Willingness: Somewhat Unwilling,0.013392226,20
XGBoost,Australia,after_mandate,After mandate,protective,Protective behaviour,Australia_after_mandate_protective,Australia - After mandate - Protective behaviour,PHQ Worry: N/A,0.013284933,21
XGBoost,Australia,after_mandate,After mandate,protective,Protective behaviour,Australia_after_mandate_protective,Australia - After mandate - Protective behaviour,Age,0.012780525,22
XGBoost,Australia,after_mandate,After mandate,protective,Protective behaviour,Australia_after_mandate_protective,Australia - After mandate - Protective behaviour,COVID Infection Risk,0.012589716,23
XGBoost,Australia,after_mandate,After mandate,protective,Protective behaviour,Australia_after_mandate_protective,Australia - After mandate - Protective behaviour,Employment: Retired,0.012352007,24
XGBoost,Australia,after_mandate,After mandate,protective,Protective behaviour,Australia_after_mandate_protective,Australia - After mandate - Protective behaviour,Employment: Not Working,0.012349772,25
XGBoost,Australia,after_mandate,After mandate,protective,Protective behaviour,Australia_after_mandate_protective,Australia - After mandate - Protective behaviour,PHQ Low Interest: Daily,0.0122767575,26
XGBoost,Australia,after_mandate,After mandate,protective,Protective behaviour,Australia_after_mandate_protective,Australia - After mandate - Protective behaviour,Confidence in the government: High,0.011952804,27
XGBoost,Australia,after_mandate,After mandate,protective,Protective behaviour,Australia_after_mandate_protective,Australia - After mandate - Protective behaviour,PHQ Low Interest: Not At All,0.011693396,28
XGBoost,Australia,after_mandate,After mandate,protective,Protective behaviour,Australia_after_mandate_protective,Australia - After mandate - Protective behaviour,Is a male?,0.0115893185,29
XGBoost,Australia,after_mandate,After mandate,protective,Protective behaviour,Australia_after_mandate_protective,Australia - After mandate - Protective behaviour,PHQ Anxiety: N/A,0.011573639,30
XGBoost,Australia,after_mandate,After mandate,protective,Protective behaviour,Australia_after_mandate_protective,Australia - After mandate - Protective behaviour,Gov Response: Somewhat Bad,0.011547569,31
XGBoost,Australia,after_mandate,After mandate,protective,Protective behaviour,Australia_after_mandate_protective,Australia - After mandate - Protective behaviour,Symptom Isolation: No,0.011530449,32
XGBoost,Australia,after_mandate,After mandate,protective,Protective behaviour,Australia_after_mandate_protective,Australia - After mandate - Protective behaviour,PHQ Depressed: Daily,0.011517061,33
XGBoost,Australia,after_mandate,After mandate,protective,Protective behaviour,Australia_after_mandate_protective,Australia - After mandate - Protective behaviour,Comorbidity: Yes,0.011296958,34
XGBoost,Australia,after_mandate,After mandate,protective,Protective behaviour,Australia_after_mandate_protective,Australia - After mandate - Protective behaviour,Gov Response: Very Bad,0.011252533,35
XGBoost,Australia,after_mandate,After mandate,protective,Protective behaviour,Australia_after_mandate_protective,Australia - After mandate - Protective behaviour,Employment: Unemployed,0.011224517,36
XGBoost,Australia,after_mandate,After mandate,protective,Protective behaviour,Australia_after_mandate_protective,Australia - After mandate - Protective behaviour,Confidence in the government: None,0.011118535,37
XGBoost,Australia,after_mandate,After mandate,protective,Protective behaviour,Australia_after_mandate_protective,Australia - After mandate - Protective behaviour,PHQ Depressed: N/A,0.011085041,38
XGBoost,Australia,after_mandate,After mandate,protective,Protective behaviour,Australia_after_mandate_protective,Australia - After mandate - Protective behaviour,PHQ Worry: Daily,0.011023691,39
XGBoost,Australia,after_mandate,After mandate,protective,Protective behaviour,Australia_after_mandate_protective,Australia - After mandate - Protective behaviour,PHQ Anxiety: Daily,0.010971087,40
XGBoost,Australia,after_mandate,After mandate,protective,Protective behaviour,Australia_after_mandate_protective,Australia - After mandate - Protective behaviour,PHQ Anxiety: Several Days,0.010904879,41
XGBoost,Australia,after_mandate,After mandate,protective,Protective behaviour,Australia_after_mandate_protective,Australia - After mandate - Protective behaviour,Employment: Part Time,0.01089364,42
XGBoost,Australia,after_mandate,After mandate,protective,Protective behaviour,Australia_after_mandate_protective,Australia - After mandate - Protective behaviour,Household Size,0.010880906,43
XGBoost,Australia,after_mandate,After mandate,protective,Protective behaviour,Australia_after_mandate_protective,Australia - After mandate - Protective behaviour,PHQ Worry: Not At All,0.010855837,44
XGBoost,Australia,after_mandate,After mandate,protective,Protective behaviour,Australia_after_mandate_protective,Australia - After mandate - Protective behaviour,PHQ Depressed: Prefer Not Say,0.010797841,45
XGBoost,Australia,after_mandate,After mandate,protective,Protective behaviour,Australia_after_mandate_protective,Australia - After mandate - Protective behaviour,PHQ Worry: Prefer Not Say,0.01079241,46
XGBoost,Australia,after_mandate,After mandate,protective,Protective behaviour,Australia_after_mandate_protective,Australia - After mandate - Protective behaviour,Confidence in the government: Low,0.010781117,47
XGBoost,Australia,after_mandate,After mandate,protective,Protective behaviour,Australia_after_mandate_protective,Australia - After mandate - Protective behaviour,PHQ Anxiety: Not At All,0.010665906,48
XGBoost,Australia,after_mandate,After mandate,protective,Protective behaviour,Australia_after_mandate_protective,Australia - After mandate - Protective behaviour,Gov Response: Somewhat Good,0.010616477,49
XGBoost,Australia,after_mandate,After mandate,protective,Protective behaviour,Australia_after_mandate_protective,Australia - After mandate - Protective behaviour,Confidence in the government: Unknown,0.010438515,50
XGBoost,Australia,after_mandate,After mandate,protective,Protective behaviour,Australia_after_mandate_protective,Australia - After mandate - Protective behaviour,PHQ Depressed: Not At All,0.010423239,51
XGBoost,Australia,after_mandate,After mandate,protective,Protective behaviour,Australia_after_mandate_protective,Australia - After mandate - Protective behaviour,PHQ Low Interest: Several Days,0.010331103,52
XGBoost,Australia,after_mandate,After mandate,protective,Protective behaviour,Australia_after_mandate_protective,Australia - After mandate - Protective behaviour,Comorbidity: No,0.010059264,53
XGBoost,Australia,after_mandate,After mandate,protective,Protective behaviour,Australia_after_mandate_protective,Australia - After mandate - Protective behaviour,PHQ Depressed: Several Days,0.009958345,54
XGBoost,Australia,after_mandate,After mandate,protective,Protective behaviour,Australia_after_mandate_protective,Australia - After mandate - Protective behaviour,PHQ Worry: Several Days,0.00955114,55
XGBoost,Australia,after_mandate,After mandate,protective,Protective behaviour,Australia_after_mandate_protective,Australia - After mandate - Protective behaviour,PHQ Low Interest: N/A,0.009075779,56
XGBoost,Australia,after_mandate,After mandate,protective,Protective behaviour,Australia_after_mandate_protective,Australia - After mandate - Protective behaviour,Isolation Willingness: Unsure,0.008677441,57
XGBoost,Australia,after_mandate,After mandate,protective,Protective behaviour,Australia_after_mandate_protective,Australia - After mandate - Protective behaviour,PHQ Anxiety: Prefer Not Say,0.007980874,58
XGBoost,Brazil,before_mandate,Before mandate,mask,Face mask wearing,Brazil_before_mandate_mask,Brazil - Before mandate - Face mask wearing,PHQ Anxiety: N/A,0.10969543,1
XGBoost,Brazil,before_mandate,Before mandate,mask,Face mask wearing,Brazil_before_mandate_mask,Brazil - Before mandate - Face mask wearing,PHQ Low Interest: N/A,0.10872981,2
XGBoost,Brazil,before_mandate,Before mandate,mask,Face mask wearing,Brazil_before_mandate_mask,Brazil - Before mandate - Face mask wearing,PHQ Depressed: N/A,0.10544979,3
XGBoost,Brazil,before_mandate,Before mandate,mask,Face mask wearing,Brazil_before_mandate_mask,Brazil - Before mandate - Face mask wearing,COVID Fear: N/A,0.10033398,4
XGBoost,Brazil,before_mandate,Before mandate,mask,Face mask wearing,Brazil_before_mandate_mask,Brazil - Before mandate - Face mask wearing,Confidence in the government: N/A,0.06648834,5
XGBoost,Brazil,before_mandate,Before mandate,mask,Face mask wearing,Brazil_before_mandate_mask,Brazil - Before mandate - Face mask wearing,Week,0.048268322,6
XGBoost,Brazil,before_mandate,Before mandate,mask,Face mask wearing,Brazil_before_mandate_mask,Brazil - Before mandate - Face mask wearing,PHQ Worry: N/A,0.028274985,7
XGBoost,Brazil,before_mandate,Before mandate,mask,Face mask wearing,Brazil_before_mandate_mask,Brazil - Before mandate - Face mask wearing,Non-Mask Protective Behavior Score,0.015703546,8
XGBoost,Brazil,before_mandate,Before mandate,mask,Face mask wearing,Brazil_before_mandate_mask,Brazil - Before mandate - Face mask wearing,COVID Fear: Very Scared,0.01354258,9
XGBoost,Brazil,before_mandate,Before mandate,mask,Face mask wearing,Brazil_before_mandate_mask,Brazil - Before mandate - Face mask wearing,COVID Test: Not done,0.011983835,10
XGBoost,Brazil,before_mandate,Before mandate,mask,Face mask wearing,Brazil_before_mandate_mask,Brazil - Before mandate - Face mask wearing,State: Sergipe,0.011789623,11
XGBoost,Brazil,before_mandate,Before mandate,mask,Face mask wearing,Brazil_before_mandate_mask,Brazil - Before mandate - Face mask wearing,COVID Test: Negative,0.0117780715,12
XGBoost,Brazil,before_mandate,Before mandate,mask,Face mask wearing,Brazil_before_mandate_mask,Brazil - Before mandate - Face mask wearing,Household COVID Test: Not done,0.010980823,13
XGBoost,Brazil,before_mandate,Before mandate,mask,Face mask wearing,Brazil_before_mandate_mask,Brazil - Before mandate - Face mask wearing,Handwashing Count,0.009842762,14
XGBoost,Brazil,before_mandate,Before mandate,mask,Face mask wearing,Brazil_before_mandate_mask,Brazil - Before mandate - Face mask wearing,PHQ Depressed: Not At All,0.009732255,15
XGBoost,Brazil,before_mandate,Before mandate,mask,Face mask wearing,Brazil_before_mandate_mask,Brazil - Before mandate - Face mask wearing,COVID Fear: Not Scared,0.009015152,16
XGBoost,Brazil,before_mandate,Before mandate,mask,Face mask wearing,Brazil_before_mandate_mask,Brazil - Before mandate - Face mask wearing,PHQ Low Interest: Not At All,0.00900161,17
XGBoost,Brazil,before_mandate,Before mandate,mask,Face mask wearing,Brazil_before_mandate_mask,Brazil - Before mandate - Face mask wearing,COVID Fear: Fairly Scared,0.008783362,18
XGBoost,Brazil,before_mandate,Before mandate,mask,Face mask wearing,Brazil_before_mandate_mask,Brazil - Before mandate - Face mask wearing,No Symptoms: Yes,0.007660343,19
XGBoost,Brazil,before_mandate,Before mandate,mask,Face mask wearing,Brazil_before_mandate_mask,Brazil - Before mandate - Face mask wearing,Physical contact count (with stranger),0.007612483,20
XGBoost,Brazil,before_mandate,Before mandate,mask,Face mask wearing,Brazil_before_mandate_mask,Brazil - Before mandate - Face mask wearing,Fever: Yes,0.007597597,21
XGBoost,Brazil,before_mandate,Before mandate,mask,Face mask wearing,Brazil_before_mandate_mask,Brazil - Before mandate - Face mask wearing,State: Parana,0.007242235,22
XGBoost,Brazil,before_mandate,Before mandate,mask,Face mask wearing,Brazil_before_mandate_mask,Brazil - Before mandate - Face mask wearing,Employment: Unemployed,0.0072249435,23
XGBoost,Brazil,before_mandate,Before mandate,mask,Face mask wearing,Brazil_before_mandate_mask,Brazil - Before mandate - Face mask wearing,Employment: Student,0.007188197,24
XGBoost,Brazil,before_mandate,Before mandate,mask,Face mask wearing,Brazil_before_mandate_mask,Brazil - Before mandate - Face mask wearing,Isolation Ease: Somewhat Difficult,0.0070707495,25
XGBoost,Brazil,before_mandate,Before mandate,mask,Face mask wearing,Brazil_before_mandate_mask,Brazil - Before mandate - Face mask wearing,Isolation Willingness: Somewhat Willing,0.0069625173,26
XGBoost,Brazil,before_mandate,Before mandate,mask,Face mask wearing,Brazil_before_mandate_mask,Brazil - Before mandate - Face mask wearing,Loss of Smell: No,0.006849291,27
XGBoost,Brazil,before_mandate,Before mandate,mask,Face mask wearing,Brazil_before_mandate_mask,Brazil - Before mandate - Face mask wearing,Symptom Isolation: No,0.0067942487,28
XGBoost,Brazil,before_mandate,Before mandate,mask,Face mask wearing,Brazil_before_mandate_mask,Brazil - Before mandate - Face mask wearing,Employment: Part Time,0.0066269343,29
XGBoost,Brazil,before_mandate,Before mandate,mask,Face mask wearing,Brazil_before_mandate_mask,Brazil - Before mandate - Face mask wearing,State: Sao Paulo,0.006353756,30
XGBoost,Brazil,before_mandate,Before mandate,mask,Face mask wearing,Brazil_before_mandate_mask,Brazil - Before mandate - Face mask wearing,COVID Fear: Slightly Scared,0.0062752673,31
XGBoost,Brazil,before_mandate,Before mandate,mask,Face mask wearing,Brazil_before_mandate_mask,Brazil - Before mandate - Face mask wearing,Loss of Smell: Yes,0.006143612,32
XGBoost,Brazil,before_mandate,Before mandate,mask,Face mask wearing,Brazil_before_mandate_mask,Brazil - Before mandate - Face mask wearing,Age,0.006102376,33
XGBoost,Brazil,before_mandate,Before mandate,mask,Face mask wearing,Brazil_before_mandate_mask,Brazil - Before mandate - Face mask wearing,Employment: Retired,0.0059762914,34
XGBoost,Brazil,before_mandate,Before mandate,mask,Face mask wearing,Brazil_before_mandate_mask,Brazil - Before mandate - Face mask wearing,Shortness of Breath: Yes,0.0057643177,35
XGBoost,Brazil,before_mandate,Before mandate,mask,Face mask wearing,Brazil_before_mandate_mask,Brazil - Before mandate - Face mask wearing,PHQ Anxiety: Not At All,0.005737067,36
XGBoost,Brazil,before_mandate,Before mandate,mask,Face mask wearing,Brazil_before_mandate_mask,Brazil - Before mandate - Face mask wearing,Shortness of Breath: No,0.005709571,37
XGBoost,Brazil,before_mandate,Before mandate,mask,Face mask wearing,Brazil_before_mandate_mask,Brazil - Before mandate - Face mask wearing,Loss of Taste: Yes,0.005675657,38
XGBoost,Brazil,before_mandate,Before mandate,mask,Face mask wearing,Brazil_before_mandate_mask,Brazil - Before mandate - Face mask wearing,No Symptoms: No,0.005611813,39
XGBoost,Brazil,before_mandate,Before mandate,mask,Face mask wearing,Brazil_before_mandate_mask,Brazil - Before mandate - Face mask wearing,Physical contact count (with family),0.005608568,40
XGBoost,Brazil,before_mandate,Before mandate,mask,Face mask wearing,Brazil_before_mandate_mask,Brazil - Before mandate - Face mask wearing,State: Rio Grande do Norte,0.005543496,41
XGBoost,Brazil,before_mandate,Before mandate,mask,Face mask wearing,Brazil_before_mandate_mask,Brazil - Before mandate - Face mask wearing,State: Ceara,0.005436219,42
XGBoost,Brazil,before_mandate,Before mandate,mask,Face mask wearing,Brazil_before_mandate_mask,Brazil - Before mandate - Face mask wearing,Happiness Change: Somewhat More,0.0053218706,43
XGBoost,Brazil,before_mandate,Before mandate,mask,Face mask wearing,Brazil_before_mandate_mask,Brazil - Before mandate - Face mask wearing,PHQ Low Interest: Daily,0.00529249,44
XGBoost,Brazil,before_mandate,Before mandate,mask,Face mask wearing,Brazil_before_mandate_mask,Brazil - Before mandate - Face mask wearing,Happiness Change: Somewhat Less,0.0052749636,45
XGBoost,Brazil,before_mandate,Before mandate,mask,Face mask wearing,Brazil_before_mandate_mask,Brazil - Before mandate - Face mask wearing,State: Rio de Janeiro,0.005258108,46
XGBoost,Brazil,before_mandate,Before mandate,mask,Face mask wearing,Brazil_before_mandate_mask,Brazil - Before mandate - Face mask wearing,State: Santa Catarina,0.0052471254,47
XGBoost,Brazil,before_mandate,Before mandate,mask,Face mask wearing,Brazil_before_mandate_mask,Brazil - Before mandate - Face mask wearing,Employment: Other,0.005221052,48
XGBoost,Brazil,before_mandate,Before mandate,mask,Face mask wearing,Brazil_before_mandate_mask,Brazil - Before mandate - Face mask wearing,Isolation Ease: Neutral,0.0051871603,49
XGBoost,Brazil,before_mandate,Before mandate,mask,Face mask wearing,Brazil_before_mandate_mask,Brazil - Before mandate - Face mask wearing,Isolation Willingness: Neutral,0.005126825,50
XGBoost,Brazil,before_mandate,Before mandate,mask,Face mask wearing,Brazil_before_mandate_mask,Brazil - Before mandate - Face mask wearing,Outings count,0.004982316,51
XGBoost,Brazil,before_mandate,Before mandate,mask,Face mask wearing,Brazil_before_mandate_mask,Brazil - Before mandate - Face mask wearing,Household Size,0.0049145636,52
XGBoost,Brazil,before_mandate,Before mandate,mask,Face mask wearing,Brazil_before_mandate_mask,Brazil - Before mandate - Face mask wearing,Isolation Willingness: Somewhat Unwilling,0.004899098,53
XGBoost,Brazil,before_mandate,Before mandate,mask,Face mask wearing,Brazil_before_mandate_mask,Brazil - Before mandate - Face mask wearing,Isolation Ease: Somewhat Easy,0.0048781126,54
XGBoost,Brazil,before_mandate,Before mandate,mask,Face mask wearing,Brazil_before_mandate_mask,Brazil - Before mandate - Face mask wearing,Dry Cough: Yes,0.0048461664,55
XGBoost,Brazil,before_mandate,Before mandate,mask,Face mask wearing,Brazil_before_mandate_mask,Brazil - Before mandate - Face mask wearing,Confidence in the government: None,0.0048077274,56
XGBoost,Brazil,before_mandate,Before mandate,mask,Face mask wearing,Brazil_before_mandate_mask,Brazil - Before mandate - Face mask wearing,PHQ Low Interest: Several Days,0.004807464,57
XGBoost,Brazil,before_mandate,Before mandate,mask,Face mask wearing,Brazil_before_mandate_mask,Brazil - Before mandate - Face mask wearing,Isolation Ease: Very Difficult,0.004779449,58
XGBoost,Brazil,before_mandate,Before mandate,mask,Face mask wearing,Brazil_before_mandate_mask,Brazil - Before mandate - Face mask wearing,Fever: No,0.0047478974,59
XGBoost,Brazil,before_mandate,Before mandate,mask,Face mask wearing,Brazil_before_mandate_mask,Brazil - Before mandate - Face mask wearing,Happiness Change: Much Less,0.0047209137,60
XGBoost,Brazil,before_mandate,Before mandate,mask,Face mask wearing,Brazil_before_mandate_mask,Brazil - Before mandate - Face mask wearing,PHQ Worry: Not At All,0.004704542,61
XGBoost,Brazil,before_mandate,Before mandate,mask,Face mask wearing,Brazil_before_mandate_mask,Brazil - Before mandate - Face mask wearing,State: Rio Grande do Sul,0.0044393684,62
XGBoost,Brazil,before_mandate,Before mandate,mask,Face mask wearing,Brazil_before_mandate_mask,Brazil - Before mandate - Face mask wearing,Household COVID Test: Negative,0.004422068,63
XGBoost,Brazil,before_mandate,Before mandate,mask,Face mask wearing,Brazil_before_mandate_mask,Brazil - Before mandate - Face mask wearing,Comorbidity: Yes,0.0043895505,64
XGBoost,Brazil,before_mandate,Before mandate,mask,Face mask wearing,Brazil_before_mandate_mask,Brazil - Before mandate - Face mask wearing,State: Espirito Santo,0.004389492,65
XGBoost,Brazil,before_mandate,Before mandate,mask,Face mask wearing,Brazil_before_mandate_mask,Brazil - Before mandate - Face mask wearing,PHQ Anxiety: Several Days,0.0043070638,66
XGBoost,Brazil,before_mandate,Before mandate,mask,Face mask wearing,Brazil_before_mandate_mask,Brazil - Before mandate - Face mask wearing,Symptom Isolation: Yes,0.004240002,67
XGBoost,Brazil,before_mandate,Before mandate,mask,Face mask wearing,Brazil_before_mandate_mask,Brazil - Before mandate - Face mask wearing,Isolation Willingness: Very Willing,0.004206345,68
XGBoost,Brazil,before_mandate,Before mandate,mask,Face mask wearing,Brazil_before_mandate_mask,Brazil - Before mandate - Face mask wearing,Loss of Taste: No,0.0041671195,69
XGBoost,Brazil,before_mandate,Before mandate,mask,Face mask wearing,Brazil_before_mandate_mask,Brazil - Before mandate - Face mask wearing,PHQ Depressed: Several Days,0.003615316,70
XGBoost,Brazil,before_mandate,Before mandate,mask,Face mask wearing,Brazil_before_mandate_mask,Brazil - Before mandate - Face mask wearing,PHQ Anxiety: Daily,0.0035751616,71
XGBoost,Brazil,before_mandate,Before mandate,mask,Face mask wearing,Brazil_before_mandate_mask,Brazil - Before mandate - Face mask wearing,State: Bahia,0.0035509143,72
XGBoost,Brazil,before_mandate,Before mandate,mask,Face mask wearing,Brazil_before_mandate_mask,Brazil - Before mandate - Face mask wearing,Is a male?,0.003301026,73
XGBoost,Brazil,before_mandate,Before mandate,mask,Face mask wearing,Brazil_before_mandate_mask,Brazil - Before mandate - Face mask wearing,Isolation Ease: Very Easy,0.003256429,74
XGBoost,Brazil,before_mandate,Before mandate,mask,Face mask wearing,Brazil_before_mandate_mask,Brazil - Before mandate - Face mask wearing,State: Minas Gerais,0.0032182273,75
XGBoost,Brazil,before_mandate,Before mandate,mask,Face mask wearing,Brazil_before_mandate_mask,Brazil - Before mandate - Face mask wearing,Dry Cough: No,0.003060949,76
XGBoost,Brazil,before_mandate,Before mandate,mask,Face mask wearing,Brazil_before_mandate_mask,Brazil - Before mandate - Face mask wearing,Comorbidity: No,0.0026813408,77
XGBoost,Brazil,before_mandate,Before mandate,mask,Face mask wearing,Brazil_before_mandate_mask,Brazil - Before mandate - Face mask wearing,State: Mato Grosso do Sul,0.0,78
XGBoost,Brazil,before_mandate,Before mandate,mask,Face mask wearing,Brazil_before_mandate_mask,Brazil - Before mandate - Face mask wearing,State: Alagoas,0.0,79
XGBoost,Brazil,before_mandate,Before mandate,mask,Face mask wearing,Brazil_before_mandate_mask,Brazil - Before mandate - Face mask wearing,State: Distrito Federal,0.0,80
XGBoost,Brazil,before_mandate,Before mandate,mask,Face mask wearing,Brazil_before_mandate_mask,Brazil - Before mandate - Face mask wearing,State: Amapa,0.0,81
XGBoost,Brazil,before_mandate,Before mandate,mask,Face mask wearing,Brazil_before_mandate_mask,Brazil - Before mandate - Face mask wearing,State: Amazonas,0.0,82
XGBoost,Brazil,before_mandate,Before mandate,mask,Face mask wearing,Brazil_before_mandate_mask,Brazil - Before mandate - Face mask wearing,State: Maranhao,0.0,83
XGBoost,Brazil,before_mandate,Before mandate,mask,Face mask wearing,Brazil_before_mandate_mask,Brazil - Before mandate - Face mask wearing,State: Goias,0.0,84
XGBoost,Brazil,before_mandate,Before mandate,mask,Face mask wearing,Brazil_before_mandate_mask,Brazil - Before mandate - Face mask wearing,State: Rondonia,0.0,85
XGBoost,Brazil,before_mandate,Before mandate,mask,Face mask wearing,Brazil_before_mandate_mask,Brazil - Before mandate - Face mask wearing,State: Mato Grosso,0.0,86
XGBoost,Brazil,before_mandate,Before mandate,mask,Face mask wearing,Brazil_before_mandate_mask,Brazil - Before mandate - Face mask wearing,State: Para,0.0,87
XGBoost,Brazil,before_mandate,Before mandate,mask,Face mask wearing,Brazil_before_mandate_mask,Brazil - Before mandate - Face mask wearing,State: Paraiba,0.0,88
XGBoost,Brazil,before_mandate,Before mandate,mask,Face mask wearing,Brazil_before_mandate_mask,Brazil - Before mandate - Face mask wearing,State: Pernambuco,0.0,89
XGBoost,Brazil,before_mandate,Before mandate,mask,Face mask wearing,Brazil_before_mandate_mask,Brazil - Before mandate - Face mask wearing,State: Piaui,0.0,90
XGBoost,Brazil,before_mandate,Before mandate,mask,Face mask wearing,Brazil_before_mandate_mask,Brazil - Before mandate - Face mask wearing,Household COVID Test: Pending,0.0,91
XGBoost,Brazil,before_mandate,Before mandate,mask,Face mask wearing,Brazil_before_mandate_mask,Brazil - Before mandate - Face mask wearing,Household COVID Test: Unsure,0.0,92
XGBoost,Brazil,before_mandate,Before mandate,mask,Face mask wearing,Brazil_before_mandate_mask,Brazil - Before mandate - Face mask wearing,COVID Test: Pending,0.0,93
XGBoost,Brazil,before_mandate,Before mandate,mask,Face mask wearing,Brazil_before_mandate_mask,Brazil - Before mandate - Face mask wearing,COVID Test: Positive,0.0,94
XGBoost,Brazil,before_mandate,Before mandate,mask,Face mask wearing,Brazil_before_mandate_mask,Brazil - Before mandate - Face mask wearing,Isolation Willingness: Unsure,0.0,95
XGBoost,Brazil,before_mandate,Before mandate,mask,Face mask wearing,Brazil_before_mandate_mask,Brazil - Before mandate - Face mask wearing,Isolation Willingness: Very Unwilling,0.0,96
XGBoost,Brazil,before_mandate,Before mandate,mask,Face mask wearing,Brazil_before_mandate_mask,Brazil - Before mandate - Face mask wearing,Symptom Isolation: Unsure,0.0,97
XGBoost,Brazil,before_mandate,Before mandate,mask,Face mask wearing,Brazil_before_mandate_mask,Brazil - Before mandate - Face mask wearing,Isolation Ease: Unsure,0.0,98
XGBoost,Brazil,before_mandate,Before mandate,mask,Face mask wearing,Brazil_before_mandate_mask,Brazil - Before mandate - Face mask wearing,State: Roraima,0.0,99
XGBoost,Brazil,before_mandate,Before mandate,mask,Face mask wearing,Brazil_before_mandate_mask,Brazil - Before mandate - Face mask wearing,State: Tocantins,0.0,100
XGBoost,Brazil,before_mandate,Before mandate,mask,Face mask wearing,Brazil_before_mandate_mask,Brazil - Before mandate - Face mask wearing,PHQ Depressed: Daily,0.0,101
XGBoost,Brazil,before_mandate,Before mandate,mask,Face mask wearing,Brazil_before_mandate_mask,Brazil - Before mandate - Face mask wearing,Employment: Not Working,0.0,102
XGBoost,Brazil,before_mandate,Before mandate,mask,Face mask wearing,Brazil_before_mandate_mask,Brazil - Before mandate - Face mask wearing,Household COVID Test: Positive,0.0,103
XGBoost,Brazil,before_mandate,Before mandate,mask,Face mask wearing,Brazil_before_mandate_mask,Brazil - Before mandate - Face mask wearing,PHQ Depressed: Prefer Not Say,0.0,104
XGBoost,Brazil,before_mandate,Before mandate,mask,Face mask wearing,Brazil_before_mandate_mask,Brazil - Before mandate - Face mask wearing,PHQ Low Interest: Prefer Not Say,0.0,105
XGBoost,Brazil,before_mandate,Before mandate,mask,Face mask wearing,Brazil_before_mandate_mask,Brazil - Before mandate - Face mask wearing,Confidence in the government: High,0.0,106
XGBoost,Brazil,before_mandate,Before mandate,mask,Face mask wearing,Brazil_before_mandate_mask,Brazil - Before mandate - Face mask wearing,Confidence in the government: Unknown,0.0,107
XGBoost,Brazil,before_mandate,Before mandate,mask,Face mask wearing,Brazil_before_mandate_mask,Brazil - Before mandate - Face mask wearing,Confidence in the government: Low,0.0,108
XGBoost,Brazil,before_mandate,Before mandate,mask,Face mask wearing,Brazil_before_mandate_mask,Brazil - Before mandate - Face mask wearing,PHQ Worry: Several Days,0.0,109
XGBoost,Brazil,before_mandate,Before mandate,mask,Face mask wearing,Brazil_before_mandate_mask,Brazil - Before mandate - Face mask wearing,PHQ Anxiety: Prefer Not Say,0.0,110
XGBoost,Brazil,before_mandate,Before mandate,mask,Face mask wearing,Brazil_before_mandate_mask,Brazil - Before mandate - Face mask wearing,PHQ Worry: Daily,0.0,111
XGBoost,Brazil,before_mandate,Before mandate,mask,Face mask wearing,Brazil_before_mandate_mask,Brazil - Before mandate - Face mask wearing,PHQ Worry: Prefer Not Say,0.0,112
XGBoost,Brazil,before_mandate,Before mandate,mask,Face mask wearing,Brazil_before_mandate_mask,Brazil - Before mandate - Face mask wearing,Happiness Change: Unknown,0.0,113
XGBoost,Brazil,before_mandate,Before mandate,mask,Face mask wearing,Brazil_before_mandate_mask,Brazil - Before mandate - Face mask wearing,COVID Fear: Had COVID,0.0,114
XGBoost,Brazil,before_mandate,Before mandate,mask,Face mask wearing,Brazil_before_mandate_mask,Brazil - Before mandate - Face mask wearing,Happiness Change: Much More,0.0,115
XGBoost,Brazil,before_mandate,Before mandate,mask,Face mask wearing,Brazil_before_mandate_mask,Brazil - Before mandate - Face mask wearing,Happiness Change: N/A,0.0,116
XGBoost,Brazil,before_mandate,Before mandate,mask,Face mask wearing,Brazil_before_mandate_mask,Brazil - Before mandate - Face mask wearing,Gov Response: N/A,0.0,117
XGBoost,Brazil,before_mandate,Before mandate,mask,Face mask wearing,Brazil_before_mandate_mask,Brazil - Before mandate - Face mask wearing,Gov Response: Somewhat Bad,0.0,118
XGBoost,Brazil,before_mandate,Before mandate,mask,Face mask wearing,Brazil_before_mandate_mask,Brazil - Before mandate - Face mask wearing,Gov Response: Very Bad,0.0,119
XGBoost,Brazil,before_mandate,Before mandate,mask,Face mask wearing,Brazil_before_mandate_mask,Brazil - Before mandate - Face mask wearing,Gov Response: Somewhat Good,0.0,120
XGBoost,Brazil,before_mandate,Before mandate,mask,Face mask wearing,Brazil_before_mandate_mask,Brazil - Before mandate - Face mask wearing,Gov Response: Very Good,0.0,121
XGBoost,Brazil,before_mandate,Before mandate,mask,Face mask wearing,Brazil_before_mandate_mask,Brazil - Before mandate - Face mask wearing,Comorbidity: Prefer Not Say,0.0,122
XGBoost,Brazil,before_mandate,Before mandate,protective,Protective behaviour,Brazil_before_mandate_protective,Brazil - Before mandate - Protective behaviour,State: Sergipe,0.03377252,1
XGBoost,Brazil,before_mandate,Before mandate,protective,Protective behaviour,Brazil_before_mandate_protective,Brazil - Before mandate - Protective behaviour,PHQ Low Interest: Daily,0.03211377,2
XGBoost,Brazil,before_mandate,Before mandate,protective,Protective behaviour,Brazil_before_mandate_protective,Brazil - Before mandate - Protective behaviour,State: Bahia,0.023043858,3
XGBoost,Brazil,before_mandate,Before mandate,protective,Protective behaviour,Brazil_before_mandate_protective,Brazil - Before mandate - Protective behaviour,State: Distrito Federal,0.020314027,4
XGBoost,Brazil,before_mandate,Before mandate,protective,Protective behaviour,Brazil_before_mandate_protective,Brazil - Before mandate - Protective behaviour,State: Rio de Janeiro,0.020249898,5
XGBoost,Brazil,before_mandate,Before mandate,protective,Protective behaviour,Brazil_before_mandate_protective,Brazil - Before mandate - Protective behaviour,Outings count,0.018885963,6
XGBoost,Brazil,before_mandate,Before mandate,protective,Protective behaviour,Brazil_before_mandate_protective,Brazil - Before mandate - Protective behaviour,Happiness Change: Much More,0.018277086,7
XGBoost,Brazil,before_mandate,Before mandate,protective,Protective behaviour,Brazil_before_mandate_protective,Brazil - Before mandate - Protective behaviour,COVID Fear: Slightly Scared,0.018045578,8
XGBoost,Brazil,before_mandate,Before mandate,protective,Protective behaviour,Brazil_before_mandate_protective,Brazil - Before mandate - Protective behaviour,COVID Test: Negative,0.017973917,9
XGBoost,Brazil,before_mandate,Before mandate,protective,Protective behaviour,Brazil_before_mandate_protective,Brazil - Before mandate - Protective behaviour,Shortness of Breath: Yes,0.017590774,10
XGBoost,Brazil,before_mandate,Before mandate,protective,Protective behaviour,Brazil_before_mandate_protective,Brazil - Before mandate - Protective behaviour,Household Size,0.017186528,11
XGBoost,Brazil,before_mandate,Before mandate,protective,Protective behaviour,Brazil_before_mandate_protective,Brazil - Before mandate - Protective behaviour,Isolation Willingness: Very Willing,0.016986795,12
XGBoost,Brazil,before_mandate,Before mandate,protective,Protective behaviour,Brazil_before_mandate_protective,Brazil - Before mandate - Protective behaviour,State: Maranhao,0.016922876,13
XGBoost,Brazil,before_mandate,Before mandate,protective,Protective behaviour,Brazil_before_mandate_protective,Brazil - Before mandate - Protective behaviour,State: Rio Grande do Sul,0.016624138,14
XGBoost,Brazil,before_mandate,Before mandate,protective,Protective behaviour,Brazil_before_mandate_protective,Brazil - Before mandate - Protective behaviour,Symptom Isolation: Yes,0.016559616,15
XGBoost,Brazil,before_mandate,Before mandate,protective,Protective behaviour,Brazil_before_mandate_protective,Brazil - Before mandate - Protective behaviour,Loss of Taste: Yes,0.016075438,16
XGBoost,Brazil,before_mandate,Before mandate,protective,Protective behaviour,Brazil_before_mandate_protective,Brazil - Before mandate - Protective behaviour,State: Minas Gerais,0.016028939,17
XGBoost,Brazil,before_mandate,Before mandate,protective,Protective behaviour,Brazil_before_mandate_protective,Brazil - Before mandate - Protective behaviour,COVID Test: Not done,0.016001817,18
XGBoost,Brazil,before_mandate,Before mandate,protective,Protective behaviour,Brazil_before_mandate_protective,Brazil - Before mandate - Protective behaviour,Isolation Willingness: Somewhat Willing,0.015261426,19
XGBoost,Brazil,before_mandate,Before mandate,protective,Protective behaviour,Brazil_before_mandate_protective,Brazil - Before mandate - Protective behaviour,PHQ Anxiety: Several Days,0.015172035,20
XGBoost,Brazil,before_mandate,Before mandate,protective,Protective behaviour,Brazil_before_mandate_protective,Brazil - Before mandate - Protective behaviour,Comorbidity: No,0.014980537,21
XGBoost,Brazil,before_mandate,Before mandate,protective,Protective behaviour,Brazil_before_mandate_protective,Brazil - Before mandate - Protective behaviour,State: Pernambuco,0.014931975,22
XGBoost,Brazil,before_mandate,Before mandate,protective,Protective behaviour,Brazil_before_mandate_protective,Brazil - Before mandate - Protective behaviour,Handwashing Count,0.014916408,23
XGBoost,Brazil,before_mandate,Before mandate,protective,Protective behaviour,Brazil_before_mandate_protective,Brazil - Before mandate - Protective behaviour,Symptom Isolation: No,0.014910844,24
XGBoost,Brazil,before_mandate,Before mandate,protective,Protective behaviour,Brazil_before_mandate_protective,Brazil - Before mandate - Protective behaviour,PHQ Anxiety: Daily,0.0145995645,25
XGBoost,Brazil,before_mandate,Before mandate,protective,Protective behaviour,Brazil_before_mandate_protective,Brazil - Before mandate - Protective behaviour,Employment: Student,0.014049341,26
XGBoost,Brazil,before_mandate,Before mandate,protective,Protective behaviour,Brazil_before_mandate_protective,Brazil - Before mandate - Protective behaviour,Loss of Taste: No,0.013726141,27
XGBoost,Brazil,before_mandate,Before mandate,protective,Protective behaviour,Brazil_before_mandate_protective,Brazil - Before mandate - Protective behaviour,Physical contact count (with stranger),0.013517285,28
XGBoost,Brazil,before_mandate,Before mandate,protective,Protective behaviour,Brazil_before_mandate_protective,Brazil - Before mandate - Protective behaviour,Fever: Yes,0.0133270025,29
XGBoost,Brazil,before_mandate,Before mandate,protective,Protective behaviour,Brazil_before_mandate_protective,Brazil - Before mandate - Protective behaviour,Household COVID Test: Negative,0.013260986,30
XGBoost,Brazil,before_mandate,Before mandate,protective,Protective behaviour,Brazil_before_mandate_protective,Brazil - Before mandate - Protective behaviour,Fever: No,0.013033271,31
XGBoost,Brazil,before_mandate,Before mandate,protective,Protective behaviour,Brazil_before_mandate_protective,Brazil - Before mandate - Protective behaviour,Employment: Other,0.012896359,32
XGBoost,Brazil,before_mandate,Before mandate,protective,Protective behaviour,Brazil_before_mandate_protective,Brazil - Before mandate - Protective behaviour,Dry Cough: No,0.012775138,33
XGBoost,Brazil,before_mandate,Before mandate,protective,Protective behaviour,Brazil_before_mandate_protective,Brazil - Before mandate - Protective behaviour,COVID Fear: Not Scared,0.0121251065,34
XGBoost,Brazil,before_mandate,Before mandate,protective,Protective behaviour,Brazil_before_mandate_protective,Brazil - Before mandate - Protective behaviour,Employment: Not Working,0.0120364195,35
XGBoost,Brazil,before_mandate,Before mandate,protective,Protective behaviour,Brazil_before_mandate_protective,Brazil - Before mandate - Protective behaviour,PHQ Low Interest: Not At All,0.011862546,36
XGBoost,Brazil,before_mandate,Before mandate,protective,Protective behaviour,Brazil_before_mandate_protective,Brazil - Before mandate - Protective behaviour,State: Sao Paulo,0.011853417,37
XGBoost,Brazil,before_mandate,Before mandate,protective,Protective behaviour,Brazil_before_mandate_protective,Brazil - Before mandate - Protective behaviour,Age,0.011597465,38
XGBoost,Brazil,before_mandate,Before mandate,protective,Protective behaviour,Brazil_before_mandate_protective,Brazil - Before mandate - Protective behaviour,Happiness Change: Somewhat More,0.011482403,39
XGBoost,Brazil,before_mandate,Before mandate,protective,Protective behaviour,Brazil_before_mandate_protective,Brazil - Before mandate - Protective behaviour,State: Para,0.011082933,40
XGBoost,Brazil,before_mandate,Before mandate,protective,Protective behaviour,Brazil_before_mandate_protective,Brazil - Before mandate - Protective behaviour,Comorbidity: Yes,0.01096024,41
XGBoost,Brazil,before_mandate,Before mandate,protective,Protective behaviour,Brazil_before_mandate_protective,Brazil - Before mandate - Protective behaviour,Employment: Retired,0.010855103,42
XGBoost,Brazil,before_mandate,Before mandate,protective,Protective behaviour,Brazil_before_mandate_protective,Brazil - Before mandate - Protective behaviour,PHQ Depressed: Not At All,0.010811861,43
XGBoost,Brazil,before_mandate,Before mandate,protective,Protective behaviour,Brazil_before_mandate_protective,Brazil - Before mandate - Protective behaviour,State: Ceara,0.010245572,44
XGBoost,Brazil,before_mandate,Before mandate,protective,Protective behaviour,Brazil_before_mandate_protective,Brazil - Before mandate - Protective behaviour,PHQ Anxiety: Not At All,0.010228316,45
XGBoost,Brazil,before_mandate,Before mandate,protective,Protective behaviour,Brazil_before_mandate_protective,Brazil - Before mandate - Protective behaviour,PHQ Worry: Several Days,0.010225262,46
XGBoost,Brazil,before_mandate,Before mandate,protective,Protective behaviour,Brazil_before_mandate_protective,Brazil - Before mandate - Protective behaviour,Loss of Smell: Yes,0.009999053,47
XGBoost,Brazil,before_mandate,Before mandate,protective,Protective behaviour,Brazil_before_mandate_protective,Brazil - Before mandate - Protective behaviour,State: Paraiba,0.009927678,48
XGBoost,Brazil,before_mandate,Before mandate,protective,Protective behaviour,Brazil_before_mandate_protective,Brazil - Before mandate - Protective behaviour,State: Espirito Santo,0.009709122,49
XGBoost,Brazil,before_mandate,Before mandate,protective,Protective behaviour,Brazil_before_mandate_protective,Brazil - Before mandate - Protective behaviour,Shortness of Breath: No,0.009696572,50
XGBoost,Brazil,before_mandate,Before mandate,protective,Protective behaviour,Brazil_before_mandate_protective,Brazil - Before mandate - Protective behaviour,Loss of Smell: No,0.009565646,51
XGBoost,Brazil,before_mandate,Before mandate,protective,Protective behaviour,Brazil_before_mandate_protective,Brazil - Before mandate - Protective behaviour,No Symptoms: No,0.009412856,52
XGBoost,Brazil,before_mandate,Before mandate,protective,Protective behaviour,Brazil_before_mandate_protective,Brazil - Before mandate - Protective behaviour,Isolation Willingness: Somewhat Unwilling,0.009187881,53
XGBoost,Brazil,before_mandate,Before mandate,protective,Protective behaviour,Brazil_before_mandate_protective,Brazil - Before mandate - Protective behaviour,PHQ Worry: Daily,0.00916468,54
XGBoost,Brazil,before_mandate,Before mandate,protective,Protective behaviour,Brazil_before_mandate_protective,Brazil - Before mandate - Protective behaviour,Symptom Isolation: Unsure,0.00912442,55
XGBoost,Brazil,before_mandate,Before mandate,protective,Protective behaviour,Brazil_before_mandate_protective,Brazil - Before mandate - Protective behaviour,Confidence in the government: None,0.008946122,56
XGBoost,Brazil,before_mandate,Before mandate,protective,Protective behaviour,Brazil_before_mandate_protective,Brazil - Before mandate - Protective behaviour,Is a male?,0.008777129,57
XGBoost,Brazil,before_mandate,Before mandate,protective,Protective behaviour,Brazil_before_mandate_protective,Brazil - Before mandate - Protective behaviour,Isolation Ease: Neutral,0.008714611,58
XGBoost,Brazil,before_mandate,Before mandate,protective,Protective behaviour,Brazil_before_mandate_protective,Brazil - Before mandate - Protective behaviour,PHQ Worry: Not At All,0.008584225,59
XGBoost,Brazil,before_mandate,Before mandate,protective,Protective behaviour,Brazil_before_mandate_protective,Brazil - Before mandate - Protective behaviour,Physical contact count (with family),0.008543125,60
XGBoost,Brazil,before_mandate,Before mandate,protective,Protective behaviour,Brazil_before_mandate_protective,Brazil - Before mandate - Protective behaviour,Happiness Change: Somewhat Less,0.008340594,61
XGBoost,Brazil,before_mandate,Before mandate,protective,Protective behaviour,Brazil_before_mandate_protective,Brazil - Before mandate - Protective behaviour,Household COVID Test: Not done,0.008011392,62
XGBoost,Brazil,before_mandate,Before mandate,protective,Protective behaviour,Brazil_before_mandate_protective,Brazil - Before mandate - Protective behaviour,Confidence in the government: Low,0.007591866,63
XGBoost,Brazil,before_mandate,Before mandate,protective,Protective behaviour,Brazil_before_mandate_protective,Brazil - Before mandate - Protective behaviour,No Symptoms: Yes,0.007496,64
XGBoost,Brazil,before_mandate,Before mandate,protective,Protective behaviour,Brazil_before_mandate_protective,Brazil - Before mandate - Protective behaviour,COVID Fear: Very Scared,0.007362092,65
XGBoost,Brazil,before_mandate,Before mandate,protective,Protective behaviour,Brazil_before_mandate_protective,Brazil - Before mandate - Protective behaviour,PHQ Low Interest: Several Days,0.007289826,66
XGBoost,Brazil,before_mandate,Before mandate,protective,Protective behaviour,Brazil_before_mandate_protective,Brazil - Before mandate - Protective behaviour,Employment: Part Time,0.0072892844,67
XGBoost,Brazil,before_mandate,Before mandate,protective,Protective behaviour,Brazil_before_mandate_protective,Brazil - Before mandate - Protective behaviour,Week,0.0070799775,68
XGBoost,Brazil,before_mandate,Before mandate,protective,Protective behaviour,Brazil_before_mandate_protective,Brazil - Before mandate - Protective behaviour,Isolation Ease: Somewhat Easy,0.007054441,69
XGBoost,Brazil,before_mandate,Before mandate,protective,Protective behaviour,Brazil_before_mandate_protective,Brazil - Before mandate - Protective behaviour,State: Parana,0.007004641,70
XGBoost,Brazil,before_mandate,Before mandate,protective,Protective behaviour,Brazil_before_mandate_protective,Brazil - Before mandate - Protective behaviour,Employment: Unemployed,0.0068669585,71
XGBoost,Brazil,before_mandate,Before mandate,protective,Protective behaviour,Brazil_before_mandate_protective,Brazil - Before mandate - Protective behaviour,PHQ Depressed: N/A,0.006814715,72
XGBoost,Brazil,before_mandate,Before mandate,protective,Protective behaviour,Brazil_before_mandate_protective,Brazil - Before mandate - Protective behaviour,PHQ Depressed: Several Days,0.0067487583,73
XGBoost,Brazil,before_mandate,Before mandate,protective,Protective behaviour,Brazil_before_mandate_protective,Brazil - Before mandate - Protective behaviour,COVID Fear: Fairly Scared,0.0066049346,74
XGBoost,Brazil,before_mandate,Before mandate,protective,Protective behaviour,Brazil_before_mandate_protective,Brazil - Before mandate - Protective behaviour,Isolation Ease: Somewhat Difficult,0.0066001574,75
XGBoost,Brazil,before_mandate,Before mandate,protective,Protective behaviour,Brazil_before_mandate_protective,Brazil - Before mandate - Protective behaviour,State: Amapa,0.006568473,76
XGBoost,Brazil,before_mandate,Before mandate,protective,Protective behaviour,Brazil_before_mandate_protective,Brazil - Before mandate - Protective behaviour,Confidence in the government: High,0.0062943823,77
XGBoost,Brazil,before_mandate,Before mandate,protective,Protective behaviour,Brazil_before_mandate_protective,Brazil - Before mandate - Protective behaviour,Happiness Change: Much Less,0.0061099324,78
XGBoost,Brazil,before_mandate,Before mandate,protective,Protective behaviour,Brazil_before_mandate_protective,Brazil - Before mandate - Protective behaviour,Isolation Willingness: Very Unwilling,0.0055436273,79
XGBoost,Brazil,before_mandate,Before mandate,protective,Protective behaviour,Brazil_before_mandate_protective,Brazil - Before mandate - Protective behaviour,Dry Cough: Yes,0.005430438,80
XGBoost,Brazil,before_mandate,Before mandate,protective,Protective behaviour,Brazil_before_mandate_protective,Brazil - Before mandate - Protective behaviour,Isolation Willingness: Neutral,0.0052801482,81
XGBoost,Brazil,before_mandate,Before mandate,protective,Protective behaviour,Brazil_before_mandate_protective,Brazil - Before mandate - Protective behaviour,Isolation Ease: Very Easy,0.0050974665,82
XGBoost,Brazil,before_mandate,Before mandate,protective,Protective behaviour,Brazil_before_mandate_protective,Brazil - Before mandate - Protective behaviour,PHQ Low Interest: N/A,0.004756306,83
XGBoost,Brazil,before_mandate,Before mandate,protective,Protective behaviour,Brazil_before_mandate_protective,Brazil - Before mandate - Protective behaviour,Isolation Ease: Very Difficult,0.004500402,84
XGBoost,Brazil,before_mandate,Before mandate,protective,Protective behaviour,Brazil_before_mandate_protective,Brazil - Before mandate - Protective behaviour,Isolation Willingness: Unsure,0.0035316315,85
XGBoost,Brazil,before_mandate,Before mandate,protective,Protective behaviour,Brazil_before_mandate_protective,Brazil - Before mandate - Protective behaviour,State: Goias,0.0,86
XGBoost,Brazil,before_mandate,Before mandate,protective,Protective behaviour,Brazil_before_mandate_protective,Brazil - Before mandate - Protective behaviour,State: Mato Grosso do Sul,0.0,87
XGBoost,Brazil,before_mandate,Before mandate,protective,Protective behaviour,Brazil_before_mandate_protective,Brazil - Before mandate - Protective behaviour,State: Mato Grosso,0.0,88
XGBoost,Brazil,before_mandate,Before mandate,protective,Protective behaviour,Brazil_before_mandate_protective,Brazil - Before mandate - Protective behaviour,State: Piaui,0.0,89
XGBoost,Brazil,before_mandate,Before mandate,protective,Protective behaviour,Brazil_before_mandate_protective,Brazil - Before mandate - Protective behaviour,Household COVID Test: Pending,0.0,90
XGBoost,Brazil,before_mandate,Before mandate,protective,Protective behaviour,Brazil_before_mandate_protective,Brazil - Before mandate - Protective behaviour,Household COVID Test: Unsure,0.0,91
XGBoost,Brazil,before_mandate,Before mandate,protective,Protective behaviour,Brazil_before_mandate_protective,Brazil - Before mandate - Protective behaviour,COVID Test: Pending,0.0,92
XGBoost,Brazil,before_mandate,Before mandate,protective,Protective behaviour,Brazil_before_mandate_protective,Brazil - Before mandate - Protective behaviour,COVID Test: Positive,0.0,93
XGBoost,Brazil,before_mandate,Before mandate,protective,Protective behaviour,Brazil_before_mandate_protective,Brazil - Before mandate - Protective behaviour,State: Roraima,0.0,94
XGBoost,Brazil,before_mandate,Before mandate,protective,Protective behaviour,Brazil_before_mandate_protective,Brazil - Before mandate - Protective behaviour,State: Santa Catarina,0.0,95
XGBoost,Brazil,before_mandate,Before mandate,protective,Protective behaviour,Brazil_before_mandate_protective,Brazil - Before mandate - Protective behaviour,State: Tocantins,0.0,96
XGBoost,Brazil,before_mandate,Before mandate,protective,Protective behaviour,Brazil_before_mandate_protective,Brazil - Before mandate - Protective behaviour,Isolation Ease: Unsure,0.0,97
XGBoost,Brazil,before_mandate,Before mandate,protective,Protective behaviour,Brazil_before_mandate_protective,Brazil - Before mandate - Protective behaviour,State: Rio Grande do Norte,0.0,98
XGBoost,Brazil,before_mandate,Before mandate,protective,Protective behaviour,Brazil_before_mandate_protective,Brazil - Before mandate - Protective behaviour,State: Rondonia,0.0,99
XGBoost,Brazil,before_mandate,Before mandate,protective,Protective behaviour,Brazil_before_mandate_protective,Brazil - Before mandate - Protective behaviour,State: Alagoas,0.0,100
XGBoost,Brazil,before_mandate,Before mandate,protective,Protective behaviour,Brazil_before_mandate_protective,Brazil - Before mandate - Protective behaviour,State: Amazonas,0.0,101
XGBoost,Brazil,before_mandate,Before mandate,protective,Protective behaviour,Brazil_before_mandate_protective,Brazil - Before mandate - Protective behaviour,Household COVID Test: Positive,0.0,102
XGBoost,Brazil,before_mandate,Before mandate,protective,Protective behaviour,Brazil_before_mandate_protective,Brazil - Before mandate - Protective behaviour,PHQ Depressed: Prefer Not Say,0.0,103
XGBoost,Brazil,before_mandate,Before mandate,protective,Protective behaviour,Brazil_before_mandate_protective,Brazil - Before mandate - Protective behaviour,PHQ Depressed: Daily,0.0,104
XGBoost,Brazil,before_mandate,Before mandate,protective,Protective behaviour,Brazil_before_mandate_protective,Brazil - Before mandate - Protective behaviour,PHQ Low Interest: Prefer Not Say,0.0,105
XGBoost,Brazil,before_mandate,Before mandate,protective,Protective behaviour,Brazil_before_mandate_protective,Brazil - Before mandate - Protective behaviour,PHQ Anxiety: N/A,0.0,106
XGBoost,Brazil,before_mandate,Before mandate,protective,Protective behaviour,Brazil_before_mandate_protective,Brazil - Before mandate - Protective behaviour,Confidence in the government: N/A,0.0,107
XGBoost,Brazil,before_mandate,Before mandate,protective,Protective behaviour,Brazil_before_mandate_protective,Brazil - Before mandate - Protective behaviour,PHQ Worry: N/A,0.0,108
XGBoost,Brazil,before_mandate,Before mandate,protective,Protective behaviour,Brazil_before_mandate_protective,Brazil - Before mandate - Protective behaviour,PHQ Worry: Prefer Not Say,0.0,109
XGBoost,Brazil,before_mandate,Before mandate,protective,Protective behaviour,Brazil_before_mandate_protective,Brazil - Before mandate - Protective behaviour,PHQ Anxiety: Prefer Not Say,0.0,110
XGBoost,Brazil,before_mandate,Before mandate,protective,Protective behaviour,Brazil_before_mandate_protective,Brazil - Before mandate - Protective behaviour,Confidence in the government: Unknown,0.0,111
XGBoost,Brazil,before_mandate,Before mandate,protective,Protective behaviour,Brazil_before_mandate_protective,Brazil - Before mandate - Protective behaviour,Happiness Change: Unknown,0.0,112
XGBoost,Brazil,before_mandate,Before mandate,protective,Protective behaviour,Brazil_before_mandate_protective,Brazil - Before mandate - Protective behaviour,COVID Fear: Had COVID,0.0,113
XGBoost,Brazil,before_mandate,Before mandate,protective,Protective behaviour,Brazil_before_mandate_protective,Brazil - Before mandate - Protective behaviour,Happiness Change: N/A,0.0,114
XGBoost,Brazil,before_mandate,Before mandate,protective,Protective behaviour,Brazil_before_mandate_protective,Brazil - Before mandate - Protective behaviour,COVID Fear: N/A,0.0,115
XGBoost,Brazil,before_mandate,Before mandate,protective,Protective behaviour,Brazil_before_mandate_protective,Brazil - Before mandate - Protective behaviour,Gov Response: N/A,0.0,116
XGBoost,Brazil,before_mandate,Before mandate,protective,Protective behaviour,Brazil_before_mandate_protective,Brazil - Before mandate - Protective behaviour,Gov Response: Somewhat Bad,0.0,117
XGBoost,Brazil,before_mandate,Before mandate,protective,Protective behaviour,Brazil_before_mandate_protective,Brazil - Before mandate - Protective behaviour,Gov Response: Very Bad,0.0,118
XGBoost,Brazil,before_mandate,Before mandate,protective,Protective behaviour,Brazil_before_mandate_protective,Brazil - Before mandate - Protective behaviour,Gov Response: Somewhat Good,0.0,119
XGBoost,Brazil,before_mandate,Before mandate,protective,Protective behaviour,Brazil_before_mandate_protective,Brazil - Before mandate - Protective behaviour,Gov Response: Very Good,0.0,120
XGBoost,Brazil,before_mandate,Before mandate,protective,Protective behaviour,Brazil_before_mandate_protective,Brazil - Before mandate - Protective behaviour,Comorbidity: Prefer Not Say,0.0,121
XGBoost,Brazil,after_mandate,After mandate,mask,Face mask wearing,Brazil_after_mandate_mask,Brazil - After mandate - Face mask wearing,Non-Mask Protective Behavior Score,0.053953864,1
XGBoost,Brazil,after_mandate,After mandate,mask,Face mask wearing,Brazil_after_mandate_mask,Brazil - After mandate - Face mask wearing,Isolation Willingness: Very Willing,0.035693556,2
XGBoost,Brazil,after_mandate,After mandate,mask,Face mask wearing,Brazil_after_mandate_mask,Brazil - After mandate - Face mask wearing,Symptom Isolation: Yes,0.027974278,3
XGBoost,Brazil,after_mandate,After mandate,mask,Face mask wearing,Brazil_after_mandate_mask,Brazil - After mandate - Face mask wearing,Isolation Ease: Unsure,0.025743177,4
XGBoost,Brazil,after_mandate,After mandate,mask,Face mask wearing,Brazil_after_mandate_mask,Brazil - After mandate - Face mask wearing,COVID Fear: Not Scared,0.024586463,5
XGBoost,Brazil,after_mandate,After mandate,mask,Face mask wearing,Brazil_after_mandate_mask,Brazil - After mandate - Face mask wearing,Household COVID Test: Unsure,0.021125408,6
XGBoost,Brazil,after_mandate,After mandate,mask,Face mask wearing,Brazil_after_mandate_mask,Brazil - After mandate - Face mask wearing,State: Pernambuco,0.018759701,7
XGBoost,Brazil,after_mandate,After mandate,mask,Face mask wearing,Brazil_after_mandate_mask,Brazil - After mandate - Face mask wearing,Handwashing Count,0.018255876,8
XGBoost,Brazil,after_mandate,After mandate,mask,Face mask wearing,Brazil_after_mandate_mask,Brazil - After mandate - Face mask wearing,Isolation Willingness: Neutral,0.017758003,9
XGBoost,Brazil,after_mandate,After mandate,mask,Face mask wearing,Brazil_after_mandate_mask,Brazil - After mandate - Face mask wearing,PHQ Low Interest: Daily,0.016936583,10
XGBoost,Brazil,after_mandate,After mandate,mask,Face mask wearing,Brazil_after_mandate_mask,Brazil - After mandate - Face mask wearing,COVID Test: Not done,0.016327366,11
XGBoost,Brazil,after_mandate,After mandate,mask,Face mask wearing,Brazil_after_mandate_mask,Brazil - After mandate - Face mask wearing,Happiness Change: Somewhat More,0.016229182,12
XGBoost,Brazil,after_mandate,After mandate,mask,Face mask wearing,Brazil_after_mandate_mask,Brazil - After mandate - Face mask wearing,Isolation Ease: Somewhat Easy,0.016209831,13
XGBoost,Brazil,after_mandate,After mandate,mask,Face mask wearing,Brazil_after_mandate_mask,Brazil - After mandate - Face mask wearing,Household COVID Test: Not done,0.015916133,14
XGBoost,Brazil,after_mandate,After mandate,mask,Face mask wearing,Brazil_after_mandate_mask,Brazil - After mandate - Face mask wearing,COVID Fear: Fairly Scared,0.015827706,15
XGBoost,Brazil,after_mandate,After mandate,mask,Face mask wearing,Brazil_after_mandate_mask,Brazil - After mandate - Face mask wearing,COVID Fear: Very Scared,0.01499954,16
XGBoost,Brazil,after_mandate,After mandate,mask,Face mask wearing,Brazil_after_mandate_mask,Brazil - After mandate - Face mask wearing,Gov Response: N/A,0.014633242,17
XGBoost,Brazil,after_mandate,After mandate,mask,Face mask wearing,Brazil_after_mandate_mask,Brazil - After mandate - Face mask wearing,Employment: Not Working,0.014236487,18
XGBoost,Brazil,after_mandate,After mandate,mask,Face mask wearing,Brazil_after_mandate_mask,Brazil - After mandate - Face mask wearing,PHQ Low Interest: Several Days,0.013877304,19
XGBoost,Brazil,after_mandate,After mandate,mask,Face mask wearing,Brazil_after_mandate_mask,Brazil - After mandate - Face mask wearing,State: Rio Grande do Sul,0.01330107,20
XGBoost,Brazil,after_mandate,After mandate,mask,Face mask wearing,Brazil_after_mandate_mask,Brazil - After mandate - Face mask wearing,PHQ Worry: Prefer Not Say,0.012920449,21
XGBoost,Brazil,after_mandate,After mandate,mask,Face mask wearing,Brazil_after_mandate_mask,Brazil - After mandate - Face mask wearing,Happiness Change: N/A,0.012712451,22
XGBoost,Brazil,after_mandate,After mandate,mask,Face mask wearing,Brazil_after_mandate_mask,Brazil - After mandate - Face mask wearing,State: Mato Grosso,0.012285571,23
XGBoost,Brazil,after_mandate,After mandate,mask,Face mask wearing,Brazil_after_mandate_mask,Brazil - After mandate - Face mask wearing,State: Distrito Federal,0.012206962,24
XGBoost,Brazil,after_mandate,After mandate,mask,Face mask wearing,Brazil_after_mandate_mask,Brazil - After mandate - Face mask wearing,State: Bahia,0.01216674,25
XGBoost,Brazil,after_mandate,After mandate,mask,Face mask wearing,Brazil_after_mandate_mask,Brazil - After mandate - Face mask wearing,Loss of Smell: No,0.012087229,26
XGBoost,Brazil,after_mandate,After mandate,mask,Face mask wearing,Brazil_after_mandate_mask,Brazil - After mandate - Face mask wearing,Week,0.011907311,27
XGBoost,Brazil,after_mandate,After mandate,mask,Face mask wearing,Brazil_after_mandate_mask,Brazil - After mandate - Face mask wearing,Happiness Change: Much Less,0.011896402,28
XGBoost,Brazil,after_mandate,After mandate,mask,Face mask wearing,Brazil_after_mandate_mask,Brazil - After mandate - Face mask wearing,Loss of Taste: No,0.011417081,29
XGBoost,Brazil,after_mandate,After mandate,mask,Face mask wearing,Brazil_after_mandate_mask,Brazil - After mandate - Face mask wearing,PHQ Worry: Several Days,0.011257904,30
XGBoost,Brazil,after_mandate,After mandate,mask,Face mask wearing,Brazil_after_mandate_mask,Brazil - After mandate - Face mask wearing,Confidence in the government: Unknown,0.011255767,31
XGBoost,Brazil,after_mandate,After mandate,mask,Face mask wearing,Brazil_after_mandate_mask,Brazil - After mandate - Face mask wearing,No Symptoms: Yes,0.011207359,32
XGBoost,Brazil,after_mandate,After mandate,mask,Face mask wearing,Brazil_after_mandate_mask,Brazil - After mandate - Face mask wearing,PHQ Depressed: Daily,0.010785231,33
XGBoost,Brazil,after_mandate,After mandate,mask,Face mask wearing,Brazil_after_mandate_mask,Brazil - After mandate - Face mask wearing,Gov Response: Somewhat Good,0.010747941,34
XGBoost,Brazil,after_mandate,After mandate,mask,Face mask wearing,Brazil_after_mandate_mask,Brazil - After mandate - Face mask wearing,Isolation Willingness: Very Unwilling,0.010624082,35
XGBoost,Brazil,after_mandate,After mandate,mask,Face mask wearing,Brazil_after_mandate_mask,Brazil - After mandate - Face mask wearing,State: Goias,0.010507592,36
XGBoost,Brazil,after_mandate,After mandate,mask,Face mask wearing,Brazil_after_mandate_mask,Brazil - After mandate - Face mask wearing,Dry Cough: No,0.010454262,37
XGBoost,Brazil,after_mandate,After mandate,mask,Face mask wearing,Brazil_after_mandate_mask,Brazil - After mandate - Face mask wearing,State: Parana,0.010337744,38
XGBoost,Brazil,after_mandate,After mandate,mask,Face mask wearing,Brazil_after_mandate_mask,Brazil - After mandate - Face mask wearing,State: Santa Catarina,0.01031645,39
XGBoost,Brazil,after_mandate,After mandate,mask,Face mask wearing,Brazil_after_mandate_mask,Brazil - After mandate - Face mask wearing,Happiness Change: Unknown,0.01026514,40
XGBoost,Brazil,after_mandate,After mandate,mask,Face mask wearing,Brazil_after_mandate_mask,Brazil - After mandate - Face mask wearing,State: Alagoas,0.009868233,41
XGBoost,Brazil,after_mandate,After mandate,mask,Face mask wearing,Brazil_after_mandate_mask,Brazil - After mandate - Face mask wearing,PHQ Worry: Daily,0.0098617645,42
XGBoost,Brazil,after_mandate,After mandate,mask,Face mask wearing,Brazil_after_mandate_mask,Brazil - After mandate - Face mask wearing,Loss of Smell: Yes,0.009757906,43
XGBoost,Brazil,after_mandate,After mandate,mask,Face mask wearing,Brazil_after_mandate_mask,Brazil - After mandate - Face mask wearing,Happiness Change: Somewhat Less,0.009659835,44
XGBoost,Brazil,after_mandate,After mandate,mask,Face mask wearing,Brazil_after_mandate_mask,Brazil - After mandate - Face mask wearing,Isolation Willingness: Somewhat Unwilling,0.009613237,45
XGBoost,Brazil,after_mandate,After mandate,mask,Face mask wearing,Brazil_after_mandate_mask,Brazil - After mandate - Face mask wearing,State: Rio de Janeiro,0.009480455,46
XGBoost,Brazil,after_mandate,After mandate,mask,Face mask wearing,Brazil_after_mandate_mask,Brazil - After mandate - Face mask wearing,Age,0.009360495,47
XGBoost,Brazil,after_mandate,After mandate,mask,Face mask wearing,Brazil_after_mandate_mask,Brazil - After mandate - Face mask wearing,Isolation Ease: Neutral,0.008800226,48
XGBoost,Brazil,after_mandate,After mandate,mask,Face mask wearing,Brazil_after_mandate_mask,Brazil - After mandate - Face mask wearing,Employment: Other,0.00873219,49
XGBoost,Brazil,after_mandate,After mandate,mask,Face mask wearing,Brazil_after_mandate_mask,Brazil - After mandate - Face mask wearing,Isolation Ease: Very Easy,0.008629903,50
XGBoost,Brazil,after_mandate,After mandate,mask,Face mask wearing,Brazil_after_mandate_mask,Brazil - After mandate - Face mask wearing,Outings count,0.008307582,51
XGBoost,Brazil,after_mandate,After mandate,mask,Face mask wearing,Brazil_after_mandate_mask,Brazil - After mandate - Face mask wearing,PHQ Depressed: Not At All,0.008198459,52
XGBoost,Brazil,after_mandate,After mandate,mask,Face mask wearing,Brazil_after_mandate_mask,Brazil - After mandate - Face mask wearing,Confidence in the government: None,0.0081968475,53
XGBoost,Brazil,after_mandate,After mandate,mask,Face mask wearing,Brazil_after_mandate_mask,Brazil - After mandate - Face mask wearing,Isolation Ease: Very Difficult,0.008158672,54
XGBoost,Brazil,after_mandate,After mandate,mask,Face mask wearing,Brazil_after_mandate_mask,Brazil - After mandate - Face mask wearing,Household Size,0.008052146,55
XGBoost,Brazil,after_mandate,After mandate,mask,Face mask wearing,Brazil_after_mandate_mask,Brazil - After mandate - Face mask wearing,Physical contact count (with family),0.008023447,56
XGBoost,Brazil,after_mandate,After mandate,mask,Face mask wearing,Brazil_after_mandate_mask,Brazil - After mandate - Face mask wearing,Dry Cough: Yes,0.007917303,57
XGBoost,Brazil,after_mandate,After mandate,mask,Face mask wearing,Brazil_after_mandate_mask,Brazil - After mandate - Face mask wearing,State: Amazonas,0.007854141,58
XGBoost,Brazil,after_mandate,After mandate,mask,Face mask wearing,Brazil_after_mandate_mask,Brazil - After mandate - Face mask wearing,Employment: Retired,0.007815934,59
XGBoost,Brazil,after_mandate,After mandate,mask,Face mask wearing,Brazil_after_mandate_mask,Brazil - After mandate - Face mask wearing,Employment: Unemployed,0.00769051,60
XGBoost,Brazil,after_mandate,After mandate,mask,Face mask wearing,Brazil_after_mandate_mask,Brazil - After mandate - Face mask wearing,State: Tocantins,0.0075761485,61
XGBoost,Brazil,after_mandate,After mandate,mask,Face mask wearing,Brazil_after_mandate_mask,Brazil - After mandate - Face mask wearing,Household COVID Test: Negative,0.007570253,62
XGBoost,Brazil,after_mandate,After mandate,mask,Face mask wearing,Brazil_after_mandate_mask,Brazil - After mandate - Face mask wearing,PHQ Anxiety: Not At All,0.0075205653,63
XGBoost,Brazil,after_mandate,After mandate,mask,Face mask wearing,Brazil_after_mandate_mask,Brazil - After mandate - Face mask wearing,Gov Response: Somewhat Bad,0.007278414,64
XGBoost,Brazil,after_mandate,After mandate,mask,Face mask wearing,Brazil_after_mandate_mask,Brazil - After mandate - Face mask wearing,Employment: Part Time,0.0072149057,65
XGBoost,Brazil,after_mandate,After mandate,mask,Face mask wearing,Brazil_after_mandate_mask,Brazil - After mandate - Face mask wearing,Isolation Ease: Somewhat Difficult,0.007102658,66
XGBoost,Brazil,after_mandate,After mandate,mask,Face mask wearing,Brazil_after_mandate_mask,Brazil - After mandate - Face mask wearing,COVID Fear: Slightly Scared,0.006992159,67
XGBoost,Brazil,after_mandate,After mandate,mask,Face mask wearing,Brazil_after_mandate_mask,Brazil - After mandate - Face mask wearing,Physical contact count (with stranger),0.0069542998,68
XGBoost,Brazil,after_mandate,After mandate,mask,Face mask wearing,Brazil_after_mandate_mask,Brazil - After mandate - Face mask wearing,Is a male?,0.0069182436,69
XGBoost,Brazil,after_mandate,After mandate,mask,Face mask wearing,Brazil_after_mandate_mask,Brazil - After mandate - Face mask wearing,Confidence in the government: High,0.0068087536,70
XGBoost,Brazil,after_mandate,After mandate,mask,Face mask wearing,Brazil_after_mandate_mask,Brazil - After mandate - Face mask wearing,Comorbidity: Prefer Not Say,0.006807102,71
XGBoost,Brazil,after_mandate,After mandate,mask,Face mask wearing,Brazil_after_mandate_mask,Brazil - After mandate - Face mask wearing,PHQ Low Interest: Prefer Not Say,0.00674043,72
XGBoost,Brazil,after_mandate,After mandate,mask,Face mask wearing,Brazil_after_mandate_mask,Brazil - After mandate - Face mask wearing,Happiness Change: Much More,0.0067391368,73
XGBoost,Brazil,after_mandate,After mandate,mask,Face mask wearing,Brazil_after_mandate_mask,Brazil - After mandate - Face mask wearing,PHQ Depressed: Prefer Not Say,0.006517659,74
XGBoost,Brazil,after_mandate,After mandate,mask,Face mask wearing,Brazil_after_mandate_mask,Brazil - After mandate - Face mask wearing,State: Minas Gerais,0.00633727,75
XGBoost,Brazil,after_mandate,After mandate,mask,Face mask wearing,Brazil_after_mandate_mask,Brazil - After mandate - Face mask wearing,PHQ Anxiety: Daily,0.006298796,76
XGBoost,Brazil,after_mandate,After mandate,mask,Face mask wearing,Brazil_after_mandate_mask,Brazil - After mandate - Face mask wearing,PHQ Anxiety: Several Days,0.0062814425,77
XGBoost,Brazil,after_mandate,After mandate,mask,Face mask wearing,Brazil_after_mandate_mask,Brazil - After mandate - Face mask wearing,State: Sao Paulo,0.0059489137,78
XGBoost,Brazil,after_mandate,After mandate,mask,Face mask wearing,Brazil_after_mandate_mask,Brazil - After mandate - Face mask wearing,PHQ Low Interest: Not At All,0.0059060953,79
XGBoost,Brazil,after_mandate,After mandate,mask,Face mask wearing,Brazil_after_mandate_mask,Brazil - After mandate - Face mask wearing,PHQ Depressed: Several Days,0.0055079623,80
XGBoost,Brazil,after_mandate,After mandate,mask,Face mask wearing,Brazil_after_mandate_mask,Brazil - After mandate - Face mask wearing,State: Mato Grosso do Sul,0.00540958,81
XGBoost,Brazil,after_mandate,After mandate,mask,Face mask wearing,Brazil_after_mandate_mask,Brazil - After mandate - Face mask wearing,Gov Response: Very Bad,0.005113728,82
XGBoost,Brazil,after_mandate,After mandate,mask,Face mask wearing,Brazil_after_mandate_mask,Brazil - After mandate - Face mask wearing,State: Ceara,0.0050546397,83
XGBoost,Brazil,after_mandate,After mandate,mask,Face mask wearing,Brazil_after_mandate_mask,Brazil - After mandate - Face mask wearing,Comorbidity: No,0.0043694414,84
XGBoost,Brazil,after_mandate,After mandate,mask,Face mask wearing,Brazil_after_mandate_mask,Brazil - After mandate - Face mask wearing,Comorbidity: Yes,0.004335582,85
XGBoost,Brazil,after_mandate,After mandate,mask,Face mask wearing,Brazil_after_mandate_mask,Brazil - After mandate - Face mask wearing,Confidence in the government: Low,0.0041500824,86
XGBoost,Brazil,after_mandate,After mandate,mask,Face mask wearing,Brazil_after_mandate_mask,Brazil - After mandate - Face mask wearing,State: Rondonia,0.0041394667,87
XGBoost,Brazil,after_mandate,After mandate,mask,Face mask wearing,Brazil_after_mandate_mask,Brazil - After mandate - Face mask wearing,State: Para,0.0040531517,88
XGBoost,Brazil,after_mandate,After mandate,mask,Face mask wearing,Brazil_after_mandate_mask,Brazil - After mandate - Face mask wearing,Fever: No,0.0037814546,89
XGBoost,Brazil,after_mandate,After mandate,mask,Face mask wearing,Brazil_after_mandate_mask,Brazil - After mandate - Face mask wearing,PHQ Worry: Not At All,0.0036191922,90
XGBoost,Brazil,after_mandate,After mandate,mask,Face mask wearing,Brazil_after_mandate_mask,Brazil - After mandate - Face mask wearing,Isolation Willingness: Somewhat Willing,0.003453596,91
XGBoost,Brazil,after_mandate,After mandate,mask,Face mask wearing,Brazil_after_mandate_mask,Brazil - After mandate - Face mask wearing,Fever: Yes,0.0024536035,92
XGBoost,Brazil,after_mandate,After mandate,mask,Face mask wearing,Brazil_after_mandate_mask,Brazil - After mandate - Face mask wearing,No Symptoms: No,0.0013615945,93
XGBoost,Brazil,after_mandate,After mandate,mask,Face mask wearing,Brazil_after_mandate_mask,Brazil - After mandate - Face mask wearing,COVID Test: Negative,0.0,94
XGBoost,Brazil,after_mandate,After mandate,mask,Face mask wearing,Brazil_after_mandate_mask,Brazil - After mandate - Face mask wearing,Isolation Willingness: Unsure,0.0,95
XGBoost,Brazil,after_mandate,After mandate,mask,Face mask wearing,Brazil_after_mandate_mask,Brazil - After mandate - Face mask wearing,State: Roraima,0.0,96
XGBoost,Brazil,after_mandate,After mandate,mask,Face mask wearing,Brazil_after_mandate_mask,Brazil - After mandate - Face mask wearing,Symptom Isolation: Unsure,0.0,97
XGBoost,Brazil,after_mandate,After mandate,mask,Face mask wearing,Brazil_after_mandate_mask,Brazil - After mandate - Face mask wearing,COVID Test: Positive,0.0,98
XGBoost,Brazil,after_mandate,After mandate,mask,Face mask wearing,Brazil_after_mandate_mask,Brazil - After mandate - Face mask wearing,State: Sergipe,0.0,99
XGBoost,Brazil,after_mandate,After mandate,mask,Face mask wearing,Brazil_after_mandate_mask,Brazil - After mandate - Face mask wearing,State: Rio Grande do Norte,0.0,100
XGBoost,Brazil,after_mandate,After mandate,mask,Face mask wearing,Brazil_after_mandate_mask,Brazil - After mandate - Face mask wearing,State: Paraiba,0.0,101
XGBoost,Brazil,after_mandate,After mandate,mask,Face mask wearing,Brazil_after_mandate_mask,Brazil - After mandate - Face mask wearing,State: Amapa,0.0,102
XGBoost,Brazil,after_mandate,After mandate,mask,Face mask wearing,Brazil_after_mandate_mask,Brazil - After mandate - Face mask wearing,State: Maranhao,0.0,103
XGBoost,Brazil,after_mandate,After mandate,mask,Face mask wearing,Brazil_after_mandate_mask,Brazil - After mandate - Face mask wearing,State: Espirito Santo,0.0,104
XGBoost,Brazil,after_mandate,After mandate,mask,Face mask wearing,Brazil_after_mandate_mask,Brazil - After mandate - Face mask wearing,State: Piaui,0.0,105
XGBoost,Brazil,after_mandate,After mandate,mask,Face mask wearing,Brazil_after_mandate_mask,Brazil - After mandate - Face mask wearing,Symptom Isolation: No,0.0,106
XGBoost,Brazil,after_mandate,After mandate,mask,Face mask wearing,Brazil_after_mandate_mask,Brazil - After mandate - Face mask wearing,Household COVID Test: Pending,0.0,107
XGBoost,Brazil,after_mandate,After mandate,mask,Face mask wearing,Brazil_after_mandate_mask,Brazil - After mandate - Face mask wearing,COVID Test: Pending,0.0,108
XGBoost,Brazil,after_mandate,After mandate,mask,Face mask wearing,Brazil_after_mandate_mask,Brazil - After mandate - Face mask wearing,PHQ Low Interest: N/A,0.0,109
XGBoost,Brazil,after_mandate,After mandate,mask,Face mask wearing,Brazil_after_mandate_mask,Brazil - After mandate - Face mask wearing,Household COVID Test: Positive,0.0,110
XGBoost,Brazil,after_mandate,After mandate,mask,Face mask wearing,Brazil_after_mandate_mask,Brazil - After mandate - Face mask wearing,Shortness of Breath: Yes,0.0,111
XGBoost,Brazil,after_mandate,After mandate,mask,Face mask wearing,Brazil_after_mandate_mask,Brazil - After mandate - Face mask wearing,Shortness of Breath: No,0.0,112
XGBoost,Brazil,after_mandate,After mandate,mask,Face mask wearing,Brazil_after_mandate_mask,Brazil - After mandate - Face mask wearing,Loss of Taste: Yes,0.0,113
XGBoost,Brazil,after_mandate,After mandate,mask,Face mask wearing,Brazil_after_mandate_mask,Brazil - After mandate - Face mask wearing,Employment: Student,0.0,114
XGBoost,Brazil,after_mandate,After mandate,mask,Face mask wearing,Brazil_after_mandate_mask,Brazil - After mandate - Face mask wearing,PHQ Anxiety: N/A,0.0,115
XGBoost,Brazil,after_mandate,After mandate,mask,Face mask wearing,Brazil_after_mandate_mask,Brazil - After mandate - Face mask wearing,PHQ Depressed: N/A,0.0,116
XGBoost,Brazil,after_mandate,After mandate,mask,Face mask wearing,Brazil_after_mandate_mask,Brazil - After mandate - Face mask wearing,PHQ Worry: N/A,0.0,117
XGBoost,Brazil,after_mandate,After mandate,mask,Face mask wearing,Brazil_after_mandate_mask,Brazil - After mandate - Face mask wearing,PHQ Anxiety: Prefer Not Say,0.0,118
XGBoost,Brazil,after_mandate,After mandate,mask,Face mask wearing,Brazil_after_mandate_mask,Brazil - After mandate - Face mask wearing,Confidence in the government: N/A,0.0,119
XGBoost,Brazil,after_mandate,After mandate,mask,Face mask wearing,Brazil_after_mandate_mask,Brazil - After mandate - Face mask wearing,COVID Fear: N/A,0.0,120
XGBoost,Brazil,after_mandate,After mandate,mask,Face mask wearing,Brazil_after_mandate_mask,Brazil - After mandate - Face mask wearing,COVID Fear: Had COVID,0.0,121
XGBoost,Brazil,after_mandate,After mandate,mask,Face mask wearing,Brazil_after_mandate_mask,Brazil - After mandate - Face mask wearing,Gov Response: Very Good,0.0,122
XGBoost,Brazil,after_mandate,After mandate,protective,Protective behaviour,Brazil_after_mandate_protective,Brazil - After mandate - Protective behaviour,Isolation Willingness: Very Willing,0.09531482,1
XGBoost,Brazil,after_mandate,After mandate,protective,Protective behaviour,Brazil_after_mandate_protective,Brazil - After mandate - Protective behaviour,COVID Fear: Not Scared,0.030432068,2
XGBoost,Brazil,after_mandate,After mandate,protective,Protective behaviour,Brazil_after_mandate_protective,Brazil - After mandate - Protective behaviour,Symptom Isolation: Yes,0.028487831,3
XGBoost,Brazil,after_mandate,After mandate,protective,Protective behaviour,Brazil_after_mandate_protective,Brazil - After mandate - Protective behaviour,COVID Fear: Slightly Scared,0.028107926,4
XGBoost,Brazil,after_mandate,After mandate,protective,Protective behaviour,Brazil_after_mandate_protective,Brazil - After mandate - Protective behaviour,Outings count,0.027316941,5
XGBoost,Brazil,after_mandate,After mandate,protective,Protective behaviour,Brazil_after_mandate_protective,Brazil - After mandate - Protective behaviour,Handwashing Count,0.0261297,6
XGBoost,Brazil,after_mandate,After mandate,protective,Protective behaviour,Brazil_after_mandate_protective,Brazil - After mandate - Protective behaviour,COVID Fear: Fairly Scared,0.02375422,7
XGBoost,Brazil,after_mandate,After mandate,protective,Protective behaviour,Brazil_after_mandate_protective,Brazil - After mandate - Protective behaviour,COVID Fear: Very Scared,0.02233619,8
XGBoost,Brazil,after_mandate,After mandate,protective,Protective behaviour,Brazil_after_mandate_protective,Brazil - After mandate - Protective behaviour,Symptom Isolation: No,0.020651286,9
XGBoost,Brazil,after_mandate,After mandate,protective,Protective behaviour,Brazil_after_mandate_protective,Brazil - After mandate - Protective behaviour,Physical contact count (with stranger),0.01782574,10
XGBoost,Brazil,after_mandate,After mandate,protective,Protective behaviour,Brazil_after_mandate_protective,Brazil - After mandate - Protective behaviour,Symptom Isolation: Unsure,0.01403093,11
XGBoost,Brazil,after_mandate,After mandate,protective,Protective behaviour,Brazil_after_mandate_protective,Brazil - After mandate - Protective behaviour,Isolation Willingness: Neutral,0.0128007615,12
XGBoost,Brazil,after_mandate,After mandate,protective,Protective behaviour,Brazil_after_mandate_protective,Brazil - After mandate - Protective behaviour,Age,0.012590912,13
XGBoost,Brazil,after_mandate,After mandate,protective,Protective behaviour,Brazil_after_mandate_protective,Brazil - After mandate - Protective behaviour,Gov Response: N/A,0.0121518,14
XGBoost,Brazil,after_mandate,After mandate,protective,Protective behaviour,Brazil_after_mandate_protective,Brazil - After mandate - Protective behaviour,Isolation Willingness: Somewhat Willing,0.012065666,15
XGBoost,Brazil,after_mandate,After mandate,protective,Protective behaviour,Brazil_after_mandate_protective,Brazil - After mandate - Protective behaviour,Is a male?,0.0120176505,16
XGBoost,Brazil,after_mandate,After mandate,protective,Protective behaviour,Brazil_after_mandate_protective,Brazil - After mandate - Protective behaviour,Household COVID Test: Unsure,0.011467406,17
XGBoost,Brazil,after_mandate,After mandate,protective,Protective behaviour,Brazil_after_mandate_protective,Brazil - After mandate - Protective behaviour,State: Maranhao,0.0113707585,18
XGBoost,Brazil,after_mandate,After mandate,protective,Protective behaviour,Brazil_after_mandate_protective,Brazil - After mandate - Protective behaviour,PHQ Depressed: Prefer Not Say,0.011339423,19
XGBoost,Brazil,after_mandate,After mandate,protective,Protective behaviour,Brazil_after_mandate_protective,Brazil - After mandate - Protective behaviour,State: Parana,0.011205815,20
XGBoost,Brazil,after_mandate,After mandate,protective,Protective behaviour,Brazil_after_mandate_protective,Brazil - After mandate - Protective behaviour,PHQ Worry: Daily,0.011022588,21
XGBoost,Brazil,after_mandate,After mandate,protective,Protective behaviour,Brazil_after_mandate_protective,Brazil - After mandate - Protective behaviour,State: Santa Catarina,0.010705688,22
XGBoost,Brazil,after_mandate,After mandate,protective,Protective behaviour,Brazil_after_mandate_protective,Brazil - After mandate - Protective behaviour,State: Ceara,0.010658592,23
XGBoost,Brazil,after_mandate,After mandate,protective,Protective behaviour,Brazil_after_mandate_protective,Brazil - After mandate - Protective behaviour,Week,0.010610542,24
XGBoost,Brazil,after_mandate,After mandate,protective,Protective behaviour,Brazil_after_mandate_protective,Brazil - After mandate - Protective behaviour,Household COVID Test: Pending,0.010594625,25
XGBoost,Brazil,after_mandate,After mandate,protective,Protective behaviour,Brazil_after_mandate_protective,Brazil - After mandate - Protective behaviour,Household COVID Test: Positive,0.010531674,26
XGBoost,Brazil,after_mandate,After mandate,protective,Protective behaviour,Brazil_after_mandate_protective,Brazil - After mandate - Protective behaviour,Confidence in the government: Unknown,0.010479751,27
XGBoost,Brazil,after_mandate,After mandate,protective,Protective behaviour,Brazil_after_mandate_protective,Brazil - After mandate - Protective behaviour,Household COVID Test: Not done,0.010123472,28
XGBoost,Brazil,after_mandate,After mandate,protective,Protective behaviour,Brazil_after_mandate_protective,Brazil - After mandate - Protective behaviour,State: Sao Paulo,0.0099431705,29
XGBoost,Brazil,after_mandate,After mandate,protective,Protective behaviour,Brazil_after_mandate_protective,Brazil - After mandate - Protective behaviour,Happiness Change: Somewhat Less,0.009870133,30
XGBoost,Brazil,after_mandate,After mandate,protective,Protective behaviour,Brazil_after_mandate_protective,Brazil - After mandate - Protective behaviour,Isolation Ease: Very Difficult,0.009710526,31
XGBoost,Brazil,after_mandate,After mandate,protective,Protective behaviour,Brazil_after_mandate_protective,Brazil - After mandate - Protective behaviour,Shortness of Breath: No,0.009695082,32
XGBoost,Brazil,after_mandate,After mandate,protective,Protective behaviour,Brazil_after_mandate_protective,Brazil - After mandate - Protective behaviour,Physical contact count (with family),0.009693551,33
XGBoost,Brazil,after_mandate,After mandate,protective,Protective behaviour,Brazil_after_mandate_protective,Brazil - After mandate - Protective behaviour,Isolation Willingness: Very Unwilling,0.009688696,34
XGBoost,Brazil,after_mandate,After mandate,protective,Protective behaviour,Brazil_after_mandate_protective,Brazil - After mandate - Protective behaviour,PHQ Low Interest: Daily,0.009578814,35
XGBoost,Brazil,after_mandate,After mandate,protective,Protective behaviour,Brazil_after_mandate_protective,Brazil - After mandate - Protective behaviour,State: Bahia,0.009536482,36
XGBoost,Brazil,after_mandate,After mandate,protective,Protective behaviour,Brazil_after_mandate_protective,Brazil - After mandate - Protective behaviour,PHQ Depressed: Daily,0.009336427,37
XGBoost,Brazil,after_mandate,After mandate,protective,Protective behaviour,Brazil_after_mandate_protective,Brazil - After mandate - Protective behaviour,Confidence in the government: High,0.00930569,38
XGBoost,Brazil,after_mandate,After mandate,protective,Protective behaviour,Brazil_after_mandate_protective,Brazil - After mandate - Protective behaviour,State: Para,0.009288051,39
XGBoost,Brazil,after_mandate,After mandate,protective,Protective behaviour,Brazil_after_mandate_protective,Brazil - After mandate - Protective behaviour,Employment: Other,0.008971908,40
XGBoost,Brazil,after_mandate,After mandate,protective,Protective behaviour,Brazil_after_mandate_protective,Brazil - After mandate - Protective behaviour,Isolation Ease: Somewhat Easy,0.0088401735,41
XGBoost,Brazil,after_mandate,After mandate,protective,Protective behaviour,Brazil_after_mandate_protective,Brazil - After mandate - Protective behaviour,Confidence in the government: Low,0.008777129,42
XGBoost,Brazil,after_mandate,After mandate,protective,Protective behaviour,Brazil_after_mandate_protective,Brazil - After mandate - Protective behaviour,Employment: Unemployed,0.008572791,43
XGBoost,Brazil,after_mandate,After mandate,protective,Protective behaviour,Brazil_after_mandate_protective,Brazil - After mandate - Protective behaviour,Happiness Change: N/A,0.00852526,44
XGBoost,Brazil,after_mandate,After mandate,protective,Protective behaviour,Brazil_after_mandate_protective,Brazil - After mandate - Protective behaviour,Household Size,0.008297542,45
XGBoost,Brazil,after_mandate,After mandate,protective,Protective behaviour,Brazil_after_mandate_protective,Brazil - After mandate - Protective behaviour,State: Alagoas,0.008227865,46
XGBoost,Brazil,after_mandate,After mandate,protective,Protective behaviour,Brazil_after_mandate_protective,Brazil - After mandate - Protective behaviour,Employment: Retired,0.008186315,47
XGBoost,Brazil,after_mandate,After mandate,protective,Protective behaviour,Brazil_after_mandate_protective,Brazil - After mandate - Protective behaviour,State: Paraiba,0.008165473,48
XGBoost,Brazil,after_mandate,After mandate,protective,Protective behaviour,Brazil_after_mandate_protective,Brazil - After mandate - Protective behaviour,Isolation Ease: Very Easy,0.00804743,49
XGBoost,Brazil,after_mandate,After mandate,protective,Protective behaviour,Brazil_after_mandate_protective,Brazil - After mandate - Protective behaviour,Dry Cough: Yes,0.007970666,50
XGBoost,Brazil,after_mandate,After mandate,protective,Protective behaviour,Brazil_after_mandate_protective,Brazil - After mandate - Protective behaviour,No Symptoms: Yes,0.00780534,51
XGBoost,Brazil,after_mandate,After mandate,protective,Protective behaviour,Brazil_after_mandate_protective,Brazil - After mandate - Protective behaviour,PHQ Depressed: Several Days,0.007803864,52
XGBoost,Brazil,after_mandate,After mandate,protective,Protective behaviour,Brazil_after_mandate_protective,Brazil - After mandate - Protective behaviour,COVID Test: Negative,0.0074036513,53
XGBoost,Brazil,after_mandate,After mandate,protective,Protective behaviour,Brazil_after_mandate_protective,Brazil - After mandate - Protective behaviour,Isolation Willingness: Somewhat Unwilling,0.007380579,54
XGBoost,Brazil,after_mandate,After mandate,protective,Protective behaviour,Brazil_after_mandate_protective,Brazil - After mandate - Protective behaviour,Loss of Smell: No,0.0072054425,55
XGBoost,Brazil,after_mandate,After mandate,protective,Protective behaviour,Brazil_after_mandate_protective,Brazil - After mandate - Protective behaviour,Isolation Ease: Neutral,0.007147768,56
XGBoost,Brazil,after_mandate,After mandate,protective,Protective behaviour,Brazil_after_mandate_protective,Brazil - After mandate - Protective behaviour,PHQ Anxiety: Daily,0.007069193,57
XGBoost,Brazil,after_mandate,After mandate,protective,Protective behaviour,Brazil_after_mandate_protective,Brazil - After mandate - Protective behaviour,Employment: Part Time,0.0070634834,58
XGBoost,Brazil,after_mandate,After mandate,protective,Protective behaviour,Brazil_after_mandate_protective,Brazil - After mandate - Protective behaviour,State: Pernambuco,0.0069764415,59
XGBoost,Brazil,after_mandate,After mandate,protective,Protective behaviour,Brazil_after_mandate_protective,Brazil - After mandate - Protective behaviour,State: Mato Grosso do Sul,0.006768543,60
XGBoost,Brazil,after_mandate,After mandate,protective,Protective behaviour,Brazil_after_mandate_protective,Brazil - After mandate - Protective behaviour,PHQ Worry: Prefer Not Say,0.0066010053,61
XGBoost,Brazil,after_mandate,After mandate,protective,Protective behaviour,Brazil_after_mandate_protective,Brazil - After mandate - Protective behaviour,Gov Response: Somewhat Bad,0.0065886243,62
XGBoost,Brazil,after_mandate,After mandate,protective,Protective behaviour,Brazil_after_mandate_protective,Brazil - After mandate - Protective behaviour,PHQ Anxiety: Several Days,0.006568879,63
XGBoost,Brazil,after_mandate,After mandate,protective,Protective behaviour,Brazil_after_mandate_protective,Brazil - After mandate - Protective behaviour,PHQ Worry: Several Days,0.0064739445,64
XGBoost,Brazil,after_mandate,After mandate,protective,Protective behaviour,Brazil_after_mandate_protective,Brazil - After mandate - Protective behaviour,Confidence in the government: None,0.006433213,65
XGBoost,Brazil,after_mandate,After mandate,protective,Protective behaviour,Brazil_after_mandate_protective,Brazil - After mandate - Protective behaviour,Shortness of Breath: Yes,0.006373429,66
XGBoost,Brazil,after_mandate,After mandate,protective,Protective behaviour,Brazil_after_mandate_protective,Brazil - After mandate - Protective behaviour,COVID Test: Not done,0.0063662175,67
XGBoost,Brazil,after_mandate,After mandate,protective,Protective behaviour,Brazil_after_mandate_protective,Brazil - After mandate - Protective behaviour,State: Distrito Federal,0.006327778,68
XGBoost,Brazil,after_mandate,After mandate,protective,Protective behaviour,Brazil_after_mandate_protective,Brazil - After mandate - Protective behaviour,Gov Response: Somewhat Good,0.006313877,69
XGBoost,Brazil,after_mandate,After mandate,protective,Protective behaviour,Brazil_after_mandate_protective,Brazil - After mandate - Protective behaviour,PHQ Low Interest: Several Days,0.006291495,70
XGBoost,Brazil,after_mandate,After mandate,protective,Protective behaviour,Brazil_after_mandate_protective,Brazil - After mandate - Protective behaviour,PHQ Depressed: Not At All,0.0062445826,71
XGBoost,Brazil,after_mandate,After mandate,protective,Protective behaviour,Brazil_after_mandate_protective,Brazil - After mandate - Protective behaviour,State: Piaui,0.0061431024,72
XGBoost,Brazil,after_mandate,After mandate,protective,Protective behaviour,Brazil_after_mandate_protective,Brazil - After mandate - Protective behaviour,Fever: Yes,0.006030556,73
XGBoost,Brazil,after_mandate,After mandate,protective,Protective behaviour,Brazil_after_mandate_protective,Brazil - After mandate - Protective behaviour,Isolation Willingness: Unsure,0.0059356103,74
XGBoost,Brazil,after_mandate,After mandate,protective,Protective behaviour,Brazil_after_mandate_protective,Brazil - After mandate - Protective behaviour,Comorbidity: No,0.0058691655,75
XGBoost,Brazil,after_mandate,After mandate,protective,Protective behaviour,Brazil_after_mandate_protective,Brazil - After mandate - Protective behaviour,Comorbidity: Yes,0.0058407653,76
XGBoost,Brazil,after_mandate,After mandate,protective,Protective behaviour,Brazil_after_mandate_protective,Brazil - After mandate - Protective behaviour,PHQ Worry: Not At All,0.005767857,77
XGBoost,Brazil,after_mandate,After mandate,protective,Protective behaviour,Brazil_after_mandate_protective,Brazil - After mandate - Protective behaviour,Employment: Student,0.005756797,78
XGBoost,Brazil,after_mandate,After mandate,protective,Protective behaviour,Brazil_after_mandate_protective,Brazil - After mandate - Protective behaviour,Isolation Ease: Somewhat Difficult,0.0057080956,79
XGBoost,Brazil,after_mandate,After mandate,protective,Protective behaviour,Brazil_after_mandate_protective,Brazil - After mandate - Protective behaviour,Employment: Not Working,0.0056490665,80
XGBoost,Brazil,after_mandate,After mandate,protective,Protective behaviour,Brazil_after_mandate_protective,Brazil - After mandate - Protective behaviour,Gov Response: Very Bad,0.005588614,81
XGBoost,Brazil,after_mandate,After mandate,protective,Protective behaviour,Brazil_after_mandate_protective,Brazil - After mandate - Protective behaviour,State: Minas Gerais,0.005574851,82
XGBoost,Brazil,after_mandate,After mandate,protective,Protective behaviour,Brazil_after_mandate_protective,Brazil - After mandate - Protective behaviour,Household COVID Test: Negative,0.0055693784,83
XGBoost,Brazil,after_mandate,After mandate,protective,Protective behaviour,Brazil_after_mandate_protective,Brazil - After mandate - Protective behaviour,State: Amazonas,0.005552208,84
XGBoost,Brazil,after_mandate,After mandate,protective,Protective behaviour,Brazil_after_mandate_protective,Brazil - After mandate - Protective behaviour,Loss of Taste: Yes,0.0054834005,85
XGBoost,Brazil,after_mandate,After mandate,protective,Protective behaviour,Brazil_after_mandate_protective,Brazil - After mandate - Protective behaviour,State: Rio Grande do Sul,0.0054802164,86
XGBoost,Brazil,after_mandate,After mandate,protective,Protective behaviour,Brazil_after_mandate_protective,Brazil - After mandate - Protective behaviour,Happiness Change: Much More,0.005415115,87
XGBoost,Brazil,after_mandate,After mandate,protective,Protective behaviour,Brazil_after_mandate_protective,Brazil - After mandate - Protective behaviour,PHQ Anxiety: Not At All,0.0054048956,88
XGBoost,Brazil,after_mandate,After mandate,protective,Protective behaviour,Brazil_after_mandate_protective,Brazil - After mandate - Protective behaviour,Happiness Change: Much Less,0.005356138,89
XGBoost,Brazil,after_mandate,After mandate,protective,Protective behaviour,Brazil_after_mandate_protective,Brazil - After mandate - Protective behaviour,Happiness Change: Somewhat More,0.004993486,90
XGBoost,Brazil,after_mandate,After mandate,protective,Protective behaviour,Brazil_after_mandate_protective,Brazil - After mandate - Protective behaviour,State: Mato Grosso,0.004649894,91
XGBoost,Brazil,after_mandate,After mandate,protective,Protective behaviour,Brazil_after_mandate_protective,Brazil - After mandate - Protective behaviour,No Symptoms: No,0.004643752,92
XGBoost,Brazil,after_mandate,After mandate,protective,Protective behaviour,Brazil_after_mandate_protective,Brazil - After mandate - Protective behaviour,State: Rio de Janeiro,0.0041406457,93
XGBoost,Brazil,after_mandate,After mandate,protective,Protective behaviour,Brazil_after_mandate_protective,Brazil - After mandate - Protective behaviour,PHQ Low Interest: Prefer Not Say,0.00400857,94
XGBoost,Brazil,after_mandate,After mandate,protective,Protective behaviour,Brazil_after_mandate_protective,Brazil - After mandate - Protective behaviour,PHQ Low Interest: Not At All,0.0032903259,95
XGBoost,Brazil,after_mandate,After mandate,protective,Protective behaviour,Brazil_after_mandate_protective,Brazil - After mandate - Protective behaviour,Fever: No,0.0027561805,96
XGBoost,Brazil,after_mandate,After mandate,protective,Protective behaviour,Brazil_after_mandate_protective,Brazil - After mandate - Protective behaviour,Gov Response: Very Good,0.001829955,97
XGBoost,Brazil,after_mandate,After mandate,protective,Protective behaviour,Brazil_after_mandate_protective,Brazil - After mandate - Protective behaviour,State: Amapa,0.0,98
XGBoost,Brazil,after_mandate,After mandate,protective,Protective behaviour,Brazil_after_mandate_protective,Brazil - After mandate - Protective behaviour,State: Goias,0.0,99
XGBoost,Brazil,after_mandate,After mandate,protective,Protective behaviour,Brazil_after_mandate_protective,Brazil - After mandate - Protective behaviour,State: Espirito Santo,0.0,100
XGBoost,Brazil,after_mandate,After mandate,protective,Protective behaviour,Brazil_after_mandate_protective,Brazil - After mandate - Protective behaviour,State: Rondonia,0.0,101
XGBoost,Brazil,after_mandate,After mandate,protective,Protective behaviour,Brazil_after_mandate_protective,Brazil - After mandate - Protective behaviour,State: Sergipe,0.0,102
XGBoost,Brazil,after_mandate,After mandate,protective,Protective behaviour,Brazil_after_mandate_protective,Brazil - After mandate - Protective behaviour,State: Roraima,0.0,103
XGBoost,Brazil,after_mandate,After mandate,protective,Protective behaviour,Brazil_after_mandate_protective,Brazil - After mandate - Protective behaviour,State: Tocantins,0.0,104
XGBoost,Brazil,after_mandate,After mandate,protective,Protective behaviour,Brazil_after_mandate_protective,Brazil - After mandate - Protective behaviour,Isolation Ease: Unsure,0.0,105
XGBoost,Brazil,after_mandate,After mandate,protective,Protective behaviour,Brazil_after_mandate_protective,Brazil - After mandate - Protective behaviour,COVID Test: Pending,0.0,106
XGBoost,Brazil,after_mandate,After mandate,protective,Protective behaviour,Brazil_after_mandate_protective,Brazil - After mandate - Protective behaviour,COVID Test: Positive,0.0,107
XGBoost,Brazil,after_mandate,After mandate,protective,Protective behaviour,Brazil_after_mandate_protective,Brazil - After mandate - Protective behaviour,State: Rio Grande do Norte,0.0,108
XGBoost,Brazil,after_mandate,After mandate,protective,Protective behaviour,Brazil_after_mandate_protective,Brazil - After mandate - Protective behaviour,PHQ Depressed: N/A,0.0,109
XGBoost,Brazil,after_mandate,After mandate,protective,Protective behaviour,Brazil_after_mandate_protective,Brazil - After mandate - Protective behaviour,Dry Cough: No,0.0,110
XGBoost,Brazil,after_mandate,After mandate,protective,Protective behaviour,Brazil_after_mandate_protective,Brazil - After mandate - Protective behaviour,Loss of Taste: No,0.0,111
XGBoost,Brazil,after_mandate,After mandate,protective,Protective behaviour,Brazil_after_mandate_protective,Brazil - After mandate - Protective behaviour,PHQ Low Interest: N/A,0.0,112
XGBoost,Brazil,after_mandate,After mandate,protective,Protective behaviour,Brazil_after_mandate_protective,Brazil - After mandate - Protective behaviour,Loss of Smell: Yes,0.0,113
XGBoost,Brazil,after_mandate,After mandate,protective,Protective behaviour,Brazil_after_mandate_protective,Brazil - After mandate - Protective behaviour,PHQ Anxiety: N/A,0.0,114
XGBoost,Brazil,after_mandate,After mandate,protective,Protective behaviour,Brazil_after_mandate_protective,Brazil - After mandate - Protective behaviour,Confidence in the government: N/A,0.0,115
XGBoost,Brazil,after_mandate,After mandate,protective,Protective behaviour,Brazil_after_mandate_protective,Brazil - After mandate - Protective behaviour,PHQ Worry: N/A,0.0,116
XGBoost,Brazil,after_mandate,After mandate,protective,Protective behaviour,Brazil_after_mandate_protective,Brazil - After mandate - Protective behaviour,PHQ Anxiety: Prefer Not Say,0.0,117
XGBoost,Brazil,after_mandate,After mandate,protective,Protective behaviour,Brazil_after_mandate_protective,Brazil - After mandate - Protective behaviour,COVID Fear: Had COVID,0.0,118
XGBoost,Brazil,after_mandate,After mandate,protective,Protective behaviour,Brazil_after_mandate_protective,Brazil - After mandate - Protective behaviour,COVID Fear: N/A,0.0,119
XGBoost,Brazil,after_mandate,After mandate,protective,Protective behaviour,Brazil_after_mandate_protective,Brazil - After mandate - Protective behaviour,Happiness Change: Unknown,0.0,120
XGBoost,Brazil,after_mandate,After mandate,protective,Protective behaviour,Brazil_after_mandate_protective,Brazil - After mandate - Protective behaviour,Comorbidity: Prefer Not Say,0.0,121
XGBoost,Canada,before_mandate,Before mandate,mask,Face mask wearing,Canada_before_mandate_mask,Canada - Before mandate - Face mask wearing,Non-Mask Protective Behavior Score,0.10356952,1
XGBoost,Canada,before_mandate,Before mandate,mask,Face mask wearing,Canada_before_mandate_mask,Canada - Before mandate - Face mask wearing,Isolation Willingness: Very Willing,0.06896093,2
XGBoost,Canada,before_mandate,Before mandate,mask,Face mask wearing,Canada_before_mandate_mask,Canada - Before mandate - Face mask wearing,State: Ontario,0.052574858,3
XGBoost,Canada,before_mandate,Before mandate,mask,Face mask wearing,Canada_before_mandate_mask,Canada - Before mandate - Face mask wearing,Week,0.04178307,4
XGBoost,Canada,before_mandate,Before mandate,mask,Face mask wearing,Canada_before_mandate_mask,Canada - Before mandate - Face mask wearing,Confidence in the government: None,0.029314527,5
XGBoost,Canada,before_mandate,Before mandate,mask,Face mask wearing,Canada_before_mandate_mask,Canada - Before mandate - Face mask wearing,Gov Response: Very Bad,0.028336616,6
XGBoost,Canada,before_mandate,Before mandate,mask,Face mask wearing,Canada_before_mandate_mask,Canada - Before mandate - Face mask wearing,State: British Columbia,0.024638383,7
XGBoost,Canada,before_mandate,Before mandate,mask,Face mask wearing,Canada_before_mandate_mask,Canada - Before mandate - Face mask wearing,PHQ Anxiety: N/A,0.021515394,8
XGBoost,Canada,before_mandate,Before mandate,mask,Face mask wearing,Canada_before_mandate_mask,Canada - Before mandate - Face mask wearing,Symptom Isolation: Unsure,0.02057308,9
XGBoost,Canada,before_mandate,Before mandate,mask,Face mask wearing,Canada_before_mandate_mask,Canada - Before mandate - Face mask wearing,Employment: Not Working,0.019325856,10
XGBoost,Canada,before_mandate,Before mandate,mask,Face mask wearing,Canada_before_mandate_mask,Canada - Before mandate - Face mask wearing,COVID Severity,0.018643491,11
XGBoost,Canada,before_mandate,Before mandate,mask,Face mask wearing,Canada_before_mandate_mask,Canada - Before mandate - Face mask wearing,Is a male?,0.018510893,12
XGBoost,Canada,before_mandate,Before mandate,mask,Face mask wearing,Canada_before_mandate_mask,Canada - Before mandate - Face mask wearing,Gov Response: Somewhat Good,0.017835006,13
XGBoost,Canada,before_mandate,Before mandate,mask,Face mask wearing,Canada_before_mandate_mask,Canada - Before mandate - Face mask wearing,Confidence in the government: High,0.017704977,14
XGBoost,Canada,before_mandate,Before mandate,mask,Face mask wearing,Canada_before_mandate_mask,Canada - Before mandate - Face mask wearing,Isolation Willingness: Somewhat Willing,0.017236523,15
XGBoost,Canada,before_mandate,Before mandate,mask,Face mask wearing,Canada_before_mandate_mask,Canada - Before mandate - Face mask wearing,PHQ Low Interest: N/A,0.016018678,16
XGBoost,Canada,before_mandate,Before mandate,mask,Face mask wearing,Canada_before_mandate_mask,Canada - Before mandate - Face mask wearing,Isolation Willingness: Somewhat Unwilling,0.01562534,17
XGBoost,Canada,before_mandate,Before mandate,mask,Face mask wearing,Canada_before_mandate_mask,Canada - Before mandate - Face mask wearing,Gov Response: Very Good,0.015572645,18
XGBoost,Canada,before_mandate,Before mandate,mask,Face mask wearing,Canada_before_mandate_mask,Canada - Before mandate - Face mask wearing,State: Quebec,0.014809828,19
XGBoost,Canada,before_mandate,Before mandate,mask,Face mask wearing,Canada_before_mandate_mask,Canada - Before mandate - Face mask wearing,Employment: Retired,0.0135374,20
XGBoost,Canada,before_mandate,Before mandate,mask,Face mask wearing,Canada_before_mandate_mask,Canada - Before mandate - Face mask wearing,Employment: Unemployed,0.013340092,21
XGBoost,Canada,before_mandate,Before mandate,mask,Face mask wearing,Canada_before_mandate_mask,Canada - Before mandate - Face mask wearing,PHQ Worry: N/A,0.0133204,22
XGBoost,Canada,before_mandate,Before mandate,mask,Face mask wearing,Canada_before_mandate_mask,Canada - Before mandate - Face mask wearing,Gov Response: Somewhat Bad,0.013236625,23
XGBoost,Canada,before_mandate,Before mandate,mask,Face mask wearing,Canada_before_mandate_mask,Canada - Before mandate - Face mask wearing,Age,0.013161693,24
XGBoost,Canada,before_mandate,Before mandate,mask,Face mask wearing,Canada_before_mandate_mask,Canada - Before mandate - Face mask wearing,PHQ Depressed: Daily,0.013128254,25
XGBoost,Canada,before_mandate,Before mandate,mask,Face mask wearing,Canada_before_mandate_mask,Canada - Before mandate - Face mask wearing,Isolation Willingness: Neutral,0.012941333,26
XGBoost,Canada,before_mandate,Before mandate,mask,Face mask wearing,Canada_before_mandate_mask,Canada - Before mandate - Face mask wearing,State: Newfoundland and Labrador,0.01278999,27
XGBoost,Canada,before_mandate,Before mandate,mask,Face mask wearing,Canada_before_mandate_mask,Canada - Before mandate - Face mask wearing,Household Size,0.012661628,28
XGBoost,Canada,before_mandate,Before mandate,mask,Face mask wearing,Canada_before_mandate_mask,Canada - Before mandate - Face mask wearing,Physical contact count (with stranger),0.012600212,29
XGBoost,Canada,before_mandate,Before mandate,mask,Face mask wearing,Canada_before_mandate_mask,Canada - Before mandate - Face mask wearing,PHQ Depressed: Several Days,0.01254503,30
XGBoost,Canada,before_mandate,Before mandate,mask,Face mask wearing,Canada_before_mandate_mask,Canada - Before mandate - Face mask wearing,PHQ Worry: Several Days,0.012334837,31
XGBoost,Canada,before_mandate,Before mandate,mask,Face mask wearing,Canada_before_mandate_mask,Canada - Before mandate - Face mask wearing,Isolation Willingness: Unsure,0.012249667,32
XGBoost,Canada,before_mandate,Before mandate,mask,Face mask wearing,Canada_before_mandate_mask,Canada - Before mandate - Face mask wearing,Isolation Willingness: Very Unwilling,0.012029796,33
XGBoost,Canada,before_mandate,Before mandate,mask,Face mask wearing,Canada_before_mandate_mask,Canada - Before mandate - Face mask wearing,PHQ Low Interest: Prefer Not Say,0.011584645,34
XGBoost,Canada,before_mandate,Before mandate,mask,Face mask wearing,Canada_before_mandate_mask,Canada - Before mandate - Face mask wearing,State: New Brunswick,0.011535268,35
XGBoost,Canada,before_mandate,Before mandate,mask,Face mask wearing,Canada_before_mandate_mask,Canada - Before mandate - Face mask wearing,PHQ Low Interest: Not At All,0.011391038,36
XGBoost,Canada,before_mandate,Before mandate,mask,Face mask wearing,Canada_before_mandate_mask,Canada - Before mandate - Face mask wearing,PHQ Low Interest: Daily,0.011148834,37
XGBoost,Canada,before_mandate,Before mandate,mask,Face mask wearing,Canada_before_mandate_mask,Canada - Before mandate - Face mask wearing,PHQ Worry: Not At All,0.011124029,38
XGBoost,Canada,before_mandate,Before mandate,mask,Face mask wearing,Canada_before_mandate_mask,Canada - Before mandate - Face mask wearing,Confidence in the government: Low,0.011016186,39
XGBoost,Canada,before_mandate,Before mandate,mask,Face mask wearing,Canada_before_mandate_mask,Canada - Before mandate - Face mask wearing,Employment: Part Time,0.010986426,40
XGBoost,Canada,before_mandate,Before mandate,mask,Face mask wearing,Canada_before_mandate_mask,Canada - Before mandate - Face mask wearing,Confidence in the government: Unknown,0.010982373,41
XGBoost,Canada,before_mandate,Before mandate,mask,Face mask wearing,Canada_before_mandate_mask,Canada - Before mandate - Face mask wearing,PHQ Depressed: N/A,0.010601985,42
XGBoost,Canada,before_mandate,Before mandate,mask,Face mask wearing,Canada_before_mandate_mask,Canada - Before mandate - Face mask wearing,PHQ Low Interest: Several Days,0.010585777,43
XGBoost,Canada,before_mandate,Before mandate,mask,Face mask wearing,Canada_before_mandate_mask,Canada - Before mandate - Face mask wearing,COVID Infection Risk,0.010520518,44
XGBoost,Canada,before_mandate,Before mandate,mask,Face mask wearing,Canada_before_mandate_mask,Canada - Before mandate - Face mask wearing,State: Saskatchewan,0.010254225,45
XGBoost,Canada,before_mandate,Before mandate,mask,Face mask wearing,Canada_before_mandate_mask,Canada - Before mandate - Face mask wearing,PHQ Worry: Daily,0.010231945,46
XGBoost,Canada,before_mandate,Before mandate,mask,Face mask wearing,Canada_before_mandate_mask,Canada - Before mandate - Face mask wearing,PHQ Anxiety: Daily,0.01022138,47
XGBoost,Canada,before_mandate,Before mandate,mask,Face mask wearing,Canada_before_mandate_mask,Canada - Before mandate - Face mask wearing,Employment: Student,0.010112076,48
XGBoost,Canada,before_mandate,Before mandate,mask,Face mask wearing,Canada_before_mandate_mask,Canada - Before mandate - Face mask wearing,PHQ Worry: Prefer Not Say,0.010048436,49
XGBoost,Canada,before_mandate,Before mandate,mask,Face mask wearing,Canada_before_mandate_mask,Canada - Before mandate - Face mask wearing,State: Manitoba,0.009872898,50
XGBoost,Canada,before_mandate,Before mandate,mask,Face mask wearing,Canada_before_mandate_mask,Canada - Before mandate - Face mask wearing,PHQ Anxiety: Not At All,0.009615501,51
XGBoost,Canada,before_mandate,Before mandate,mask,Face mask wearing,Canada_before_mandate_mask,Canada - Before mandate - Face mask wearing,Symptom Isolation: No,0.009346706,52
XGBoost,Canada,before_mandate,Before mandate,mask,Face mask wearing,Canada_before_mandate_mask,Canada - Before mandate - Face mask wearing,Symptom Isolation: Yes,0.009338198,53
XGBoost,Canada,before_mandate,Before mandate,mask,Face mask wearing,Canada_before_mandate_mask,Canada - Before mandate - Face mask wearing,PHQ Anxiety: Several Days,0.00909071,54
XGBoost,Canada,before_mandate,Before mandate,mask,Face mask wearing,Canada_before_mandate_mask,Canada - Before mandate - Face mask wearing,PHQ Depressed: Prefer Not Say,0.008891394,55
XGBoost,Canada,before_mandate,Before mandate,mask,Face mask wearing,Canada_before_mandate_mask,Canada - Before mandate - Face mask wearing,PHQ Depressed: Not At All,0.00844406,56
XGBoost,Canada,before_mandate,Before mandate,mask,Face mask wearing,Canada_before_mandate_mask,Canada - Before mandate - Face mask wearing,Employment: Other,0.008308733,57
XGBoost,Canada,before_mandate,Before mandate,mask,Face mask wearing,Canada_before_mandate_mask,Canada - Before mandate - Face mask wearing,PHQ Anxiety: Prefer Not Say,0.0073611126,58
XGBoost,Canada,before_mandate,Before mandate,mask,Face mask wearing,Canada_before_mandate_mask,Canada - Before mandate - Face mask wearing,State: Prince Edward Island,0.0049590017,59
XGBoost,Canada,before_mandate,Before mandate,mask,Face mask wearing,Canada_before_mandate_mask,Canada - Before mandate - Face mask wearing,State: Yukon,0.0,60
XGBoost,Canada,before_mandate,Before mandate,mask,Face mask wearing,Canada_before_mandate_mask,Canada - Before mandate - Face mask wearing,State: Nunavut,0.0,61
XGBoost,Canada,before_mandate,Before mandate,mask,Face mask wearing,Canada_before_mandate_mask,Canada - Before mandate - Face mask wearing,State: Northwest Territories,0.0,62
XGBoost,Canada,before_mandate,Before mandate,mask,Face mask wearing,Canada_before_mandate_mask,Canada - Before mandate - Face mask wearing,State: Nova Scotia,0.0,63
XGBoost,Canada,before_mandate,Before mandate,protective,Protective behaviour,Canada_before_mandate_protective,Canada - Before mandate - Protective behaviour,Isolation Willingness: Very Willing,0.15547125,1
XGBoost,Canada,before_mandate,Before mandate,protective,Protective behaviour,Canada_before_mandate_protective,Canada - Before mandate - Protective behaviour,COVID Severity,0.044118565,2
XGBoost,Canada,before_mandate,Before mandate,protective,Protective behaviour,Canada_before_mandate_protective,Canada - Before mandate - Protective behaviour,Symptom Isolation: Yes,0.030813498,3
XGBoost,Canada,before_mandate,Before mandate,protective,Protective behaviour,Canada_before_mandate_protective,Canada - Before mandate - Protective behaviour,Isolation Willingness: Somewhat Unwilling,0.027363788,4
XGBoost,Canada,before_mandate,Before mandate,protective,Protective behaviour,Canada_before_mandate_protective,Canada - Before mandate - Protective behaviour,Physical contact count (with stranger),0.025673477,5
XGBoost,Canada,before_mandate,Before mandate,protective,Protective behaviour,Canada_before_mandate_protective,Canada - Before mandate - Protective behaviour,Gov Response: Very Bad,0.022930019,6
XGBoost,Canada,before_mandate,Before mandate,protective,Protective behaviour,Canada_before_mandate_protective,Canada - Before mandate - Protective behaviour,Symptom Isolation: Unsure,0.02269288,7
XGBoost,Canada,before_mandate,Before mandate,protective,Protective behaviour,Canada_before_mandate_protective,Canada - Before mandate - Protective behaviour,Isolation Willingness: Very Unwilling,0.02193936,8
XGBoost,Canada,before_mandate,Before mandate,protective,Protective behaviour,Canada_before_mandate_protective,Canada - Before mandate - Protective behaviour,State: Saskatchewan,0.021817725,9
XGBoost,Canada,before_mandate,Before mandate,protective,Protective behaviour,Canada_before_mandate_protective,Canada - Before mandate - Protective behaviour,Week,0.019850355,10
XGBoost,Canada,before_mandate,Before mandate,protective,Protective behaviour,Canada_before_mandate_protective,Canada - Before mandate - Protective behaviour,Isolation Willingness: Neutral,0.01945755,11
XGBoost,Canada,before_mandate,Before mandate,protective,Protective behaviour,Canada_before_mandate_protective,Canada - Before mandate - Protective behaviour,Confidence in the government: None,0.01879047,12
XGBoost,Canada,before_mandate,Before mandate,protective,Protective behaviour,Canada_before_mandate_protective,Canada - Before mandate - Protective behaviour,Symptom Isolation: No,0.018542519,13
XGBoost,Canada,before_mandate,Before mandate,protective,Protective behaviour,Canada_before_mandate_protective,Canada - Before mandate - Protective behaviour,State: New Brunswick,0.016815513,14
XGBoost,Canada,before_mandate,Before mandate,protective,Protective behaviour,Canada_before_mandate_protective,Canada - Before mandate - Protective behaviour,State: Ontario,0.016357703,15
XGBoost,Canada,before_mandate,Before mandate,protective,Protective behaviour,Canada_before_mandate_protective,Canada - Before mandate - Protective behaviour,State: Quebec,0.016192356,16
XGBoost,Canada,before_mandate,Before mandate,protective,Protective behaviour,Canada_before_mandate_protective,Canada - Before mandate - Protective behaviour,Confidence in the government: Unknown,0.015728958,17
XGBoost,Canada,before_mandate,Before mandate,protective,Protective behaviour,Canada_before_mandate_protective,Canada - Before mandate - Protective behaviour,Is a male?,0.01569189,18
XGBoost,Canada,before_mandate,Before mandate,protective,Protective behaviour,Canada_before_mandate_protective,Canada - Before mandate - Protective behaviour,PHQ Worry: Daily,0.014830191,19
XGBoost,Canada,before_mandate,Before mandate,protective,Protective behaviour,Canada_before_mandate_protective,Canada - Before mandate - Protective behaviour,Employment: Retired,0.014766727,20
XGBoost,Canada,before_mandate,Before mandate,protective,Protective behaviour,Canada_before_mandate_protective,Canada - Before mandate - Protective behaviour,Age,0.014748026,21
XGBoost,Canada,before_mandate,Before mandate,protective,Protective behaviour,Canada_before_mandate_protective,Canada - Before mandate - Protective behaviour,State: Manitoba,0.014295653,22
XGBoost,Canada,before_mandate,Before mandate,protective,Protective behaviour,Canada_before_mandate_protective,Canada - Before mandate - Protective behaviour,Gov Response: Very Good,0.013975955,23
XGBoost,Canada,before_mandate,Before mandate,protective,Protective behaviour,Canada_before_mandate_protective,Canada - Before mandate - Protective behaviour,Confidence in the government: High,0.013921969,24
XGBoost,Canada,before_mandate,Before mandate,protective,Protective behaviour,Canada_before_mandate_protective,Canada - Before mandate - Protective behaviour,Isolation Willingness: Somewhat Willing,0.01385252,25
XGBoost,Canada,before_mandate,Before mandate,protective,Protective behaviour,Canada_before_mandate_protective,Canada - Before mandate - Protective behaviour,Employment: Unemployed,0.013462955,26
XGBoost,Canada,before_mandate,Before mandate,protective,Protective behaviour,Canada_before_mandate_protective,Canada - Before mandate - Protective behaviour,PHQ Anxiety: Daily,0.013320981,27
XGBoost,Canada,before_mandate,Before mandate,protective,Protective behaviour,Canada_before_mandate_protective,Canada - Before mandate - Protective behaviour,Isolation Willingness: Unsure,0.013262182,28
XGBoost,Canada,before_mandate,Before mandate,protective,Protective behaviour,Canada_before_mandate_protective,Canada - Before mandate - Protective behaviour,PHQ Depressed: Prefer Not Say,0.013024782,29
XGBoost,Canada,before_mandate,Before mandate,protective,Protective behaviour,Canada_before_mandate_protective,Canada - Before mandate - Protective behaviour,State: Prince Edward Island,0.01300632,30
XGBoost,Canada,before_mandate,Before mandate,protective,Protective behaviour,Canada_before_mandate_protective,Canada - Before mandate - Protective behaviour,PHQ Depressed: Daily,0.012833648,31
XGBoost,Canada,before_mandate,Before mandate,protective,Protective behaviour,Canada_before_mandate_protective,Canada - Before mandate - Protective behaviour,PHQ Anxiety: Not At All,0.01276892,32
XGBoost,Canada,before_mandate,Before mandate,protective,Protective behaviour,Canada_before_mandate_protective,Canada - Before mandate - Protective behaviour,Employment: Part Time,0.0124245845,33
XGBoost,Canada,before_mandate,Before mandate,protective,Protective behaviour,Canada_before_mandate_protective,Canada - Before mandate - Protective behaviour,PHQ Low Interest: Prefer Not Say,0.012295302,34
XGBoost,Canada,before_mandate,Before mandate,protective,Protective behaviour,Canada_before_mandate_protective,Canada - Before mandate - Protective behaviour,Employment: Student,0.012112005,35
XGBoost,Canada,before_mandate,Before mandate,protective,Protective behaviour,Canada_before_mandate_protective,Canada - Before mandate - Protective behaviour,Gov Response: Somewhat Bad,0.012088886,36
XGBoost,Canada,before_mandate,Before mandate,protective,Protective behaviour,Canada_before_mandate_protective,Canada - Before mandate - Protective behaviour,State: British Columbia,0.011914827,37
XGBoost,Canada,before_mandate,Before mandate,protective,Protective behaviour,Canada_before_mandate_protective,Canada - Before mandate - Protective behaviour,PHQ Depressed: Not At All,0.01189508,38
XGBoost,Canada,before_mandate,Before mandate,protective,Protective behaviour,Canada_before_mandate_protective,Canada - Before mandate - Protective behaviour,Household Size,0.0118452655,39
XGBoost,Canada,before_mandate,Before mandate,protective,Protective behaviour,Canada_before_mandate_protective,Canada - Before mandate - Protective behaviour,PHQ Depressed: Several Days,0.011746386,40
XGBoost,Canada,before_mandate,Before mandate,protective,Protective behaviour,Canada_before_mandate_protective,Canada - Before mandate - Protective behaviour,PHQ Low Interest: Not At All,0.0116828345,41
XGBoost,Canada,before_mandate,Before mandate,protective,Protective behaviour,Canada_before_mandate_protective,Canada - Before mandate - Protective behaviour,PHQ Low Interest: Several Days,0.01157113,42
XGBoost,Canada,before_mandate,Before mandate,protective,Protective behaviour,Canada_before_mandate_protective,Canada - Before mandate - Protective behaviour,PHQ Low Interest: Daily,0.01145362,43
XGBoost,Canada,before_mandate,Before mandate,protective,Protective behaviour,Canada_before_mandate_protective,Canada - Before mandate - Protective behaviour,PHQ Worry: Several Days,0.0114282975,44
XGBoost,Canada,before_mandate,Before mandate,protective,Protective behaviour,Canada_before_mandate_protective,Canada - Before mandate - Protective behaviour,Employment: Not Working,0.011341628,45
XGBoost,Canada,before_mandate,Before mandate,protective,Protective behaviour,Canada_before_mandate_protective,Canada - Before mandate - Protective behaviour,Gov Response: Somewhat Good,0.011314438,46
XGBoost,Canada,before_mandate,Before mandate,protective,Protective behaviour,Canada_before_mandate_protective,Canada - Before mandate - Protective behaviour,PHQ Anxiety: Several Days,0.011164764,47
XGBoost,Canada,before_mandate,Before mandate,protective,Protective behaviour,Canada_before_mandate_protective,Canada - Before mandate - Protective behaviour,COVID Infection Risk,0.011015764,48
XGBoost,Canada,before_mandate,Before mandate,protective,Protective behaviour,Canada_before_mandate_protective,Canada - Before mandate - Protective behaviour,PHQ Worry: Not At All,0.010855065,49
XGBoost,Canada,before_mandate,Before mandate,protective,Protective behaviour,Canada_before_mandate_protective,Canada - Before mandate - Protective behaviour,Confidence in the government: Low,0.010755554,50
XGBoost,Canada,before_mandate,Before mandate,protective,Protective behaviour,Canada_before_mandate_protective,Canada - Before mandate - Protective behaviour,Employment: Other,0.010673052,51
XGBoost,Canada,before_mandate,Before mandate,protective,Protective behaviour,Canada_before_mandate_protective,Canada - Before mandate - Protective behaviour,PHQ Low Interest: N/A,0.010249127,52
XGBoost,Canada,before_mandate,Before mandate,protective,Protective behaviour,Canada_before_mandate_protective,Canada - Before mandate - Protective behaviour,PHQ Anxiety: N/A,0.010209606,53
XGBoost,Canada,before_mandate,Before mandate,protective,Protective behaviour,Canada_before_mandate_protective,Canada - Before mandate - Protective behaviour,PHQ Depressed: N/A,0.010113496,54
XGBoost,Canada,before_mandate,Before mandate,protective,Protective behaviour,Canada_before_mandate_protective,Canada - Before mandate - Protective behaviour,PHQ Worry: N/A,0.009957005,55
XGBoost,Canada,before_mandate,Before mandate,protective,Protective behaviour,Canada_before_mandate_protective,Canada - Before mandate - Protective behaviour,PHQ Worry: Prefer Not Say,0.009456415,56
XGBoost,Canada,before_mandate,Before mandate,protective,Protective behaviour,Canada_before_mandate_protective,Canada - Before mandate - Protective behaviour,PHQ Anxiety: Prefer Not Say,0.008117259,57
XGBoost,Canada,before_mandate,Before mandate,protective,Protective behaviour,Canada_before_mandate_protective,Canada - Before mandate - Protective behaviour,State: Yukon,0.0,58
XGBoost,Canada,before_mandate,Before mandate,protective,Protective behaviour,Canada_before_mandate_protective,Canada - Before mandate - Protective behaviour,State: Newfoundland and Labrador,0.0,59
XGBoost,Canada,before_mandate,Before mandate,protective,Protective behaviour,Canada_before_mandate_protective,Canada - Before mandate - Protective behaviour,State: Nunavut,0.0,60
XGBoost,Canada,before_mandate,Before mandate,protective,Protective behaviour,Canada_before_mandate_protective,Canada - Before mandate - Protective behaviour,State: Northwest Territories,0.0,61
XGBoost,Canada,before_mandate,Before mandate,protective,Protective behaviour,Canada_before_mandate_protective,Canada - Before mandate - Protective behaviour,State: Nova Scotia,0.0,62
XGBoost,Canada,after_mandate,After mandate,mask,Face mask wearing,Canada_after_mandate_mask,Canada - After mandate - Face mask wearing,Non-Mask Protective Behavior Score,0.12567076,1
XGBoost,Canada,after_mandate,After mandate,mask,Face mask wearing,Canada_after_mandate_mask,Canada - After mandate - Face mask wearing,Isolation Willingness: Very Willing,0.07830474,2
XGBoost,Canada,after_mandate,After mandate,mask,Face mask wearing,Canada_after_mandate_mask,Canada - After mandate - Face mask wearing,Gov Response: Very Bad,0.034758437,3
XGBoost,Canada,after_mandate,After mandate,mask,Face mask wearing,Canada_after_mandate_mask,Canada - After mandate - Face mask wearing,Symptom Isolation: Unsure,0.02400497,4
XGBoost,Canada,after_mandate,After mandate,mask,Face mask wearing,Canada_after_mandate_mask,Canada - After mandate - Face mask wearing,Confidence in the government: None,0.021410277,5
XGBoost,Canada,after_mandate,After mandate,mask,Face mask wearing,Canada_after_mandate_mask,Canada - After mandate - Face mask wearing,State: Quebec,0.020991763,6
XGBoost,Canada,after_mandate,After mandate,mask,Face mask wearing,Canada_after_mandate_mask,Canada - After mandate - Face mask wearing,State: Saskatchewan,0.019311951,7
XGBoost,Canada,after_mandate,After mandate,mask,Face mask wearing,Canada_after_mandate_mask,Canada - After mandate - Face mask wearing,COVID Severity,0.01920621,8
XGBoost,Canada,after_mandate,After mandate,mask,Face mask wearing,Canada_after_mandate_mask,Canada - After mandate - Face mask wearing,Isolation Willingness: Neutral,0.018962597,9
XGBoost,Canada,after_mandate,After mandate,mask,Face mask wearing,Canada_after_mandate_mask,Canada - After mandate - Face mask wearing,Isolation Willingness: Somewhat Willing,0.018298605,10
XGBoost,Canada,after_mandate,After mandate,mask,Face mask wearing,Canada_after_mandate_mask,Canada - After mandate - Face mask wearing,State: Nova Scotia,0.017270843,11
XGBoost,Canada,after_mandate,After mandate,mask,Face mask wearing,Canada_after_mandate_mask,Canada - After mandate - Face mask wearing,State: New Brunswick,0.017222822,12
XGBoost,Canada,after_mandate,After mandate,mask,Face mask wearing,Canada_after_mandate_mask,Canada - After mandate - Face mask wearing,Symptom Isolation: Yes,0.017184991,13
XGBoost,Canada,after_mandate,After mandate,mask,Face mask wearing,Canada_after_mandate_mask,Canada - After mandate - Face mask wearing,State: Newfoundland and Labrador,0.01675129,14
XGBoost,Canada,after_mandate,After mandate,mask,Face mask wearing,Canada_after_mandate_mask,Canada - After mandate - Face mask wearing,Isolation Willingness: Somewhat Unwilling,0.016726203,15
XGBoost,Canada,after_mandate,After mandate,mask,Face mask wearing,Canada_after_mandate_mask,Canada - After mandate - Face mask wearing,Week,0.016112063,16
XGBoost,Canada,after_mandate,After mandate,mask,Face mask wearing,Canada_after_mandate_mask,Canada - After mandate - Face mask wearing,State: Prince Edward Island,0.015701031,17
XGBoost,Canada,after_mandate,After mandate,mask,Face mask wearing,Canada_after_mandate_mask,Canada - After mandate - Face mask wearing,Gov Response: Somewhat Good,0.015468947,18
XGBoost,Canada,after_mandate,After mandate,mask,Face mask wearing,Canada_after_mandate_mask,Canada - After mandate - Face mask wearing,Isolation Willingness: Unsure,0.015139081,19
XGBoost,Canada,after_mandate,After mandate,mask,Face mask wearing,Canada_after_mandate_mask,Canada - After mandate - Face mask wearing,PHQ Low Interest: Daily,0.014820358,20
XGBoost,Canada,after_mandate,After mandate,mask,Face mask wearing,Canada_after_mandate_mask,Canada - After mandate - Face mask wearing,State: Manitoba,0.014763227,21
XGBoost,Canada,after_mandate,After mandate,mask,Face mask wearing,Canada_after_mandate_mask,Canada - After mandate - Face mask wearing,Confidence in the government: Unknown,0.014628104,22
XGBoost,Canada,after_mandate,After mandate,mask,Face mask wearing,Canada_after_mandate_mask,Canada - After mandate - Face mask wearing,Employment: Unemployed,0.014506368,23
XGBoost,Canada,after_mandate,After mandate,mask,Face mask wearing,Canada_after_mandate_mask,Canada - After mandate - Face mask wearing,Employment: Not Working,0.014422214,24
XGBoost,Canada,after_mandate,After mandate,mask,Face mask wearing,Canada_after_mandate_mask,Canada - After mandate - Face mask wearing,Isolation Willingness: Very Unwilling,0.013800268,25
XGBoost,Canada,after_mandate,After mandate,mask,Face mask wearing,Canada_after_mandate_mask,Canada - After mandate - Face mask wearing,Age,0.013458676,26
XGBoost,Canada,after_mandate,After mandate,mask,Face mask wearing,Canada_after_mandate_mask,Canada - After mandate - Face mask wearing,Employment: Part Time,0.012977376,27
XGBoost,Canada,after_mandate,After mandate,mask,Face mask wearing,Canada_after_mandate_mask,Canada - After mandate - Face mask wearing,PHQ Worry: Daily,0.01290183,28
XGBoost,Canada,after_mandate,After mandate,mask,Face mask wearing,Canada_after_mandate_mask,Canada - After mandate - Face mask wearing,PHQ Worry: Not At All,0.012894468,29
XGBoost,Canada,after_mandate,After mandate,mask,Face mask wearing,Canada_after_mandate_mask,Canada - After mandate - Face mask wearing,Gov Response: Very Good,0.012682185,30
XGBoost,Canada,after_mandate,After mandate,mask,Face mask wearing,Canada_after_mandate_mask,Canada - After mandate - Face mask wearing,Gov Response: Somewhat Bad,0.012431799,31
XGBoost,Canada,after_mandate,After mandate,mask,Face mask wearing,Canada_after_mandate_mask,Canada - After mandate - Face mask wearing,Confidence in the government: High,0.012251317,32
XGBoost,Canada,after_mandate,After mandate,mask,Face mask wearing,Canada_after_mandate_mask,Canada - After mandate - Face mask wearing,Employment: Retired,0.012024919,33
XGBoost,Canada,after_mandate,After mandate,mask,Face mask wearing,Canada_after_mandate_mask,Canada - After mandate - Face mask wearing,Employment: Student,0.011648943,34
XGBoost,Canada,after_mandate,After mandate,mask,Face mask wearing,Canada_after_mandate_mask,Canada - After mandate - Face mask wearing,PHQ Anxiety: Not At All,0.011544057,35
XGBoost,Canada,after_mandate,After mandate,mask,Face mask wearing,Canada_after_mandate_mask,Canada - After mandate - Face mask wearing,State: British Columbia,0.011538259,36
XGBoost,Canada,after_mandate,After mandate,mask,Face mask wearing,Canada_after_mandate_mask,Canada - After mandate - Face mask wearing,Household Size,0.011467691,37
XGBoost,Canada,after_mandate,After mandate,mask,Face mask wearing,Canada_after_mandate_mask,Canada - After mandate - Face mask wearing,PHQ Depressed: Daily,0.011206107,38
XGBoost,Canada,after_mandate,After mandate,mask,Face mask wearing,Canada_after_mandate_mask,Canada - After mandate - Face mask wearing,Physical contact count (with stranger),0.011079961,39
XGBoost,Canada,after_mandate,After mandate,mask,Face mask wearing,Canada_after_mandate_mask,Canada - After mandate - Face mask wearing,PHQ Depressed: Not At All,0.011059626,40
XGBoost,Canada,after_mandate,After mandate,mask,Face mask wearing,Canada_after_mandate_mask,Canada - After mandate - Face mask wearing,PHQ Depressed: N/A,0.011000605,41
XGBoost,Canada,after_mandate,After mandate,mask,Face mask wearing,Canada_after_mandate_mask,Canada - After mandate - Face mask wearing,State: Ontario,0.010943517,42
XGBoost,Canada,after_mandate,After mandate,mask,Face mask wearing,Canada_after_mandate_mask,Canada - After mandate - Face mask wearing,PHQ Depressed: Prefer Not Say,0.010739164,43
XGBoost,Canada,after_mandate,After mandate,mask,Face mask wearing,Canada_after_mandate_mask,Canada - After mandate - Face mask wearing,Symptom Isolation: No,0.010711317,44
XGBoost,Canada,after_mandate,After mandate,mask,Face mask wearing,Canada_after_mandate_mask,Canada - After mandate - Face mask wearing,PHQ Depressed: Several Days,0.010707622,45
XGBoost,Canada,after_mandate,After mandate,mask,Face mask wearing,Canada_after_mandate_mask,Canada - After mandate - Face mask wearing,PHQ Worry: Prefer Not Say,0.010660434,46
XGBoost,Canada,after_mandate,After mandate,mask,Face mask wearing,Canada_after_mandate_mask,Canada - After mandate - Face mask wearing,PHQ Low Interest: Not At All,0.010640669,47
XGBoost,Canada,after_mandate,After mandate,mask,Face mask wearing,Canada_after_mandate_mask,Canada - After mandate - Face mask wearing,COVID Infection Risk,0.010599231,48
XGBoost,Canada,after_mandate,After mandate,mask,Face mask wearing,Canada_after_mandate_mask,Canada - After mandate - Face mask wearing,PHQ Anxiety: Daily,0.010533386,49
XGBoost,Canada,after_mandate,After mandate,mask,Face mask wearing,Canada_after_mandate_mask,Canada - After mandate - Face mask wearing,PHQ Anxiety: N/A,0.010523727,50
XGBoost,Canada,after_mandate,After mandate,mask,Face mask wearing,Canada_after_mandate_mask,Canada - After mandate - Face mask wearing,PHQ Low Interest: Several Days,0.010518358,51
XGBoost,Canada,after_mandate,After mandate,mask,Face mask wearing,Canada_after_mandate_mask,Canada - After mandate - Face mask wearing,Confidence in the government: Low,0.0103801945,52
XGBoost,Canada,after_mandate,After mandate,mask,Face mask wearing,Canada_after_mandate_mask,Canada - After mandate - Face mask wearing,PHQ Worry: N/A,0.0103519885,53
XGBoost,Canada,after_mandate,After mandate,mask,Face mask wearing,Canada_after_mandate_mask,Canada - After mandate - Face mask wearing,PHQ Worry: Several Days,0.010030402,54
XGBoost,Canada,after_mandate,After mandate,mask,Face mask wearing,Canada_after_mandate_mask,Canada - After mandate - Face mask wearing,PHQ Anxiety: Several Days,0.01002954,55
XGBoost,Canada,after_mandate,After mandate,mask,Face mask wearing,Canada_after_mandate_mask,Canada - After mandate - Face mask wearing,PHQ Low Interest: N/A,0.00989251,56
XGBoost,Canada,after_mandate,After mandate,mask,Face mask wearing,Canada_after_mandate_mask,Canada - After mandate - Face mask wearing,Is a male?,0.009774249,57
XGBoost,Canada,after_mandate,After mandate,mask,Face mask wearing,Canada_after_mandate_mask,Canada - After mandate - Face mask wearing,Employment: Other,0.009752481,58
XGBoost,Canada,after_mandate,After mandate,mask,Face mask wearing,Canada_after_mandate_mask,Canada - After mandate - Face mask wearing,PHQ Low Interest: Prefer Not Say,0.008143079,59
XGBoost,Canada,after_mandate,After mandate,mask,Face mask wearing,Canada_after_mandate_mask,Canada - After mandate - Face mask wearing,PHQ Anxiety: Prefer Not Say,0.007462172,60
XGBoost,Canada,after_mandate,After mandate,mask,Face mask wearing,Canada_after_mandate_mask,Canada - After mandate - Face mask wearing,State: Yukon,0.0,61
XGBoost,Canada,after_mandate,After mandate,mask,Face mask wearing,Canada_after_mandate_mask,Canada - After mandate - Face mask wearing,State: Northwest Territories,0.0,62
XGBoost,Canada,after_mandate,After mandate,mask,Face mask wearing,Canada_after_mandate_mask,Canada - After mandate - Face mask wearing,State: Nunavut,0.0,63
XGBoost,Canada,after_mandate,After mandate,protective,Protective behaviour,Canada_after_mandate_protective,Canada - After mandate - Protective behaviour,Isolation Willingness: Very Willing,0.11961746,1
XGBoost,Canada,after_mandate,After mandate,protective,Protective behaviour,Canada_after_mandate_protective,Canada - After mandate - Protective behaviour,COVID Severity,0.03965291,2
XGBoost,Canada,after_mandate,After mandate,protective,Protective behaviour,Canada_after_mandate_protective,Canada - After mandate - Protective behaviour,Symptom Isolation: Yes,0.032651003,3
XGBoost,Canada,after_mandate,After mandate,protective,Protective behaviour,Canada_after_mandate_protective,Canada - After mandate - Protective behaviour,Physical contact count (with stranger),0.03143664,4
XGBoost,Canada,after_mandate,After mandate,protective,Protective behaviour,Canada_after_mandate_protective,Canada - After mandate - Protective behaviour,Confidence in the government: None,0.029438468,5
XGBoost,Canada,after_mandate,After mandate,protective,Protective behaviour,Canada_after_mandate_protective,Canada - After mandate - Protective behaviour,Isolation Willingness: Very Unwilling,0.026747055,6
XGBoost,Canada,after_mandate,After mandate,protective,Protective behaviour,Canada_after_mandate_protective,Canada - After mandate - Protective behaviour,Gov Response: Very Bad,0.025693936,7
XGBoost,Canada,after_mandate,After mandate,protective,Protective behaviour,Canada_after_mandate_protective,Canada - After mandate - Protective behaviour,State: Newfoundland and Labrador,0.020895844,8
XGBoost,Canada,after_mandate,After mandate,protective,Protective behaviour,Canada_after_mandate_protective,Canada - After mandate - Protective behaviour,Week,0.020155901,9
XGBoost,Canada,after_mandate,After mandate,protective,Protective behaviour,Canada_after_mandate_protective,Canada - After mandate - Protective behaviour,Isolation Willingness: Somewhat Unwilling,0.01978574,10
XGBoost,Canada,after_mandate,After mandate,protective,Protective behaviour,Canada_after_mandate_protective,Canada - After mandate - Protective behaviour,State: Nova Scotia,0.018639782,11
XGBoost,Canada,after_mandate,After mandate,protective,Protective behaviour,Canada_after_mandate_protective,Canada - After mandate - Protective behaviour,State: Quebec,0.016921729,12
XGBoost,Canada,after_mandate,After mandate,protective,Protective behaviour,Canada_after_mandate_protective,Canada - After mandate - Protective behaviour,PHQ Worry: Prefer Not Say,0.015791494,13
XGBoost,Canada,after_mandate,After mandate,protective,Protective behaviour,Canada_after_mandate_protective,Canada - After mandate - Protective behaviour,State: British Columbia,0.01566386,14
XGBoost,Canada,after_mandate,After mandate,protective,Protective behaviour,Canada_after_mandate_protective,Canada - After mandate - Protective behaviour,Gov Response: Very Good,0.015457955,15
XGBoost,Canada,after_mandate,After mandate,protective,Protective behaviour,Canada_after_mandate_protective,Canada - After mandate - Protective behaviour,PHQ Depressed: Prefer Not Say,0.014680001,16
XGBoost,Canada,after_mandate,After mandate,protective,Protective behaviour,Canada_after_mandate_protective,Canada - After mandate - Protective behaviour,Employment: Not Working,0.014541274,17
XGBoost,Canada,after_mandate,After mandate,protective,Protective behaviour,Canada_after_mandate_protective,Canada - After mandate - Protective behaviour,Symptom Isolation: No,0.014418328,18
XGBoost,Canada,after_mandate,After mandate,protective,Protective behaviour,Canada_after_mandate_protective,Canada - After mandate - Protective behaviour,State: Manitoba,0.014407414,19
XGBoost,Canada,after_mandate,After mandate,protective,Protective behaviour,Canada_after_mandate_protective,Canada - After mandate - Protective behaviour,Employment: Part Time,0.014266813,20
XGBoost,Canada,after_mandate,After mandate,protective,Protective behaviour,Canada_after_mandate_protective,Canada - After mandate - Protective behaviour,PHQ Anxiety: N/A,0.014239649,21
XGBoost,Canada,after_mandate,After mandate,protective,Protective behaviour,Canada_after_mandate_protective,Canada - After mandate - Protective behaviour,PHQ Low Interest: Daily,0.014070404,22
XGBoost,Canada,after_mandate,After mandate,protective,Protective behaviour,Canada_after_mandate_protective,Canada - After mandate - Protective behaviour,Employment: Other,0.013985601,23
XGBoost,Canada,after_mandate,After mandate,protective,Protective behaviour,Canada_after_mandate_protective,Canada - After mandate - Protective behaviour,Isolation Willingness: Somewhat Willing,0.013887273,24
XGBoost,Canada,after_mandate,After mandate,protective,Protective behaviour,Canada_after_mandate_protective,Canada - After mandate - Protective behaviour,Is a male?,0.013571165,25
XGBoost,Canada,after_mandate,After mandate,protective,Protective behaviour,Canada_after_mandate_protective,Canada - After mandate - Protective behaviour,Isolation Willingness: Unsure,0.013560551,26
XGBoost,Canada,after_mandate,After mandate,protective,Protective behaviour,Canada_after_mandate_protective,Canada - After mandate - Protective behaviour,Age,0.013470349,27
XGBoost,Canada,after_mandate,After mandate,protective,Protective behaviour,Canada_after_mandate_protective,Canada - After mandate - Protective behaviour,State: New Brunswick,0.013375812,28
XGBoost,Canada,after_mandate,After mandate,protective,Protective behaviour,Canada_after_mandate_protective,Canada - After mandate - Protective behaviour,Confidence in the government: High,0.013253925,29
XGBoost,Canada,after_mandate,After mandate,protective,Protective behaviour,Canada_after_mandate_protective,Canada - After mandate - Protective behaviour,PHQ Low Interest: Not At All,0.013190609,30
XGBoost,Canada,after_mandate,After mandate,protective,Protective behaviour,Canada_after_mandate_protective,Canada - After mandate - Protective behaviour,Isolation Willingness: Neutral,0.013122111,31
XGBoost,Canada,after_mandate,After mandate,protective,Protective behaviour,Canada_after_mandate_protective,Canada - After mandate - Protective behaviour,Household Size,0.013119644,32
XGBoost,Canada,after_mandate,After mandate,protective,Protective behaviour,Canada_after_mandate_protective,Canada - After mandate - Protective behaviour,Gov Response: Somewhat Good,0.013058887,33
XGBoost,Canada,after_mandate,After mandate,protective,Protective behaviour,Canada_after_mandate_protective,Canada - After mandate - Protective behaviour,Confidence in the government: Unknown,0.012858029,34
XGBoost,Canada,after_mandate,After mandate,protective,Protective behaviour,Canada_after_mandate_protective,Canada - After mandate - Protective behaviour,PHQ Worry: Not At All,0.012806247,35
XGBoost,Canada,after_mandate,After mandate,protective,Protective behaviour,Canada_after_mandate_protective,Canada - After mandate - Protective behaviour,PHQ Depressed: Daily,0.012703408,36
XGBoost,Canada,after_mandate,After mandate,protective,Protective behaviour,Canada_after_mandate_protective,Canada - After mandate - Protective behaviour,Employment: Student,0.012637977,37
XGBoost,Canada,after_mandate,After mandate,protective,Protective behaviour,Canada_after_mandate_protective,Canada - After mandate - Protective behaviour,PHQ Low Interest: Several Days,0.012509541,38
XGBoost,Canada,after_mandate,After mandate,protective,Protective behaviour,Canada_after_mandate_protective,Canada - After mandate - Protective behaviour,State: Saskatchewan,0.012388354,39
XGBoost,Canada,after_mandate,After mandate,protective,Protective behaviour,Canada_after_mandate_protective,Canada - After mandate - Protective behaviour,Gov Response: Somewhat Bad,0.012370551,40
XGBoost,Canada,after_mandate,After mandate,protective,Protective behaviour,Canada_after_mandate_protective,Canada - After mandate - Protective behaviour,Employment: Unemployed,0.012310114,41
XGBoost,Canada,after_mandate,After mandate,protective,Protective behaviour,Canada_after_mandate_protective,Canada - After mandate - Protective behaviour,PHQ Anxiety: Daily,0.012166454,42
XGBoost,Canada,after_mandate,After mandate,protective,Protective behaviour,Canada_after_mandate_protective,Canada - After mandate - Protective behaviour,PHQ Depressed: Not At All,0.0121405795,43
XGBoost,Canada,after_mandate,After mandate,protective,Protective behaviour,Canada_after_mandate_protective,Canada - After mandate - Protective behaviour,State: Ontario,0.011862014,44
XGBoost,Canada,after_mandate,After mandate,protective,Protective behaviour,Canada_after_mandate_protective,Canada - After mandate - Protective behaviour,COVID Infection Risk,0.011752466,45
XGBoost,Canada,after_mandate,After mandate,protective,Protective behaviour,Canada_after_mandate_protective,Canada - After mandate - Protective behaviour,PHQ Anxiety: Not At All,0.011643203,46
XGBoost,Canada,after_mandate,After mandate,protective,Protective behaviour,Canada_after_mandate_protective,Canada - After mandate - Protective behaviour,PHQ Worry: Several Days,0.011615723,47
XGBoost,Canada,after_mandate,After mandate,protective,Protective behaviour,Canada_after_mandate_protective,Canada - After mandate - Protective behaviour,Employment: Retired,0.011520138,48
XGBoost,Canada,after_mandate,After mandate,protective,Protective behaviour,Canada_after_mandate_protective,Canada - After mandate - Protective behaviour,Symptom Isolation: Unsure,0.011476657,49
XGBoost,Canada,after_mandate,After mandate,protective,Protective behaviour,Canada_after_mandate_protective,Canada - After mandate - Protective behaviour,PHQ Worry: N/A,0.01126016,50
XGBoost,Canada,after_mandate,After mandate,protective,Protective behaviour,Canada_after_mandate_protective,Canada - After mandate - Protective behaviour,Confidence in the government: Low,0.011222759,51
XGBoost,Canada,after_mandate,After mandate,protective,Protective behaviour,Canada_after_mandate_protective,Canada - After mandate - Protective behaviour,PHQ Depressed: N/A,0.011057339,52
XGBoost,Canada,after_mandate,After mandate,protective,Protective behaviour,Canada_after_mandate_protective,Canada - After mandate - Protective behaviour,PHQ Low Interest: N/A,0.010970142,53
XGBoost,Canada,after_mandate,After mandate,protective,Protective behaviour,Canada_after_mandate_protective,Canada - After mandate - Protective behaviour,PHQ Anxiety: Several Days,0.01068959,54
XGBoost,Canada,after_mandate,After mandate,protective,Protective behaviour,Canada_after_mandate_protective,Canada - After mandate - Protective behaviour,PHQ Worry: Daily,0.010657016,55
XGBoost,Canada,after_mandate,After mandate,protective,Protective behaviour,Canada_after_mandate_protective,Canada - After mandate - Protective behaviour,PHQ Depressed: Several Days,0.010655946,56
XGBoost,Canada,after_mandate,After mandate,protective,Protective behaviour,Canada_after_mandate_protective,Canada - After mandate - Protective behaviour,PHQ Anxiety: Prefer Not Say,0.00923407,57
XGBoost,Canada,after_mandate,After mandate,protective,Protective behaviour,Canada_after_mandate_protective,Canada - After mandate - Protective behaviour,State: Yukon,0.008163393,58
XGBoost,Canada,after_mandate,After mandate,protective,Protective behaviour,Canada_after_mandate_protective,Canada - After mandate - Protective behaviour,PHQ Low Interest: Prefer Not Say,0.0075288615,59
XGBoost,Canada,after_mandate,After mandate,protective,Protective behaviour,Canada_after_mandate_protective,Canada - After mandate - Protective behaviour,State: Prince Edward Island,0.0070298095,60
XGBoost,Canada,after_mandate,After mandate,protective,Protective behaviour,Canada_after_mandate_protective,Canada - After mandate - Protective behaviour,State: Nunavut,0.0,61
XGBoost,Canada,after_mandate,After mandate,protective,Protective behaviour,Canada_after_mandate_protective,Canada - After mandate - Protective behaviour,State: Northwest Territories,0.0,62
XGBoost,United Kingdom,before_mandate,Before mandate,mask,Face mask wearing,United_Kingdom_before_mandate_mask,United Kingdom - Before mandate - Face mask wearing,State: Wales,0.07946903,1
XGBoost,United Kingdom,before_mandate,Before mandate,mask,Face mask wearing,United_Kingdom_before_mandate_mask,United Kingdom - Before mandate - Face mask wearing,Non-Mask Protective Behavior Score,0.049271893,2
XGBoost,United Kingdom,before_mandate,Before mandate,mask,Face mask wearing,United_Kingdom_before_mandate_mask,United Kingdom - Before mandate - Face mask wearing,COVID Severity,0.0483271,3
XGBoost,United Kingdom,before_mandate,Before mandate,mask,Face mask wearing,United_Kingdom_before_mandate_mask,United Kingdom - Before mandate - Face mask wearing,Week,0.0445849,4
XGBoost,United Kingdom,before_mandate,Before mandate,mask,Face mask wearing,United_Kingdom_before_mandate_mask,United Kingdom - Before mandate - Face mask wearing,Gov Response: N/A,0.03684136,5
XGBoost,United Kingdom,before_mandate,Before mandate,mask,Face mask wearing,United_Kingdom_before_mandate_mask,United Kingdom - Before mandate - Face mask wearing,Isolation Willingness: Very Willing,0.03165963,6
XGBoost,United Kingdom,before_mandate,Before mandate,mask,Face mask wearing,United_Kingdom_before_mandate_mask,United Kingdom - Before mandate - Face mask wearing,Isolation Willingness: Neutral,0.029982934,7
XGBoost,United Kingdom,before_mandate,Before mandate,mask,Face mask wearing,United_Kingdom_before_mandate_mask,United Kingdom - Before mandate - Face mask wearing,No Symptoms: No,0.029037127,8
XGBoost,United Kingdom,before_mandate,Before mandate,mask,Face mask wearing,United_Kingdom_before_mandate_mask,United Kingdom - Before mandate - Face mask wearing,PHQ Low Interest: Daily,0.028577192,9
XGBoost,United Kingdom,before_mandate,Before mandate,mask,Face mask wearing,United_Kingdom_before_mandate_mask,United Kingdom - Before mandate - Face mask wearing,PHQ Worry: Not At All,0.027555741,10
XGBoost,United Kingdom,before_mandate,Before mandate,mask,Face mask wearing,United_Kingdom_before_mandate_mask,United Kingdom - Before mandate - Face mask wearing,PHQ Depressed: Not At All,0.025181217,11
XGBoost,United Kingdom,before_mandate,Before mandate,mask,Face mask wearing,United_Kingdom_before_mandate_mask,United Kingdom - Before mandate - Face mask wearing,Outings count,0.02490158,12
XGBoost,United Kingdom,before_mandate,Before mandate,mask,Face mask wearing,United_Kingdom_before_mandate_mask,United Kingdom - Before mandate - Face mask wearing,Confidence in the government: N/A,0.024647122,13
XGBoost,United Kingdom,before_mandate,Before mandate,mask,Face mask wearing,United_Kingdom_before_mandate_mask,United Kingdom - Before mandate - Face mask wearing,Age,0.021495903,14
XGBoost,United Kingdom,before_mandate,Before mandate,mask,Face mask wearing,United_Kingdom_before_mandate_mask,United Kingdom - Before mandate - Face mask wearing,Symptom Isolation: Yes,0.021310166,15
XGBoost,United Kingdom,before_mandate,Before mandate,mask,Face mask wearing,United_Kingdom_before_mandate_mask,United Kingdom - Before mandate - Face mask wearing,No Symptoms: Yes,0.02129217,16
XGBoost,United Kingdom,before_mandate,Before mandate,mask,Face mask wearing,United_Kingdom_before_mandate_mask,United Kingdom - Before mandate - Face mask wearing,PHQ Depressed: Daily,0.021113731,17
XGBoost,United Kingdom,before_mandate,Before mandate,mask,Face mask wearing,United_Kingdom_before_mandate_mask,United Kingdom - Before mandate - Face mask wearing,Isolation Willingness: Somewhat Willing,0.020186827,18
XGBoost,United Kingdom,before_mandate,Before mandate,mask,Face mask wearing,United_Kingdom_before_mandate_mask,United Kingdom - Before mandate - Face mask wearing,State: Northern Ireland,0.01952742,19
XGBoost,United Kingdom,before_mandate,Before mandate,mask,Face mask wearing,United_Kingdom_before_mandate_mask,United Kingdom - Before mandate - Face mask wearing,Dry Cough: No,0.01902479,20
XGBoost,United Kingdom,before_mandate,Before mandate,mask,Face mask wearing,United_Kingdom_before_mandate_mask,United Kingdom - Before mandate - Face mask wearing,Employment: Student,0.01893836,21
XGBoost,United Kingdom,before_mandate,Before mandate,mask,Face mask wearing,United_Kingdom_before_mandate_mask,United Kingdom - Before mandate - Face mask wearing,Isolation Willingness: Somewhat Unwilling,0.018633561,22
XGBoost,United Kingdom,before_mandate,Before mandate,mask,Face mask wearing,United_Kingdom_before_mandate_mask,United Kingdom - Before mandate - Face mask wearing,Physical contact count (with stranger),0.017315343,23
XGBoost,United Kingdom,before_mandate,Before mandate,mask,Face mask wearing,United_Kingdom_before_mandate_mask,United Kingdom - Before mandate - Face mask wearing,Comorbidity: No,0.017087374,24
XGBoost,United Kingdom,before_mandate,Before mandate,mask,Face mask wearing,United_Kingdom_before_mandate_mask,United Kingdom - Before mandate - Face mask wearing,PHQ Worry: N/A,0.016960645,25
XGBoost,United Kingdom,before_mandate,Before mandate,mask,Face mask wearing,United_Kingdom_before_mandate_mask,United Kingdom - Before mandate - Face mask wearing,PHQ Anxiety: Daily,0.01666081,26
XGBoost,United Kingdom,before_mandate,Before mandate,mask,Face mask wearing,United_Kingdom_before_mandate_mask,United Kingdom - Before mandate - Face mask wearing,Household Size,0.015517001,27
XGBoost,United Kingdom,before_mandate,Before mandate,mask,Face mask wearing,United_Kingdom_before_mandate_mask,United Kingdom - Before mandate - Face mask wearing,COVID Infection Risk,0.015169059,28
XGBoost,United Kingdom,before_mandate,Before mandate,mask,Face mask wearing,United_Kingdom_before_mandate_mask,United Kingdom - Before mandate - Face mask wearing,PHQ Low Interest: N/A,0.014464861,29
XGBoost,United Kingdom,before_mandate,Before mandate,mask,Face mask wearing,United_Kingdom_before_mandate_mask,United Kingdom - Before mandate - Face mask wearing,Handwashing Count,0.014442177,30
XGBoost,United Kingdom,before_mandate,Before mandate,mask,Face mask wearing,United_Kingdom_before_mandate_mask,United Kingdom - Before mandate - Face mask wearing,Employment: Not Working,0.014272992,31
XGBoost,United Kingdom,before_mandate,Before mandate,mask,Face mask wearing,United_Kingdom_before_mandate_mask,United Kingdom - Before mandate - Face mask wearing,Confidence in the government: Low,0.013670231,32
XGBoost,United Kingdom,before_mandate,Before mandate,mask,Face mask wearing,United_Kingdom_before_mandate_mask,United Kingdom - Before mandate - Face mask wearing,Symptom Isolation: No,0.01300451,33
XGBoost,United Kingdom,before_mandate,Before mandate,mask,Face mask wearing,United_Kingdom_before_mandate_mask,United Kingdom - Before mandate - Face mask wearing,PHQ Low Interest: Not At All,0.01299278,34
XGBoost,United Kingdom,before_mandate,Before mandate,mask,Face mask wearing,United_Kingdom_before_mandate_mask,United Kingdom - Before mandate - Face mask wearing,PHQ Anxiety: Not At All,0.012912038,35
XGBoost,United Kingdom,before_mandate,Before mandate,mask,Face mask wearing,United_Kingdom_before_mandate_mask,United Kingdom - Before mandate - Face mask wearing,Confidence in the government: High,0.012786805,36
XGBoost,United Kingdom,before_mandate,Before mandate,mask,Face mask wearing,United_Kingdom_before_mandate_mask,United Kingdom - Before mandate - Face mask wearing,State: Scotland,0.012281199,37
XGBoost,United Kingdom,before_mandate,Before mandate,mask,Face mask wearing,United_Kingdom_before_mandate_mask,United Kingdom - Before mandate - Face mask wearing,PHQ Anxiety: Several Days,0.01217946,38
XGBoost,United Kingdom,before_mandate,Before mandate,mask,Face mask wearing,United_Kingdom_before_mandate_mask,United Kingdom - Before mandate - Face mask wearing,PHQ Low Interest: Several Days,0.01177341,39
XGBoost,United Kingdom,before_mandate,Before mandate,mask,Face mask wearing,United_Kingdom_before_mandate_mask,United Kingdom - Before mandate - Face mask wearing,PHQ Depressed: Several Days,0.0114419665,40
XGBoost,United Kingdom,before_mandate,Before mandate,mask,Face mask wearing,United_Kingdom_before_mandate_mask,United Kingdom - Before mandate - Face mask wearing,Gov Response: Somewhat Bad,0.011362728,41
XGBoost,United Kingdom,before_mandate,Before mandate,mask,Face mask wearing,United_Kingdom_before_mandate_mask,United Kingdom - Before mandate - Face mask wearing,Confidence in the government: None,0.0110918125,42
XGBoost,United Kingdom,before_mandate,Before mandate,mask,Face mask wearing,United_Kingdom_before_mandate_mask,United Kingdom - Before mandate - Face mask wearing,PHQ Worry: Daily,0.010245602,43
XGBoost,United Kingdom,before_mandate,Before mandate,mask,Face mask wearing,United_Kingdom_before_mandate_mask,United Kingdom - Before mandate - Face mask wearing,Gov Response: Somewhat Good,0.009807178,44
XGBoost,United Kingdom,before_mandate,Before mandate,mask,Face mask wearing,United_Kingdom_before_mandate_mask,United Kingdom - Before mandate - Face mask wearing,Employment: Retired,0.008475585,45
XGBoost,United Kingdom,before_mandate,Before mandate,mask,Face mask wearing,United_Kingdom_before_mandate_mask,United Kingdom - Before mandate - Face mask wearing,Shortness of Breath: No,0.0068821255,46
XGBoost,United Kingdom,before_mandate,Before mandate,mask,Face mask wearing,United_Kingdom_before_mandate_mask,United Kingdom - Before mandate - Face mask wearing,PHQ Worry: Several Days,0.006088951,47
XGBoost,United Kingdom,before_mandate,Before mandate,mask,Face mask wearing,United_Kingdom_before_mandate_mask,United Kingdom - Before mandate - Face mask wearing,Is a male?,0.005571485,48
XGBoost,United Kingdom,before_mandate,Before mandate,mask,Face mask wearing,United_Kingdom_before_mandate_mask,United Kingdom - Before mandate - Face mask wearing,Gov Response: Very Bad,0.0055084317,49
XGBoost,United Kingdom,before_mandate,Before mandate,mask,Face mask wearing,United_Kingdom_before_mandate_mask,United Kingdom - Before mandate - Face mask wearing,Comorbidity: Yes,0.005492193,50
XGBoost,United Kingdom,before_mandate,Before mandate,mask,Face mask wearing,United_Kingdom_before_mandate_mask,United Kingdom - Before mandate - Face mask wearing,Symptom Isolation: Unsure,0.002981413,51
XGBoost,United Kingdom,before_mandate,Before mandate,mask,Face mask wearing,United_Kingdom_before_mandate_mask,United Kingdom - Before mandate - Face mask wearing,Loss of Taste: Yes,0.0,52
XGBoost,United Kingdom,before_mandate,Before mandate,mask,Face mask wearing,United_Kingdom_before_mandate_mask,United Kingdom - Before mandate - Face mask wearing,Loss of Smell: No,0.0,53
XGBoost,United Kingdom,before_mandate,Before mandate,mask,Face mask wearing,United_Kingdom_before_mandate_mask,United Kingdom - Before mandate - Face mask wearing,Fever: Yes,0.0,54
XGBoost,United Kingdom,before_mandate,Before mandate,mask,Face mask wearing,United_Kingdom_before_mandate_mask,United Kingdom - Before mandate - Face mask wearing,Loss of Taste: No,0.0,55
XGBoost,United Kingdom,before_mandate,Before mandate,mask,Face mask wearing,United_Kingdom_before_mandate_mask,United Kingdom - Before mandate - Face mask wearing,Loss of Smell: Yes,0.0,56
XGBoost,United Kingdom,before_mandate,Before mandate,mask,Face mask wearing,United_Kingdom_before_mandate_mask,United Kingdom - Before mandate - Face mask wearing,Shortness of Breath: Yes,0.0,57
XGBoost,United Kingdom,before_mandate,Before mandate,mask,Face mask wearing,United_Kingdom_before_mandate_mask,United Kingdom - Before mandate - Face mask wearing,Employment: Unemployed,0.0,58
XGBoost,United Kingdom,before_mandate,Before mandate,mask,Face mask wearing,United_Kingdom_before_mandate_mask,United Kingdom - Before mandate - Face mask wearing,Employment: Part Time,0.0,59
XGBoost,United Kingdom,before_mandate,Before mandate,mask,Face mask wearing,United_Kingdom_before_mandate_mask,United Kingdom - Before mandate - Face mask wearing,Employment: Other,0.0,60
XGBoost,United Kingdom,before_mandate,Before mandate,mask,Face mask wearing,United_Kingdom_before_mandate_mask,United Kingdom - Before mandate - Face mask wearing,Isolation Willingness: Unsure,0.0,61
XGBoost,United Kingdom,before_mandate,Before mandate,mask,Face mask wearing,United_Kingdom_before_mandate_mask,United Kingdom - Before mandate - Face mask wearing,Isolation Willingness: Very Unwilling,0.0,62
XGBoost,United Kingdom,before_mandate,Before mandate,mask,Face mask wearing,United_Kingdom_before_mandate_mask,United Kingdom - Before mandate - Face mask wearing,Fever: No,0.0,63
XGBoost,United Kingdom,before_mandate,Before mandate,mask,Face mask wearing,United_Kingdom_before_mandate_mask,United Kingdom - Before mandate - Face mask wearing,Dry Cough: Yes,0.0,64
XGBoost,United Kingdom,before_mandate,Before mandate,mask,Face mask wearing,United_Kingdom_before_mandate_mask,United Kingdom - Before mandate - Face mask wearing,Confidence in the government: Unknown,0.0,65
XGBoost,United Kingdom,before_mandate,Before mandate,mask,Face mask wearing,United_Kingdom_before_mandate_mask,United Kingdom - Before mandate - Face mask wearing,PHQ Anxiety: N/A,0.0,66
XGBoost,United Kingdom,before_mandate,Before mandate,mask,Face mask wearing,United_Kingdom_before_mandate_mask,United Kingdom - Before mandate - Face mask wearing,PHQ Depressed: Prefer Not Say,0.0,67
XGBoost,United Kingdom,before_mandate,Before mandate,mask,Face mask wearing,United_Kingdom_before_mandate_mask,United Kingdom - Before mandate - Face mask wearing,PHQ Depressed: N/A,0.0,68
XGBoost,United Kingdom,before_mandate,Before mandate,mask,Face mask wearing,United_Kingdom_before_mandate_mask,United Kingdom - Before mandate - Face mask wearing,PHQ Low Interest: Prefer Not Say,0.0,69
XGBoost,United Kingdom,before_mandate,Before mandate,mask,Face mask wearing,United_Kingdom_before_mandate_mask,United Kingdom - Before mandate - Face mask wearing,PHQ Worry: Prefer Not Say,0.0,70
XGBoost,United Kingdom,before_mandate,Before mandate,mask,Face mask wearing,United_Kingdom_before_mandate_mask,United Kingdom - Before mandate - Face mask wearing,PHQ Anxiety: Prefer Not Say,0.0,71
XGBoost,United Kingdom,before_mandate,Before mandate,mask,Face mask wearing,United_Kingdom_before_mandate_mask,United Kingdom - Before mandate - Face mask wearing,Gov Response: Very Good,0.0,72
XGBoost,United Kingdom,before_mandate,Before mandate,mask,Face mask wearing,United_Kingdom_before_mandate_mask,United Kingdom - Before mandate - Face mask wearing,Comorbidity: Prefer Not Say,0.0,73
XGBoost,United Kingdom,before_mandate,Before mandate,protective,Protective behaviour,United_Kingdom_before_mandate_protective,United Kingdom - Before mandate - Protective behaviour,Isolation Willingness: Very Willing,0.13002,1
XGBoost,United Kingdom,before_mandate,Before mandate,protective,Protective behaviour,United_Kingdom_before_mandate_protective,United Kingdom - Before mandate - Protective behaviour,COVID Severity,0.05518497,2
XGBoost,United Kingdom,before_mandate,Before mandate,protective,Protective behaviour,United_Kingdom_before_mandate_protective,United Kingdom - Before mandate - Protective behaviour,Symptom Isolation: Yes,0.030580617,3
XGBoost,United Kingdom,before_mandate,Before mandate,protective,Protective behaviour,United_Kingdom_before_mandate_protective,United Kingdom - Before mandate - Protective behaviour,Physical contact count (with stranger),0.029987961,4
XGBoost,United Kingdom,before_mandate,Before mandate,protective,Protective behaviour,United_Kingdom_before_mandate_protective,United Kingdom - Before mandate - Protective behaviour,Outings count,0.02998047,5
XGBoost,United Kingdom,before_mandate,Before mandate,protective,Protective behaviour,United_Kingdom_before_mandate_protective,United Kingdom - Before mandate - Protective behaviour,Comorbidity: No,0.026237654,6
XGBoost,United Kingdom,before_mandate,Before mandate,protective,Protective behaviour,United_Kingdom_before_mandate_protective,United Kingdom - Before mandate - Protective behaviour,Handwashing Count,0.026020762,7
XGBoost,United Kingdom,before_mandate,Before mandate,protective,Protective behaviour,United_Kingdom_before_mandate_protective,United Kingdom - Before mandate - Protective behaviour,Symptom Isolation: Unsure,0.024551643,8
XGBoost,United Kingdom,before_mandate,Before mandate,protective,Protective behaviour,United_Kingdom_before_mandate_protective,United Kingdom - Before mandate - Protective behaviour,Isolation Willingness: Somewhat Willing,0.024512954,9
XGBoost,United Kingdom,before_mandate,Before mandate,protective,Protective behaviour,United_Kingdom_before_mandate_protective,United Kingdom - Before mandate - Protective behaviour,Isolation Willingness: Neutral,0.024464933,10
XGBoost,United Kingdom,before_mandate,Before mandate,protective,Protective behaviour,United_Kingdom_before_mandate_protective,United Kingdom - Before mandate - Protective behaviour,Isolation Willingness: Somewhat Unwilling,0.023594704,11
XGBoost,United Kingdom,before_mandate,Before mandate,protective,Protective behaviour,United_Kingdom_before_mandate_protective,United Kingdom - Before mandate - Protective behaviour,Is a male?,0.022665204,12
XGBoost,United Kingdom,before_mandate,Before mandate,protective,Protective behaviour,United_Kingdom_before_mandate_protective,United Kingdom - Before mandate - Protective behaviour,Confidence in the government: High,0.0205674,13
XGBoost,United Kingdom,before_mandate,Before mandate,protective,Protective behaviour,United_Kingdom_before_mandate_protective,United Kingdom - Before mandate - Protective behaviour,Age,0.019729203,14
XGBoost,United Kingdom,before_mandate,Before mandate,protective,Protective behaviour,United_Kingdom_before_mandate_protective,United Kingdom - Before mandate - Protective behaviour,Isolation Willingness: Very Unwilling,0.019699587,15
XGBoost,United Kingdom,before_mandate,Before mandate,protective,Protective behaviour,United_Kingdom_before_mandate_protective,United Kingdom - Before mandate - Protective behaviour,State: Scotland,0.019385753,16
XGBoost,United Kingdom,before_mandate,Before mandate,protective,Protective behaviour,United_Kingdom_before_mandate_protective,United Kingdom - Before mandate - Protective behaviour,PHQ Worry: Not At All,0.01748935,17
XGBoost,United Kingdom,before_mandate,Before mandate,protective,Protective behaviour,United_Kingdom_before_mandate_protective,United Kingdom - Before mandate - Protective behaviour,Symptom Isolation: No,0.01599863,18
XGBoost,United Kingdom,before_mandate,Before mandate,protective,Protective behaviour,United_Kingdom_before_mandate_protective,United Kingdom - Before mandate - Protective behaviour,Employment: Part Time,0.015494168,19
XGBoost,United Kingdom,before_mandate,Before mandate,protective,Protective behaviour,United_Kingdom_before_mandate_protective,United Kingdom - Before mandate - Protective behaviour,Employment: Retired,0.015437419,20
XGBoost,United Kingdom,before_mandate,Before mandate,protective,Protective behaviour,United_Kingdom_before_mandate_protective,United Kingdom - Before mandate - Protective behaviour,Week,0.015200922,21
XGBoost,United Kingdom,before_mandate,Before mandate,protective,Protective behaviour,United_Kingdom_before_mandate_protective,United Kingdom - Before mandate - Protective behaviour,COVID Infection Risk,0.015182929,22
XGBoost,United Kingdom,before_mandate,Before mandate,protective,Protective behaviour,United_Kingdom_before_mandate_protective,United Kingdom - Before mandate - Protective behaviour,PHQ Anxiety: Several Days,0.01489804,23
XGBoost,United Kingdom,before_mandate,Before mandate,protective,Protective behaviour,United_Kingdom_before_mandate_protective,United Kingdom - Before mandate - Protective behaviour,PHQ Depressed: Daily,0.014673322,24
XGBoost,United Kingdom,before_mandate,Before mandate,protective,Protective behaviour,United_Kingdom_before_mandate_protective,United Kingdom - Before mandate - Protective behaviour,Gov Response: Somewhat Bad,0.014668088,25
XGBoost,United Kingdom,before_mandate,Before mandate,protective,Protective behaviour,United_Kingdom_before_mandate_protective,United Kingdom - Before mandate - Protective behaviour,Comorbidity: Yes,0.014367071,26
XGBoost,United Kingdom,before_mandate,Before mandate,protective,Protective behaviour,United_Kingdom_before_mandate_protective,United Kingdom - Before mandate - Protective behaviour,State: Wales,0.014250279,27
XGBoost,United Kingdom,before_mandate,Before mandate,protective,Protective behaviour,United_Kingdom_before_mandate_protective,United Kingdom - Before mandate - Protective behaviour,PHQ Worry: Several Days,0.014160333,28
XGBoost,United Kingdom,before_mandate,Before mandate,protective,Protective behaviour,United_Kingdom_before_mandate_protective,United Kingdom - Before mandate - Protective behaviour,PHQ Low Interest: Not At All,0.014070833,29
XGBoost,United Kingdom,before_mandate,Before mandate,protective,Protective behaviour,United_Kingdom_before_mandate_protective,United Kingdom - Before mandate - Protective behaviour,No Symptoms: No,0.014037088,30
XGBoost,United Kingdom,before_mandate,Before mandate,protective,Protective behaviour,United_Kingdom_before_mandate_protective,United Kingdom - Before mandate - Protective behaviour,Gov Response: Somewhat Good,0.01376528,31
XGBoost,United Kingdom,before_mandate,Before mandate,protective,Protective behaviour,United_Kingdom_before_mandate_protective,United Kingdom - Before mandate - Protective behaviour,PHQ Worry: Daily,0.013476114,32
XGBoost,United Kingdom,before_mandate,Before mandate,protective,Protective behaviour,United_Kingdom_before_mandate_protective,United Kingdom - Before mandate - Protective behaviour,Employment: Student,0.013236166,33
XGBoost,United Kingdom,before_mandate,Before mandate,protective,Protective behaviour,United_Kingdom_before_mandate_protective,United Kingdom - Before mandate - Protective behaviour,Household Size,0.012351502,34
XGBoost,United Kingdom,before_mandate,Before mandate,protective,Protective behaviour,United_Kingdom_before_mandate_protective,United Kingdom - Before mandate - Protective behaviour,PHQ Low Interest: Daily,0.012250252,35
XGBoost,United Kingdom,before_mandate,Before mandate,protective,Protective behaviour,United_Kingdom_before_mandate_protective,United Kingdom - Before mandate - Protective behaviour,Shortness of Breath: No,0.0118665565,36
XGBoost,United Kingdom,before_mandate,Before mandate,protective,Protective behaviour,United_Kingdom_before_mandate_protective,United Kingdom - Before mandate - Protective behaviour,PHQ Anxiety: Not At All,0.011734463,37
XGBoost,United Kingdom,before_mandate,Before mandate,protective,Protective behaviour,United_Kingdom_before_mandate_protective,United Kingdom - Before mandate - Protective behaviour,PHQ Low Interest: Several Days,0.011667494,38
XGBoost,United Kingdom,before_mandate,Before mandate,protective,Protective behaviour,United_Kingdom_before_mandate_protective,United Kingdom - Before mandate - Protective behaviour,Employment: Not Working,0.011661655,39
XGBoost,United Kingdom,before_mandate,Before mandate,protective,Protective behaviour,United_Kingdom_before_mandate_protective,United Kingdom - Before mandate - Protective behaviour,State: Northern Ireland,0.011611901,40
XGBoost,United Kingdom,before_mandate,Before mandate,protective,Protective behaviour,United_Kingdom_before_mandate_protective,United Kingdom - Before mandate - Protective behaviour,PHQ Anxiety: Daily,0.011606898,41
XGBoost,United Kingdom,before_mandate,Before mandate,protective,Protective behaviour,United_Kingdom_before_mandate_protective,United Kingdom - Before mandate - Protective behaviour,Gov Response: N/A,0.011443517,42
XGBoost,United Kingdom,before_mandate,Before mandate,protective,Protective behaviour,United_Kingdom_before_mandate_protective,United Kingdom - Before mandate - Protective behaviour,No Symptoms: Yes,0.0114232,43
XGBoost,United Kingdom,before_mandate,Before mandate,protective,Protective behaviour,United_Kingdom_before_mandate_protective,United Kingdom - Before mandate - Protective behaviour,PHQ Depressed: Several Days,0.011351686,44
XGBoost,United Kingdom,before_mandate,Before mandate,protective,Protective behaviour,United_Kingdom_before_mandate_protective,United Kingdom - Before mandate - Protective behaviour,Gov Response: Very Good,0.011044221,45
XGBoost,United Kingdom,before_mandate,Before mandate,protective,Protective behaviour,United_Kingdom_before_mandate_protective,United Kingdom - Before mandate - Protective behaviour,Shortness of Breath: Yes,0.010970604,46
XGBoost,United Kingdom,before_mandate,Before mandate,protective,Protective behaviour,United_Kingdom_before_mandate_protective,United Kingdom - Before mandate - Protective behaviour,Loss of Taste: No,0.010654567,47
XGBoost,United Kingdom,before_mandate,Before mandate,protective,Protective behaviour,United_Kingdom_before_mandate_protective,United Kingdom - Before mandate - Protective behaviour,Confidence in the government: N/A,0.010270039,48
XGBoost,United Kingdom,before_mandate,Before mandate,protective,Protective behaviour,United_Kingdom_before_mandate_protective,United Kingdom - Before mandate - Protective behaviour,Gov Response: Very Bad,0.009919879,49
XGBoost,United Kingdom,before_mandate,Before mandate,protective,Protective behaviour,United_Kingdom_before_mandate_protective,United Kingdom - Before mandate - Protective behaviour,PHQ Depressed: Not At All,0.009654786,50
XGBoost,United Kingdom,before_mandate,Before mandate,protective,Protective behaviour,United_Kingdom_before_mandate_protective,United Kingdom - Before mandate - Protective behaviour,Confidence in the government: Low,0.009258534,51
XGBoost,United Kingdom,before_mandate,Before mandate,protective,Protective behaviour,United_Kingdom_before_mandate_protective,United Kingdom - Before mandate - Protective behaviour,PHQ Depressed: Prefer Not Say,0.009079513,52
XGBoost,United Kingdom,before_mandate,Before mandate,protective,Protective behaviour,United_Kingdom_before_mandate_protective,United Kingdom - Before mandate - Protective behaviour,PHQ Worry: N/A,0.0065371455,53
XGBoost,United Kingdom,before_mandate,Before mandate,protective,Protective behaviour,United_Kingdom_before_mandate_protective,United Kingdom - Before mandate - Protective behaviour,Employment: Unemployed,0.0060517653,54
XGBoost,United Kingdom,before_mandate,Before mandate,protective,Protective behaviour,United_Kingdom_before_mandate_protective,United Kingdom - Before mandate - Protective behaviour,Loss of Taste: Yes,0.0,55
XGBoost,United Kingdom,before_mandate,Before mandate,protective,Protective behaviour,United_Kingdom_before_mandate_protective,United Kingdom - Before mandate - Protective behaviour,Fever: Yes,0.0,56
XGBoost,United Kingdom,before_mandate,Before mandate,protective,Protective behaviour,United_Kingdom_before_mandate_protective,United Kingdom - Before mandate - Protective behaviour,Employment: Other,0.0,57
XGBoost,United Kingdom,before_mandate,Before mandate,protective,Protective behaviour,United_Kingdom_before_mandate_protective,United Kingdom - Before mandate - Protective behaviour,Isolation Willingness: Unsure,0.0,58
XGBoost,United Kingdom,before_mandate,Before mandate,protective,Protective behaviour,United_Kingdom_before_mandate_protective,United Kingdom - Before mandate - Protective behaviour,Loss of Smell: No,0.0,59
XGBoost,United Kingdom,before_mandate,Before mandate,protective,Protective behaviour,United_Kingdom_before_mandate_protective,United Kingdom - Before mandate - Protective behaviour,Loss of Smell: Yes,0.0,60
XGBoost,United Kingdom,before_mandate,Before mandate,protective,Protective behaviour,United_Kingdom_before_mandate_protective,United Kingdom - Before mandate - Protective behaviour,Dry Cough: Yes,0.0,61
XGBoost,United Kingdom,before_mandate,Before mandate,protective,Protective behaviour,United_Kingdom_before_mandate_protective,United Kingdom - Before mandate - Protective behaviour,Fever: No,0.0,62
XGBoost,United Kingdom,before_mandate,Before mandate,protective,Protective behaviour,United_Kingdom_before_mandate_protective,United Kingdom - Before mandate - Protective behaviour,Dry Cough: No,0.0,63
XGBoost,United Kingdom,before_mandate,Before mandate,protective,Protective behaviour,United_Kingdom_before_mandate_protective,United Kingdom - Before mandate - Protective behaviour,Confidence in the government: Unknown,0.0,64
XGBoost,United Kingdom,before_mandate,Before mandate,protective,Protective behaviour,United_Kingdom_before_mandate_protective,United Kingdom - Before mandate - Protective behaviour,PHQ Anxiety: N/A,0.0,65
XGBoost,United Kingdom,before_mandate,Before mandate,protective,Protective behaviour,United_Kingdom_before_mandate_protective,United Kingdom - Before mandate - Protective behaviour,PHQ Depressed: N/A,0.0,66
XGBoost,United Kingdom,before_mandate,Before mandate,protective,Protective behaviour,United_Kingdom_before_mandate_protective,United Kingdom - Before mandate - Protective behaviour,PHQ Low Interest: N/A,0.0,67
XGBoost,United Kingdom,before_mandate,Before mandate,protective,Protective behaviour,United_Kingdom_before_mandate_protective,United Kingdom - Before mandate - Protective behaviour,PHQ Low Interest: Prefer Not Say,0.0,68
XGBoost,United Kingdom,before_mandate,Before mandate,protective,Protective behaviour,United_Kingdom_before_mandate_protective,United Kingdom - Before mandate - Protective behaviour,Confidence in the government: None,0.0,69
XGBoost,United Kingdom,before_mandate,Before mandate,protective,Protective behaviour,United_Kingdom_before_mandate_protective,United Kingdom - Before mandate - Protective behaviour,PHQ Anxiety: Prefer Not Say,0.0,70
XGBoost,United Kingdom,before_mandate,Before mandate,protective,Protective behaviour,United_Kingdom_before_mandate_protective,United Kingdom - Before mandate - Protective behaviour,PHQ Worry: Prefer Not Say,0.0,71
XGBoost,United Kingdom,before_mandate,Before mandate,protective,Protective behaviour,United_Kingdom_before_mandate_protective,United Kingdom - Before mandate - Protective behaviour,Comorbidity: Prefer Not Say,0.0,72
XGBoost,United Kingdom,after_mandate,After mandate,mask,Face mask wearing,United_Kingdom_after_mandate_mask,United Kingdom - After mandate - Face mask wearing,Week,0.09945073,1
XGBoost,United Kingdom,after_mandate,After mandate,mask,Face mask wearing,United_Kingdom_after_mandate_mask,United Kingdom - After mandate - Face mask wearing,Non-Mask Protective Behavior Score,0.09545966,2
XGBoost,United Kingdom,after_mandate,After mandate,mask,Face mask wearing,United_Kingdom_after_mandate_mask,United Kingdom - After mandate - Face mask wearing,Isolation Willingness: Very Willing,0.060647756,3
XGBoost,United Kingdom,after_mandate,After mandate,mask,Face mask wearing,United_Kingdom_after_mandate_mask,United Kingdom - After mandate - Face mask wearing,Isolation Willingness: Very Unwilling,0.052299492,4
XGBoost,United Kingdom,after_mandate,After mandate,mask,Face mask wearing,United_Kingdom_after_mandate_mask,United Kingdom - After mandate - Face mask wearing,COVID Severity,0.03791392,5
XGBoost,United Kingdom,after_mandate,After mandate,mask,Face mask wearing,United_Kingdom_after_mandate_mask,United Kingdom - After mandate - Face mask wearing,Is a male?,0.031207815,6
XGBoost,United Kingdom,after_mandate,After mandate,mask,Face mask wearing,United_Kingdom_after_mandate_mask,United Kingdom - After mandate - Face mask wearing,Symptom Isolation: No,0.023157543,7
XGBoost,United Kingdom,after_mandate,After mandate,mask,Face mask wearing,United_Kingdom_after_mandate_mask,United Kingdom - After mandate - Face mask wearing,Isolation Willingness: Neutral,0.02202765,8
XGBoost,United Kingdom,after_mandate,After mandate,mask,Face mask wearing,United_Kingdom_after_mandate_mask,United Kingdom - After mandate - Face mask wearing,PHQ Worry: Not At All,0.01890896,9
XGBoost,United Kingdom,after_mandate,After mandate,mask,Face mask wearing,United_Kingdom_after_mandate_mask,United Kingdom - After mandate - Face mask wearing,State: Scotland,0.018429631,10
XGBoost,United Kingdom,after_mandate,After mandate,mask,Face mask wearing,United_Kingdom_after_mandate_mask,United Kingdom - After mandate - Face mask wearing,Confidence in the government: None,0.018213946,11
XGBoost,United Kingdom,after_mandate,After mandate,mask,Face mask wearing,United_Kingdom_after_mandate_mask,United Kingdom - After mandate - Face mask wearing,Symptom Isolation: Yes,0.017490676,12
XGBoost,United Kingdom,after_mandate,After mandate,mask,Face mask wearing,United_Kingdom_after_mandate_mask,United Kingdom - After mandate - Face mask wearing,Symptom Isolation: Unsure,0.016467746,13
XGBoost,United Kingdom,after_mandate,After mandate,mask,Face mask wearing,United_Kingdom_after_mandate_mask,United Kingdom - After mandate - Face mask wearing,Isolation Willingness: Somewhat Unwilling,0.015967654,14
XGBoost,United Kingdom,after_mandate,After mandate,mask,Face mask wearing,United_Kingdom_after_mandate_mask,United Kingdom - After mandate - Face mask wearing,PHQ Anxiety: Not At All,0.015964145,15
XGBoost,United Kingdom,after_mandate,After mandate,mask,Face mask wearing,United_Kingdom_after_mandate_mask,United Kingdom - After mandate - Face mask wearing,Outings count,0.015764114,16
XGBoost,United Kingdom,after_mandate,After mandate,mask,Face mask wearing,United_Kingdom_after_mandate_mask,United Kingdom - After mandate - Face mask wearing,Employment: Student,0.015144281,17
XGBoost,United Kingdom,after_mandate,After mandate,mask,Face mask wearing,United_Kingdom_after_mandate_mask,United Kingdom - After mandate - Face mask wearing,Handwashing Count,0.014633596,18
XGBoost,United Kingdom,after_mandate,After mandate,mask,Face mask wearing,United_Kingdom_after_mandate_mask,United Kingdom - After mandate - Face mask wearing,PHQ Worry: Daily,0.013927601,19
XGBoost,United Kingdom,after_mandate,After mandate,mask,Face mask wearing,United_Kingdom_after_mandate_mask,United Kingdom - After mandate - Face mask wearing,Confidence in the government: Unknown,0.01392204,20
XGBoost,United Kingdom,after_mandate,After mandate,mask,Face mask wearing,United_Kingdom_after_mandate_mask,United Kingdom - After mandate - Face mask wearing,Employment: Not Working,0.013888813,21
XGBoost,United Kingdom,after_mandate,After mandate,mask,Face mask wearing,United_Kingdom_after_mandate_mask,United Kingdom - After mandate - Face mask wearing,Confidence in the government: High,0.013003613,22
XGBoost,United Kingdom,after_mandate,After mandate,mask,Face mask wearing,United_Kingdom_after_mandate_mask,United Kingdom - After mandate - Face mask wearing,Physical contact count (with stranger),0.012509439,23
XGBoost,United Kingdom,after_mandate,After mandate,mask,Face mask wearing,United_Kingdom_after_mandate_mask,United Kingdom - After mandate - Face mask wearing,Isolation Willingness: Unsure,0.012070994,24
XGBoost,United Kingdom,after_mandate,After mandate,mask,Face mask wearing,United_Kingdom_after_mandate_mask,United Kingdom - After mandate - Face mask wearing,Dry Cough: No,0.011774759,25
XGBoost,United Kingdom,after_mandate,After mandate,mask,Face mask wearing,United_Kingdom_after_mandate_mask,United Kingdom - After mandate - Face mask wearing,PHQ Depressed: N/A,0.011339793,26
XGBoost,United Kingdom,after_mandate,After mandate,mask,Face mask wearing,United_Kingdom_after_mandate_mask,United Kingdom - After mandate - Face mask wearing,State: Northern Ireland,0.011273647,27
XGBoost,United Kingdom,after_mandate,After mandate,mask,Face mask wearing,United_Kingdom_after_mandate_mask,United Kingdom - After mandate - Face mask wearing,Confidence in the government: Low,0.0104041295,28
XGBoost,United Kingdom,after_mandate,After mandate,mask,Face mask wearing,United_Kingdom_after_mandate_mask,United Kingdom - After mandate - Face mask wearing,Age,0.010179589,29
XGBoost,United Kingdom,after_mandate,After mandate,mask,Face mask wearing,United_Kingdom_after_mandate_mask,United Kingdom - After mandate - Face mask wearing,COVID Infection Risk,0.009964888,30
XGBoost,United Kingdom,after_mandate,After mandate,mask,Face mask wearing,United_Kingdom_after_mandate_mask,United Kingdom - After mandate - Face mask wearing,Shortness of Breath: No,0.009747154,31
XGBoost,United Kingdom,after_mandate,After mandate,mask,Face mask wearing,United_Kingdom_after_mandate_mask,United Kingdom - After mandate - Face mask wearing,State: Wales,0.009585016,32
XGBoost,United Kingdom,after_mandate,After mandate,mask,Face mask wearing,United_Kingdom_after_mandate_mask,United Kingdom - After mandate - Face mask wearing,Gov Response: Very Good,0.009480705,33
XGBoost,United Kingdom,after_mandate,After mandate,mask,Face mask wearing,United_Kingdom_after_mandate_mask,United Kingdom - After mandate - Face mask wearing,PHQ Anxiety: N/A,0.00945323,34
XGBoost,United Kingdom,after_mandate,After mandate,mask,Face mask wearing,United_Kingdom_after_mandate_mask,United Kingdom - After mandate - Face mask wearing,Fever: Yes,0.0094353575,35
XGBoost,United Kingdom,after_mandate,After mandate,mask,Face mask wearing,United_Kingdom_after_mandate_mask,United Kingdom - After mandate - Face mask wearing,Gov Response: Very Bad,0.009126681,36
XGBoost,United Kingdom,after_mandate,After mandate,mask,Face mask wearing,United_Kingdom_after_mandate_mask,United Kingdom - After mandate - Face mask wearing,Shortness of Breath: Yes,0.00876033,37
XGBoost,United Kingdom,after_mandate,After mandate,mask,Face mask wearing,United_Kingdom_after_mandate_mask,United Kingdom - After mandate - Face mask wearing,Employment: Unemployed,0.008670977,38
XGBoost,United Kingdom,after_mandate,After mandate,mask,Face mask wearing,United_Kingdom_after_mandate_mask,United Kingdom - After mandate - Face mask wearing,Gov Response: Somewhat Good,0.008668729,39
XGBoost,United Kingdom,after_mandate,After mandate,mask,Face mask wearing,United_Kingdom_after_mandate_mask,United Kingdom - After mandate - Face mask wearing,Isolation Willingness: Somewhat Willing,0.008584379,40
XGBoost,United Kingdom,after_mandate,After mandate,mask,Face mask wearing,United_Kingdom_after_mandate_mask,United Kingdom - After mandate - Face mask wearing,Loss of Smell: No,0.00848729,41
XGBoost,United Kingdom,after_mandate,After mandate,mask,Face mask wearing,United_Kingdom_after_mandate_mask,United Kingdom - After mandate - Face mask wearing,PHQ Low Interest: N/A,0.008469535,42
XGBoost,United Kingdom,after_mandate,After mandate,mask,Face mask wearing,United_Kingdom_after_mandate_mask,United Kingdom - After mandate - Face mask wearing,PHQ Depressed: Daily,0.008444216,43
XGBoost,United Kingdom,after_mandate,After mandate,mask,Face mask wearing,United_Kingdom_after_mandate_mask,United Kingdom - After mandate - Face mask wearing,Employment: Other,0.008283303,44
XGBoost,United Kingdom,after_mandate,After mandate,mask,Face mask wearing,United_Kingdom_after_mandate_mask,United Kingdom - After mandate - Face mask wearing,Dry Cough: Yes,0.008197546,45
XGBoost,United Kingdom,after_mandate,After mandate,mask,Face mask wearing,United_Kingdom_after_mandate_mask,United Kingdom - After mandate - Face mask wearing,Employment: Retired,0.008106724,46
XGBoost,United Kingdom,after_mandate,After mandate,mask,Face mask wearing,United_Kingdom_after_mandate_mask,United Kingdom - After mandate - Face mask wearing,Household Size,0.008055288,47
XGBoost,United Kingdom,after_mandate,After mandate,mask,Face mask wearing,United_Kingdom_after_mandate_mask,United Kingdom - After mandate - Face mask wearing,PHQ Worry: Prefer Not Say,0.007995066,48
XGBoost,United Kingdom,after_mandate,After mandate,mask,Face mask wearing,United_Kingdom_after_mandate_mask,United Kingdom - After mandate - Face mask wearing,No Symptoms: Yes,0.007458918,49
XGBoost,United Kingdom,after_mandate,After mandate,mask,Face mask wearing,United_Kingdom_after_mandate_mask,United Kingdom - After mandate - Face mask wearing,PHQ Low Interest: Not At All,0.007198323,50
XGBoost,United Kingdom,after_mandate,After mandate,mask,Face mask wearing,United_Kingdom_after_mandate_mask,United Kingdom - After mandate - Face mask wearing,Employment: Part Time,0.0071594254,51
XGBoost,United Kingdom,after_mandate,After mandate,mask,Face mask wearing,United_Kingdom_after_mandate_mask,United Kingdom - After mandate - Face mask wearing,Loss of Taste: No,0.007062979,52
XGBoost,United Kingdom,after_mandate,After mandate,mask,Face mask wearing,United_Kingdom_after_mandate_mask,United Kingdom - After mandate - Face mask wearing,Comorbidity: Yes,0.007029138,53
XGBoost,United Kingdom,after_mandate,After mandate,mask,Face mask wearing,United_Kingdom_after_mandate_mask,United Kingdom - After mandate - Face mask wearing,PHQ Depressed: Several Days,0.007009272,54
XGBoost,United Kingdom,after_mandate,After mandate,mask,Face mask wearing,United_Kingdom_after_mandate_mask,United Kingdom - After mandate - Face mask wearing,PHQ Low Interest: Daily,0.006678264,55
XGBoost,United Kingdom,after_mandate,After mandate,mask,Face mask wearing,United_Kingdom_after_mandate_mask,United Kingdom - After mandate - Face mask wearing,PHQ Worry: N/A,0.0066381344,56
XGBoost,United Kingdom,after_mandate,After mandate,mask,Face mask wearing,United_Kingdom_after_mandate_mask,United Kingdom - After mandate - Face mask wearing,No Symptoms: No,0.0064662024,57
XGBoost,United Kingdom,after_mandate,After mandate,mask,Face mask wearing,United_Kingdom_after_mandate_mask,United Kingdom - After mandate - Face mask wearing,Comorbidity: No,0.0063751587,58
XGBoost,United Kingdom,after_mandate,After mandate,mask,Face mask wearing,United_Kingdom_after_mandate_mask,United Kingdom - After mandate - Face mask wearing,PHQ Worry: Several Days,0.0062262467,59
XGBoost,United Kingdom,after_mandate,After mandate,mask,Face mask wearing,United_Kingdom_after_mandate_mask,United Kingdom - After mandate - Face mask wearing,PHQ Depressed: Not At All,0.0061838026,60
XGBoost,United Kingdom,after_mandate,After mandate,mask,Face mask wearing,United_Kingdom_after_mandate_mask,United Kingdom - After mandate - Face mask wearing,PHQ Low Interest: Several Days,0.0060382993,61
XGBoost,United Kingdom,after_mandate,After mandate,mask,Face mask wearing,United_Kingdom_after_mandate_mask,United Kingdom - After mandate - Face mask wearing,PHQ Anxiety: Several Days,0.005630644,62
XGBoost,United Kingdom,after_mandate,After mandate,mask,Face mask wearing,United_Kingdom_after_mandate_mask,United Kingdom - After mandate - Face mask wearing,PHQ Anxiety: Daily,0.0055591683,63
XGBoost,United Kingdom,after_mandate,After mandate,mask,Face mask wearing,United_Kingdom_after_mandate_mask,United Kingdom - After mandate - Face mask wearing,Fever: No,0.005165585,64
XGBoost,United Kingdom,after_mandate,After mandate,mask,Face mask wearing,United_Kingdom_after_mandate_mask,United Kingdom - After mandate - Face mask wearing,Gov Response: Somewhat Bad,0.005160258,65
XGBoost,United Kingdom,after_mandate,After mandate,mask,Face mask wearing,United_Kingdom_after_mandate_mask,United Kingdom - After mandate - Face mask wearing,Loss of Taste: Yes,0.0,66
XGBoost,United Kingdom,after_mandate,After mandate,mask,Face mask wearing,United_Kingdom_after_mandate_mask,United Kingdom - After mandate - Face mask wearing,Loss of Smell: Yes,0.0,67
XGBoost,United Kingdom,after_mandate,After mandate,mask,Face mask wearing,United_Kingdom_after_mandate_mask,United Kingdom - After mandate - Face mask wearing,Confidence in the government: N/A,0.0,68
XGBoost,United Kingdom,after_mandate,After mandate,mask,Face mask wearing,United_Kingdom_after_mandate_mask,United Kingdom - After mandate - Face mask wearing,PHQ Low Interest: Prefer Not Say,0.0,69
XGBoost,United Kingdom,after_mandate,After mandate,mask,Face mask wearing,United_Kingdom_after_mandate_mask,United Kingdom - After mandate - Face mask wearing,PHQ Depressed: Prefer Not Say,0.0,70
XGBoost,United Kingdom,after_mandate,After mandate,mask,Face mask wearing,United_Kingdom_after_mandate_mask,United Kingdom - After mandate - Face mask wearing,PHQ Anxiety: Prefer Not Say,0.0,71
XGBoost,United Kingdom,after_mandate,After mandate,mask,Face mask wearing,United_Kingdom_after_mandate_mask,United Kingdom - After mandate - Face mask wearing,Gov Response: N/A,0.0,72
XGBoost,United Kingdom,after_mandate,After mandate,mask,Face mask wearing,United_Kingdom_after_mandate_mask,United Kingdom - After mandate - Face mask wearing,Comorbidity: Prefer Not Say,0.0,73
XGBoost,United Kingdom,after_mandate,After mandate,protective,Protective behaviour,United_Kingdom_after_mandate_protective,United Kingdom - After mandate - Protective behaviour,Isolation Willingness: Very Willing,0.25281227,1
XGBoost,United Kingdom,after_mandate,After mandate,protective,Protective behaviour,United_Kingdom_after_mandate_protective,United Kingdom - After mandate - Protective behaviour,COVID Severity,0.09105658,2
XGBoost,United Kingdom,after_mandate,After mandate,protective,Protective behaviour,United_Kingdom_after_mandate_protective,United Kingdom - After mandate - Protective behaviour,Physical contact count (with stranger),0.061601028,3
XGBoost,United Kingdom,after_mandate,After mandate,protective,Protective behaviour,United_Kingdom_after_mandate_protective,United Kingdom - After mandate - Protective behaviour,Symptom Isolation: Yes,0.052212484,4
XGBoost,United Kingdom,after_mandate,After mandate,protective,Protective behaviour,United_Kingdom_after_mandate_protective,United Kingdom - After mandate - Protective behaviour,Week,0.033357695,5
XGBoost,United Kingdom,after_mandate,After mandate,protective,Protective behaviour,United_Kingdom_after_mandate_protective,United Kingdom - After mandate - Protective behaviour,Handwashing Count,0.02717823,6
XGBoost,United Kingdom,after_mandate,After mandate,protective,Protective behaviour,United_Kingdom_after_mandate_protective,United Kingdom - After mandate - Protective behaviour,Symptom Isolation: Unsure,0.024904849,7
XGBoost,United Kingdom,after_mandate,After mandate,protective,Protective behaviour,United_Kingdom_after_mandate_protective,United Kingdom - After mandate - Protective behaviour,Symptom Isolation: No,0.019039184,8
XGBoost,United Kingdom,after_mandate,After mandate,protective,Protective behaviour,United_Kingdom_after_mandate_protective,United Kingdom - After mandate - Protective behaviour,Isolation Willingness: Somewhat Willing,0.018026,9
XGBoost,United Kingdom,after_mandate,After mandate,protective,Protective behaviour,United_Kingdom_after_mandate_protective,United Kingdom - After mandate - Protective behaviour,Isolation Willingness: Somewhat Unwilling,0.017443767,10
XGBoost,United Kingdom,after_mandate,After mandate,protective,Protective behaviour,United_Kingdom_after_mandate_protective,United Kingdom - After mandate - Protective behaviour,Outings count,0.017108368,11
XGBoost,United Kingdom,after_mandate,After mandate,protective,Protective behaviour,United_Kingdom_after_mandate_protective,United Kingdom - After mandate - Protective behaviour,PHQ Worry: Not At All,0.014619113,12
XGBoost,United Kingdom,after_mandate,After mandate,protective,Protective behaviour,United_Kingdom_after_mandate_protective,United Kingdom - After mandate - Protective behaviour,Isolation Willingness: Very Unwilling,0.014238685,13
XGBoost,United Kingdom,after_mandate,After mandate,protective,Protective behaviour,United_Kingdom_after_mandate_protective,United Kingdom - After mandate - Protective behaviour,Isolation Willingness: Neutral,0.014076908,14
XGBoost,United Kingdom,after_mandate,After mandate,protective,Protective behaviour,United_Kingdom_after_mandate_protective,United Kingdom - After mandate - Protective behaviour,Is a male?,0.013744578,15
XGBoost,United Kingdom,after_mandate,After mandate,protective,Protective behaviour,United_Kingdom_after_mandate_protective,United Kingdom - After mandate - Protective behaviour,Confidence in the government: None,0.013632871,16
XGBoost,United Kingdom,after_mandate,After mandate,protective,Protective behaviour,United_Kingdom_after_mandate_protective,United Kingdom - After mandate - Protective behaviour,PHQ Anxiety: N/A,0.011014709,17
XGBoost,United Kingdom,after_mandate,After mandate,protective,Protective behaviour,United_Kingdom_after_mandate_protective,United Kingdom - After mandate - Protective behaviour,Isolation Willingness: Unsure,0.010655869,18
XGBoost,United Kingdom,after_mandate,After mandate,protective,Protective behaviour,United_Kingdom_after_mandate_protective,United Kingdom - After mandate - Protective behaviour,PHQ Anxiety: Daily,0.010550351,19
XGBoost,United Kingdom,after_mandate,After mandate,protective,Protective behaviour,United_Kingdom_after_mandate_protective,United Kingdom - After mandate - Protective behaviour,PHQ Anxiety: Not At All,0.010256303,20
XGBoost,United Kingdom,after_mandate,After mandate,protective,Protective behaviour,United_Kingdom_after_mandate_protective,United Kingdom - After mandate - Protective behaviour,Confidence in the government: Unknown,0.008872787,21
XGBoost,United Kingdom,after_mandate,After mandate,protective,Protective behaviour,United_Kingdom_after_mandate_protective,United Kingdom - After mandate - Protective behaviour,Employment: Retired,0.0088289725,22
XGBoost,United Kingdom,after_mandate,After mandate,protective,Protective behaviour,United_Kingdom_after_mandate_protective,United Kingdom - After mandate - Protective behaviour,PHQ Depressed: Not At All,0.008488425,23
XGBoost,United Kingdom,after_mandate,After mandate,protective,Protective behaviour,United_Kingdom_after_mandate_protective,United Kingdom - After mandate - Protective behaviour,PHQ Low Interest: Not At All,0.008431511,24
XGBoost,United Kingdom,after_mandate,After mandate,protective,Protective behaviour,United_Kingdom_after_mandate_protective,United Kingdom - After mandate - Protective behaviour,Age,0.008260452,25
XGBoost,United Kingdom,after_mandate,After mandate,protective,Protective behaviour,United_Kingdom_after_mandate_protective,United Kingdom - After mandate - Protective behaviour,No Symptoms: Yes,0.0082413545,26
XGBoost,United Kingdom,after_mandate,After mandate,protective,Protective behaviour,United_Kingdom_after_mandate_protective,United Kingdom - After mandate - Protective behaviour,PHQ Worry: Several Days,0.007382437,27
XGBoost,United Kingdom,after_mandate,After mandate,protective,Protective behaviour,United_Kingdom_after_mandate_protective,United Kingdom - After mandate - Protective behaviour,PHQ Depressed: N/A,0.0071489443,28
XGBoost,United Kingdom,after_mandate,After mandate,protective,Protective behaviour,United_Kingdom_after_mandate_protective,United Kingdom - After mandate - Protective behaviour,PHQ Worry: Daily,0.0071482575,29
XGBoost,United Kingdom,after_mandate,After mandate,protective,Protective behaviour,United_Kingdom_after_mandate_protective,United Kingdom - After mandate - Protective behaviour,PHQ Anxiety: Several Days,0.006879195,30
XGBoost,United Kingdom,after_mandate,After mandate,protective,Protective behaviour,United_Kingdom_after_mandate_protective,United Kingdom - After mandate - Protective behaviour,Shortness of Breath: No,0.006799908,31
XGBoost,United Kingdom,after_mandate,After mandate,protective,Protective behaviour,United_Kingdom_after_mandate_protective,United Kingdom - After mandate - Protective behaviour,Household Size,0.006779135,32
XGBoost,United Kingdom,after_mandate,After mandate,protective,Protective behaviour,United_Kingdom_after_mandate_protective,United Kingdom - After mandate - Protective behaviour,State: Wales,0.006764371,33
XGBoost,United Kingdom,after_mandate,After mandate,protective,Protective behaviour,United_Kingdom_after_mandate_protective,United Kingdom - After mandate - Protective behaviour,COVID Infection Risk,0.006755932,34
XGBoost,United Kingdom,after_mandate,After mandate,protective,Protective behaviour,United_Kingdom_after_mandate_protective,United Kingdom - After mandate - Protective behaviour,Fever: Yes,0.006437822,35
XGBoost,United Kingdom,after_mandate,After mandate,protective,Protective behaviour,United_Kingdom_after_mandate_protective,United Kingdom - After mandate - Protective behaviour,PHQ Low Interest: N/A,0.006417106,36
XGBoost,United Kingdom,after_mandate,After mandate,protective,Protective behaviour,United_Kingdom_after_mandate_protective,United Kingdom - After mandate - Protective behaviour,Employment: Unemployed,0.006289944,37
XGBoost,United Kingdom,after_mandate,After mandate,protective,Protective behaviour,United_Kingdom_after_mandate_protective,United Kingdom - After mandate - Protective behaviour,Gov Response: Somewhat Bad,0.0062637986,38
XGBoost,United Kingdom,after_mandate,After mandate,protective,Protective behaviour,United_Kingdom_after_mandate_protective,United Kingdom - After mandate - Protective behaviour,PHQ Anxiety: Prefer Not Say,0.0061719776,39
XGBoost,United Kingdom,after_mandate,After mandate,protective,Protective behaviour,United_Kingdom_after_mandate_protective,United Kingdom - After mandate - Protective behaviour,PHQ Worry: N/A,0.0061366158,40
XGBoost,United Kingdom,after_mandate,After mandate,protective,Protective behaviour,United_Kingdom_after_mandate_protective,United Kingdom - After mandate - Protective behaviour,Dry Cough: No,0.0060237767,41
XGBoost,United Kingdom,after_mandate,After mandate,protective,Protective behaviour,United_Kingdom_after_mandate_protective,United Kingdom - After mandate - Protective behaviour,No Symptoms: No,0.005830897,42
XGBoost,United Kingdom,after_mandate,After mandate,protective,Protective behaviour,United_Kingdom_after_mandate_protective,United Kingdom - After mandate - Protective behaviour,Shortness of Breath: Yes,0.0057460344,43
XGBoost,United Kingdom,after_mandate,After mandate,protective,Protective behaviour,United_Kingdom_after_mandate_protective,United Kingdom - After mandate - Protective behaviour,Comorbidity: No,0.0057146046,44
XGBoost,United Kingdom,after_mandate,After mandate,protective,Protective behaviour,United_Kingdom_after_mandate_protective,United Kingdom - After mandate - Protective behaviour,Employment: Student,0.0055907224,45
XGBoost,United Kingdom,after_mandate,After mandate,protective,Protective behaviour,United_Kingdom_after_mandate_protective,United Kingdom - After mandate - Protective behaviour,PHQ Low Interest: Daily,0.0055771773,46
XGBoost,United Kingdom,after_mandate,After mandate,protective,Protective behaviour,United_Kingdom_after_mandate_protective,United Kingdom - After mandate - Protective behaviour,Employment: Other,0.005558983,47
XGBoost,United Kingdom,after_mandate,After mandate,protective,Protective behaviour,United_Kingdom_after_mandate_protective,United Kingdom - After mandate - Protective behaviour,Employment: Part Time,0.0051732017,48
XGBoost,United Kingdom,after_mandate,After mandate,protective,Protective behaviour,United_Kingdom_after_mandate_protective,United Kingdom - After mandate - Protective behaviour,PHQ Depressed: Daily,0.005131489,49
XGBoost,United Kingdom,after_mandate,After mandate,protective,Protective behaviour,United_Kingdom_after_mandate_protective,United Kingdom - After mandate - Protective behaviour,Employment: Not Working,0.0051103826,50
XGBoost,United Kingdom,after_mandate,After mandate,protective,Protective behaviour,United_Kingdom_after_mandate_protective,United Kingdom - After mandate - Protective behaviour,Comorbidity: Prefer Not Say,0.005025855,51
XGBoost,United Kingdom,after_mandate,After mandate,protective,Protective behaviour,United_Kingdom_after_mandate_protective,United Kingdom - After mandate - Protective behaviour,Comorbidity: Yes,0.004958474,52
XGBoost,United Kingdom,after_mandate,After mandate,protective,Protective behaviour,United_Kingdom_after_mandate_protective,United Kingdom - After mandate - Protective behaviour,Loss of Taste: No,0.0049253074,53
XGBoost,United Kingdom,after_mandate,After mandate,protective,Protective behaviour,United_Kingdom_after_mandate_protective,United Kingdom - After mandate - Protective behaviour,Gov Response: Very Good,0.0049048034,54
XGBoost,United Kingdom,after_mandate,After mandate,protective,Protective behaviour,United_Kingdom_after_mandate_protective,United Kingdom - After mandate - Protective behaviour,State: Northern Ireland,0.0048843822,55
XGBoost,United Kingdom,after_mandate,After mandate,protective,Protective behaviour,United_Kingdom_after_mandate_protective,United Kingdom - After mandate - Protective behaviour,Gov Response: Very Bad,0.0048782486,56
XGBoost,United Kingdom,after_mandate,After mandate,protective,Protective behaviour,United_Kingdom_after_mandate_protective,United Kingdom - After mandate - Protective behaviour,PHQ Low Interest: Several Days,0.0048583257,57
XGBoost,United Kingdom,after_mandate,After mandate,protective,Protective behaviour,United_Kingdom_after_mandate_protective,United Kingdom - After mandate - Protective behaviour,PHQ Depressed: Prefer Not Say,0.004793413,58
XGBoost,United Kingdom,after_mandate,After mandate,protective,Protective behaviour,United_Kingdom_after_mandate_protective,United Kingdom - After mandate - Protective behaviour,PHQ Worry: Prefer Not Say,0.00470733,59
XGBoost,United Kingdom,after_mandate,After mandate,protective,Protective behaviour,United_Kingdom_after_mandate_protective,United Kingdom - After mandate - Protective behaviour,State: Scotland,0.0044945986,60
XGBoost,United Kingdom,after_mandate,After mandate,protective,Protective behaviour,United_Kingdom_after_mandate_protective,United Kingdom - After mandate - Protective behaviour,Confidence in the government: High,0.0044461167,61
XGBoost,United Kingdom,after_mandate,After mandate,protective,Protective behaviour,United_Kingdom_after_mandate_protective,United Kingdom - After mandate - Protective behaviour,Confidence in the government: Low,0.0043973206,62
XGBoost,United Kingdom,after_mandate,After mandate,protective,Protective behaviour,United_Kingdom_after_mandate_protective,United Kingdom - After mandate - Protective behaviour,Dry Cough: Yes,0.004327328,63
XGBoost,United Kingdom,after_mandate,After mandate,protective,Protective behaviour,United_Kingdom_after_mandate_protective,United Kingdom - After mandate - Protective behaviour,PHQ Depressed: Several Days,0.004192,64
XGBoost,United Kingdom,after_mandate,After mandate,protective,Protective behaviour,United_Kingdom_after_mandate_protective,United Kingdom - After mandate - Protective behaviour,Gov Response: Somewhat Good,0.004090657,65
XGBoost,United Kingdom,after_mandate,After mandate,protective,Protective behaviour,United_Kingdom_after_mandate_protective,United Kingdom - After mandate - Protective behaviour,Loss of Smell: No,0.002629756,66
XGBoost,United Kingdom,after_mandate,After mandate,protective,Protective behaviour,United_Kingdom_after_mandate_protective,United Kingdom - After mandate - Protective behaviour,Loss of Smell: Yes,0.0,67
XGBoost,United Kingdom,after_mandate,After mandate,protective,Protective behaviour,United_Kingdom_after_mandate_protective,United Kingdom - After mandate - Protective behaviour,Loss of Taste: Yes,0.0,68
XGBoost,United Kingdom,after_mandate,After mandate,protective,Protective behaviour,United_Kingdom_after_mandate_protective,United Kingdom - After mandate - Protective behaviour,Fever: No,0.0,69
XGBoost,United Kingdom,after_mandate,After mandate,protective,Protective behaviour,United_Kingdom_after_mandate_protective,United Kingdom - After mandate - Protective behaviour,PHQ Low Interest: Prefer Not Say,0.0,70
XGBoost,United Kingdom,after_mandate,After mandate,protective,Protective behaviour,United_Kingdom_after_mandate_protective,United Kingdom - After mandate - Protective behaviour,Confidence in the government: N/A,0.0,71
XGBoost,United Kingdom,after_mandate,After mandate,protective,Protective behaviour,United_Kingdom_after_mandate_protective,United Kingdom - After mandate - Protective behaviour,Gov Response: N/A,0.0,72
XGBoost,India,before_mandate,Before mandate,mask,Face mask wearing,India_before_mandate_mask,India - Before mandate - Face mask wearing,Non-Mask Protective Behavior Score,0.10635799,1
XGBoost,India,before_mandate,Before mandate,mask,Face mask wearing,India_before_mandate_mask,India - Before mandate - Face mask wearing,Isolation Ease: Neutral,0.029591428,2
XGBoost,India,before_mandate,Before mandate,mask,Face mask wearing,India_before_mandate_mask,India - Before mandate - Face mask wearing,Symptom Isolation: Unsure,0.029135881,3
XGBoost,India,before_mandate,Before mandate,mask,Face mask wearing,India_before_mandate_mask,India - Before mandate - Face mask wearing,State: Kerala,0.028994182,4
XGBoost,India,before_mandate,Before mandate,mask,Face mask wearing,India_before_mandate_mask,India - Before mandate - Face mask wearing,State: West Bengal,0.02839175,5
XGBoost,India,before_mandate,Before mandate,mask,Face mask wearing,India_before_mandate_mask,India - Before mandate - Face mask wearing,Employment: Student,0.027038544,6
XGBoost,India,before_mandate,Before mandate,mask,Face mask wearing,India_before_mandate_mask,India - Before mandate - Face mask wearing,Handwashing Count,0.02678068,7
XGBoost,India,before_mandate,Before mandate,mask,Face mask wearing,India_before_mandate_mask,India - Before mandate - Face mask wearing,Employment: Part Time,0.025499348,8
XGBoost,India,before_mandate,Before mandate,mask,Face mask wearing,India_before_mandate_mask,India - Before mandate - Face mask wearing,State: Gujarat,0.02542719,9
XGBoost,India,before_mandate,Before mandate,mask,Face mask wearing,India_before_mandate_mask,India - Before mandate - Face mask wearing,COVID Test: Negative,0.024973683,10
XGBoost,India,before_mandate,Before mandate,mask,Face mask wearing,India_before_mandate_mask,India - Before mandate - Face mask wearing,State: Tamil Nadu,0.024888298,11
XGBoost,India,before_mandate,Before mandate,mask,Face mask wearing,India_before_mandate_mask,India - Before mandate - Face mask wearing,Isolation Willingness: Very Willing,0.02455332,12
XGBoost,India,before_mandate,Before mandate,mask,Face mask wearing,India_before_mandate_mask,India - Before mandate - Face mask wearing,State: Delhi,0.023825526,13
XGBoost,India,before_mandate,Before mandate,mask,Face mask wearing,India_before_mandate_mask,India - Before mandate - Face mask wearing,Employment: Retired,0.023247551,14
XGBoost,India,before_mandate,Before mandate,mask,Face mask wearing,India_before_mandate_mask,India - Before mandate - Face mask wearing,Isolation Willingness: Somewhat Unwilling,0.023091529,15
XGBoost,India,before_mandate,Before mandate,mask,Face mask wearing,India_before_mandate_mask,India - Before mandate - Face mask wearing,Week,0.022889638,16
XGBoost,India,before_mandate,Before mandate,mask,Face mask wearing,India_before_mandate_mask,India - Before mandate - Face mask wearing,Isolation Willingness: Neutral,0.022661583,17
XGBoost,India,before_mandate,Before mandate,mask,Face mask wearing,India_before_mandate_mask,India - Before mandate - Face mask wearing,Isolation Ease: Unsure,0.022565616,18
XGBoost,India,before_mandate,Before mandate,mask,Face mask wearing,India_before_mandate_mask,India - Before mandate - Face mask wearing,Loss of Smell: No,0.022499103,19
XGBoost,India,before_mandate,Before mandate,mask,Face mask wearing,India_before_mandate_mask,India - Before mandate - Face mask wearing,Employment: Not Working,0.022461912,20
XGBoost,India,before_mandate,Before mandate,mask,Face mask wearing,India_before_mandate_mask,India - Before mandate - Face mask wearing,Isolation Ease: Very Easy,0.021899268,21
XGBoost,India,before_mandate,Before mandate,mask,Face mask wearing,India_before_mandate_mask,India - Before mandate - Face mask wearing,Household COVID Test: Unsure,0.02117381,22
XGBoost,India,before_mandate,Before mandate,mask,Face mask wearing,India_before_mandate_mask,India - Before mandate - Face mask wearing,Loss of Taste: No,0.02037517,23
XGBoost,India,before_mandate,Before mandate,mask,Face mask wearing,India_before_mandate_mask,India - Before mandate - Face mask wearing,COVID Test: Not done,0.020126121,24
XGBoost,India,before_mandate,Before mandate,mask,Face mask wearing,India_before_mandate_mask,India - Before mandate - Face mask wearing,Physical contact count (with stranger),0.020010116,25
XGBoost,India,before_mandate,Before mandate,mask,Face mask wearing,India_before_mandate_mask,India - Before mandate - Face mask wearing,Age,0.019957682,26
XGBoost,India,before_mandate,Before mandate,mask,Face mask wearing,India_before_mandate_mask,India - Before mandate - Face mask wearing,Isolation Willingness: Somewhat Willing,0.01911262,27
XGBoost,India,before_mandate,Before mandate,mask,Face mask wearing,India_before_mandate_mask,India - Before mandate - Face mask wearing,Household Size,0.01878985,28
XGBoost,India,before_mandate,Before mandate,mask,Face mask wearing,India_before_mandate_mask,India - Before mandate - Face mask wearing,Shortness of Breath: No,0.018753367,29
XGBoost,India,before_mandate,Before mandate,mask,Face mask wearing,India_before_mandate_mask,India - Before mandate - Face mask wearing,Dry Cough: No,0.01863465,30
XGBoost,India,before_mandate,Before mandate,mask,Face mask wearing,India_before_mandate_mask,India - Before mandate - Face mask wearing,State: Karnataka,0.018040357,31
XGBoost,India,before_mandate,Before mandate,mask,Face mask wearing,India_before_mandate_mask,India - Before mandate - Face mask wearing,Isolation Ease: Somewhat Difficult,0.01789227,32
XGBoost,India,before_mandate,Before mandate,mask,Face mask wearing,India_before_mandate_mask,India - Before mandate - Face mask wearing,Outings count,0.016902182,33
XGBoost,India,before_mandate,Before mandate,mask,Face mask wearing,India_before_mandate_mask,India - Before mandate - Face mask wearing,No Symptoms: Yes,0.016121574,34
XGBoost,India,before_mandate,Before mandate,mask,Face mask wearing,India_before_mandate_mask,India - Before mandate - Face mask wearing,No Symptoms: No,0.016005192,35
XGBoost,India,before_mandate,Before mandate,mask,Face mask wearing,India_before_mandate_mask,India - Before mandate - Face mask wearing,Physical contact count (with family),0.015939878,36
XGBoost,India,before_mandate,Before mandate,mask,Face mask wearing,India_before_mandate_mask,India - Before mandate - Face mask wearing,Household COVID Test: Not done,0.0140783675,37
XGBoost,India,before_mandate,Before mandate,mask,Face mask wearing,India_before_mandate_mask,India - Before mandate - Face mask wearing,Symptom Isolation: Yes,0.013890467,38
XGBoost,India,before_mandate,Before mandate,mask,Face mask wearing,India_before_mandate_mask,India - Before mandate - Face mask wearing,Is a male?,0.013443317,39
XGBoost,India,before_mandate,Before mandate,mask,Face mask wearing,India_before_mandate_mask,India - Before mandate - Face mask wearing,Isolation Ease: Somewhat Easy,0.01320524,40
XGBoost,India,before_mandate,Before mandate,mask,Face mask wearing,India_before_mandate_mask,India - Before mandate - Face mask wearing,Symptom Isolation: No,0.012322632,41
XGBoost,India,before_mandate,Before mandate,mask,Face mask wearing,India_before_mandate_mask,India - Before mandate - Face mask wearing,Comorbidity: No,0.011810143,42
XGBoost,India,before_mandate,Before mandate,mask,Face mask wearing,India_before_mandate_mask,India - Before mandate - Face mask wearing,State: Uttar Pradesh,0.011108327,43
XGBoost,India,before_mandate,Before mandate,mask,Face mask wearing,India_before_mandate_mask,India - Before mandate - Face mask wearing,Employment: Unemployed,0.010451833,44
XGBoost,India,before_mandate,Before mandate,mask,Face mask wearing,India_before_mandate_mask,India - Before mandate - Face mask wearing,Isolation Ease: Very Difficult,0.00894364,45
XGBoost,India,before_mandate,Before mandate,mask,Face mask wearing,India_before_mandate_mask,India - Before mandate - Face mask wearing,Comorbidity: Yes,0.006137252,46
XGBoost,India,before_mandate,Before mandate,mask,Face mask wearing,India_before_mandate_mask,India - Before mandate - Face mask wearing,State: Chandigarh,0.0,47
XGBoost,India,before_mandate,Before mandate,mask,Face mask wearing,India_before_mandate_mask,India - Before mandate - Face mask wearing,State: Jharkhand,0.0,48
XGBoost,India,before_mandate,Before mandate,mask,Face mask wearing,India_before_mandate_mask,India - Before mandate - Face mask wearing,State: Jammu and Kashmir,0.0,49
XGBoost,India,before_mandate,Before mandate,mask,Face mask wearing,India_before_mandate_mask,India - Before mandate - Face mask wearing,State: Himachal Pradesh,0.0,50
XGBoost,India,before_mandate,Before mandate,mask,Face mask wearing,India_before_mandate_mask,India - Before mandate - Face mask wearing,State: Haryana,0.0,51
XGBoost,India,before_mandate,Before mandate,mask,Face mask wearing,India_before_mandate_mask,India - Before mandate - Face mask wearing,State: Goa,0.0,52
XGBoost,India,before_mandate,Before mandate,mask,Face mask wearing,India_before_mandate_mask,India - Before mandate - Face mask wearing,State: Dadra and Nagar Haveli and Daman and Diu,0.0,53
XGBoost,India,before_mandate,Before mandate,mask,Face mask wearing,India_before_mandate_mask,India - Before mandate - Face mask wearing,State: Assam,0.0,54
XGBoost,India,before_mandate,Before mandate,mask,Face mask wearing,India_before_mandate_mask,India - Before mandate - Face mask wearing,State: Bihar,0.0,55
XGBoost,India,before_mandate,Before mandate,mask,Face mask wearing,India_before_mandate_mask,India - Before mandate - Face mask wearing,Fever: No,0.0,56
XGBoost,India,before_mandate,Before mandate,mask,Face mask wearing,India_before_mandate_mask,India - Before mandate - Face mask wearing,Dry Cough: Yes,0.0,57
XGBoost,India,before_mandate,Before mandate,mask,Face mask wearing,India_before_mandate_mask,India - Before mandate - Face mask wearing,Household COVID Test: Positive,0.0,58
XGBoost,India,before_mandate,Before mandate,mask,Face mask wearing,India_before_mandate_mask,India - Before mandate - Face mask wearing,Household COVID Test: Negative,0.0,59
XGBoost,India,before_mandate,Before mandate,mask,Face mask wearing,India_before_mandate_mask,India - Before mandate - Face mask wearing,Household COVID Test: Pending,0.0,60
XGBoost,India,before_mandate,Before mandate,mask,Face mask wearing,India_before_mandate_mask,India - Before mandate - Face mask wearing,State: Tripura,0.0,61
XGBoost,India,before_mandate,Before mandate,mask,Face mask wearing,India_before_mandate_mask,India - Before mandate - Face mask wearing,COVID Test: Pending,0.0,62
XGBoost,India,before_mandate,Before mandate,mask,Face mask wearing,India_before_mandate_mask,India - Before mandate - Face mask wearing,COVID Test: Positive,0.0,63
XGBoost,India,before_mandate,Before mandate,mask,Face mask wearing,India_before_mandate_mask,India - Before mandate - Face mask wearing,State: Uttarakhand,0.0,64
XGBoost,India,before_mandate,Before mandate,mask,Face mask wearing,India_before_mandate_mask,India - Before mandate - Face mask wearing,State: Nagaland,0.0,65
XGBoost,India,before_mandate,Before mandate,mask,Face mask wearing,India_before_mandate_mask,India - Before mandate - Face mask wearing,State: Puducherry,0.0,66
XGBoost,India,before_mandate,Before mandate,mask,Face mask wearing,India_before_mandate_mask,India - Before mandate - Face mask wearing,State: Odisha,0.0,67
XGBoost,India,before_mandate,Before mandate,mask,Face mask wearing,India_before_mandate_mask,India - Before mandate - Face mask wearing,State: Punjab,0.0,68
XGBoost,India,before_mandate,Before mandate,mask,Face mask wearing,India_before_mandate_mask,India - Before mandate - Face mask wearing,State: Rajasthan,0.0,69
XGBoost,India,before_mandate,Before mandate,mask,Face mask wearing,India_before_mandate_mask,India - Before mandate - Face mask wearing,State: Sikkim,0.0,70
XGBoost,India,before_mandate,Before mandate,mask,Face mask wearing,India_before_mandate_mask,India - Before mandate - Face mask wearing,State: Telangana,0.0,71
XGBoost,India,before_mandate,Before mandate,mask,Face mask wearing,India_before_mandate_mask,India - Before mandate - Face mask wearing,State: Madhya Pradesh,0.0,72
XGBoost,India,before_mandate,Before mandate,mask,Face mask wearing,India_before_mandate_mask,India - Before mandate - Face mask wearing,State: Meghalaya,0.0,73
XGBoost,India,before_mandate,Before mandate,mask,Face mask wearing,India_before_mandate_mask,India - Before mandate - Face mask wearing,State: Manipur,0.0,74
XGBoost,India,before_mandate,Before mandate,mask,Face mask wearing,India_before_mandate_mask,India - Before mandate - Face mask wearing,State: Maharashtra,0.0,75
XGBoost,India,before_mandate,Before mandate,mask,Face mask wearing,India_before_mandate_mask,India - Before mandate - Face mask wearing,State: Lakshadweep,0.0,76
XGBoost,India,before_mandate,Before mandate,mask,Face mask wearing,India_before_mandate_mask,India - Before mandate - Face mask wearing,State: Mizoram,0.0,77
XGBoost,India,before_mandate,Before mandate,mask,Face mask wearing,India_before_mandate_mask,India - Before mandate - Face mask wearing,State: Andhra Pradesh,0.0,78
XGBoost,India,before_mandate,Before mandate,mask,Face mask wearing,India_before_mandate_mask,India - Before mandate - Face mask wearing,State: Arunachal Pradesh,0.0,79
XGBoost,India,before_mandate,Before mandate,mask,Face mask wearing,India_before_mandate_mask,India - Before mandate - Face mask wearing,State: Chhattisgarh,0.0,80
XGBoost,India,before_mandate,Before mandate,mask,Face mask wearing,India_before_mandate_mask,India - Before mandate - Face mask wearing,Fever: Yes,0.0,81
XGBoost,India,before_mandate,Before mandate,mask,Face mask wearing,India_before_mandate_mask,India - Before mandate - Face mask wearing,Loss of Smell: Yes,0.0,82
XGBoost,India,before_mandate,Before mandate,mask,Face mask wearing,India_before_mandate_mask,India - Before mandate - Face mask wearing,Isolation Willingness: Unsure,0.0,83
XGBoost,India,before_mandate,Before mandate,mask,Face mask wearing,India_before_mandate_mask,India - Before mandate - Face mask wearing,Isolation Willingness: Very Unwilling,0.0,84
XGBoost,India,before_mandate,Before mandate,mask,Face mask wearing,India_before_mandate_mask,India - Before mandate - Face mask wearing,Employment: Other,0.0,85
XGBoost,India,before_mandate,Before mandate,mask,Face mask wearing,India_before_mandate_mask,India - Before mandate - Face mask wearing,Loss of Taste: Yes,0.0,86
XGBoost,India,before_mandate,Before mandate,mask,Face mask wearing,India_before_mandate_mask,India - Before mandate - Face mask wearing,Shortness of Breath: Yes,0.0,87
XGBoost,India,before_mandate,Before mandate,mask,Face mask wearing,India_before_mandate_mask,India - Before mandate - Face mask wearing,Confidence in the government: Unknown,0.0,88
XGBoost,India,before_mandate,Before mandate,mask,Face mask wearing,India_before_mandate_mask,India - Before mandate - Face mask wearing,Confidence in the government: High,0.0,89
XGBoost,India,before_mandate,Before mandate,mask,Face mask wearing,India_before_mandate_mask,India - Before mandate - Face mask wearing,Confidence in the government: N/A,0.0,90
XGBoost,India,before_mandate,Before mandate,mask,Face mask wearing,India_before_mandate_mask,India - Before mandate - Face mask wearing,Confidence in the government: None,0.0,91
XGBoost,India,before_mandate,Before mandate,mask,Face mask wearing,India_before_mandate_mask,India - Before mandate - Face mask wearing,COVID Fear: Not Scared,0.0,92
XGBoost,India,before_mandate,Before mandate,mask,Face mask wearing,India_before_mandate_mask,India - Before mandate - Face mask wearing,COVID Fear: Slightly Scared,0.0,93
XGBoost,India,before_mandate,Before mandate,mask,Face mask wearing,India_before_mandate_mask,India - Before mandate - Face mask wearing,Confidence in the government: Low,0.0,94
XGBoost,India,before_mandate,Before mandate,mask,Face mask wearing,India_before_mandate_mask,India - Before mandate - Face mask wearing,COVID Fear: Fairly Scared,0.0,95
XGBoost,India,before_mandate,Before mandate,mask,Face mask wearing,India_before_mandate_mask,India - Before mandate - Face mask wearing,COVID Fear: Had COVID,0.0,96
XGBoost,India,before_mandate,Before mandate,mask,Face mask wearing,India_before_mandate_mask,India - Before mandate - Face mask wearing,PHQ Low Interest: N/A,0.0,97
XGBoost,India,before_mandate,Before mandate,mask,Face mask wearing,India_before_mandate_mask,India - Before mandate - Face mask wearing,PHQ Low Interest: Daily,0.0,98
XGBoost,India,before_mandate,Before mandate,mask,Face mask wearing,India_before_mandate_mask,India - Before mandate - Face mask wearing,PHQ Low Interest: Not At All,0.0,99
XGBoost,India,before_mandate,Before mandate,mask,Face mask wearing,India_before_mandate_mask,India - Before mandate - Face mask wearing,PHQ Low Interest: Prefer Not Say,0.0,100
XGBoost,India,before_mandate,Before mandate,mask,Face mask wearing,India_before_mandate_mask,India - Before mandate - Face mask wearing,PHQ Low Interest: Several Days,0.0,101
XGBoost,India,before_mandate,Before mandate,mask,Face mask wearing,India_before_mandate_mask,India - Before mandate - Face mask wearing,COVID Fear: Very Scared,0.0,102
XGBoost,India,before_mandate,Before mandate,mask,Face mask wearing,India_before_mandate_mask,India - Before mandate - Face mask wearing,COVID Fear: N/A,0.0,103
XGBoost,India,before_mandate,Before mandate,mask,Face mask wearing,India_before_mandate_mask,India - Before mandate - Face mask wearing,PHQ Depressed: Daily,0.0,104
XGBoost,India,before_mandate,Before mandate,mask,Face mask wearing,India_before_mandate_mask,India - Before mandate - Face mask wearing,PHQ Depressed: N/A,0.0,105
XGBoost,India,before_mandate,Before mandate,mask,Face mask wearing,India_before_mandate_mask,India - Before mandate - Face mask wearing,PHQ Depressed: Not At All,0.0,106
XGBoost,India,before_mandate,Before mandate,mask,Face mask wearing,India_before_mandate_mask,India - Before mandate - Face mask wearing,PHQ Depressed: Prefer Not Say,0.0,107
XGBoost,India,before_mandate,Before mandate,mask,Face mask wearing,India_before_mandate_mask,India - Before mandate - Face mask wearing,PHQ Anxiety: Daily,0.0,108
XGBoost,India,before_mandate,Before mandate,mask,Face mask wearing,India_before_mandate_mask,India - Before mandate - Face mask wearing,PHQ Anxiety: Not At All,0.0,109
XGBoost,India,before_mandate,Before mandate,mask,Face mask wearing,India_before_mandate_mask,India - Before mandate - Face mask wearing,PHQ Depressed: Several Days,0.0,110
XGBoost,India,before_mandate,Before mandate,mask,Face mask wearing,India_before_mandate_mask,India - Before mandate - Face mask wearing,PHQ Anxiety: N/A,0.0,111
XGBoost,India,before_mandate,Before mandate,mask,Face mask wearing,India_before_mandate_mask,India - Before mandate - Face mask wearing,PHQ Anxiety: Several Days,0.0,112
XGBoost,India,before_mandate,Before mandate,mask,Face mask wearing,India_before_mandate_mask,India - Before mandate - Face mask wearing,PHQ Anxiety: Prefer Not Say,0.0,113
XGBoost,India,before_mandate,Before mandate,mask,Face mask wearing,India_before_mandate_mask,India - Before mandate - Face mask wearing,PHQ Worry: N/A,0.0,114
XGBoost,India,before_mandate,Before mandate,mask,Face mask wearing,India_before_mandate_mask,India - Before mandate - Face mask wearing,PHQ Worry: Daily,0.0,115
XGBoost,India,before_mandate,Before mandate,mask,Face mask wearing,India_before_mandate_mask,India - Before mandate - Face mask wearing,PHQ Worry: Prefer Not Say,0.0,116
XGBoost,India,before_mandate,Before mandate,mask,Face mask wearing,India_before_mandate_mask,India - Before mandate - Face mask wearing,PHQ Worry: Not At All,0.0,117
XGBoost,India,before_mandate,Before mandate,mask,Face mask wearing,India_before_mandate_mask,India - Before mandate - Face mask wearing,PHQ Worry: Several Days,0.0,118
XGBoost,India,before_mandate,Before mandate,mask,Face mask wearing,India_before_mandate_mask,India - Before mandate - Face mask wearing,Comorbidity: Prefer Not Say,0.0,119
XGBoost,India,before_mandate,Before mandate,protective,Protective behaviour,India_before_mandate_protective,India - Before mandate - Protective behaviour,Isolation Willingness: Very Willing,0.06321233,1
XGBoost,India,before_mandate,Before mandate,protective,Protective behaviour,India_before_mandate_protective,India - Before mandate - Protective behaviour,Isolation Ease: Unsure,0.048051886,2
XGBoost,India,before_mandate,Before mandate,protective,Protective behaviour,India_before_mandate_protective,India - Before mandate - Protective behaviour,Employment: Other,0.041591283,3
XGBoost,India,before_mandate,Before mandate,protective,Protective behaviour,India_before_mandate_protective,India - Before mandate - Protective behaviour,Isolation Willingness: Unsure,0.03804092,4
XGBoost,India,before_mandate,Before mandate,protective,Protective behaviour,India_before_mandate_protective,India - Before mandate - Protective behaviour,Outings count,0.03606573,5
XGBoost,India,before_mandate,Before mandate,protective,Protective behaviour,India_before_mandate_protective,India - Before mandate - Protective behaviour,Employment: Unemployed,0.032329198,6
XGBoost,India,before_mandate,Before mandate,protective,Protective behaviour,India_before_mandate_protective,India - Before mandate - Protective behaviour,Loss of Smell: No,0.03020081,7
XGBoost,India,before_mandate,Before mandate,protective,Protective behaviour,India_before_mandate_protective,India - Before mandate - Protective behaviour,No Symptoms: Yes,0.029899793,8
XGBoost,India,before_mandate,Before mandate,protective,Protective behaviour,India_before_mandate_protective,India - Before mandate - Protective behaviour,Loss of Taste: No,0.02932742,9
XGBoost,India,before_mandate,Before mandate,protective,Protective behaviour,India_before_mandate_protective,India - Before mandate - Protective behaviour,Isolation Willingness: Very Unwilling,0.027536262,10
XGBoost,India,before_mandate,Before mandate,protective,Protective behaviour,India_before_mandate_protective,India - Before mandate - Protective behaviour,Symptom Isolation: Yes,0.02707317,11
XGBoost,India,before_mandate,Before mandate,protective,Protective behaviour,India_before_mandate_protective,India - Before mandate - Protective behaviour,Loss of Taste: Yes,0.023771767,12
XGBoost,India,before_mandate,Before mandate,protective,Protective behaviour,India_before_mandate_protective,India - Before mandate - Protective behaviour,State: Delhi,0.023213949,13
XGBoost,India,before_mandate,Before mandate,protective,Protective behaviour,India_before_mandate_protective,India - Before mandate - Protective behaviour,Household COVID Test: Unsure,0.02264086,14
XGBoost,India,before_mandate,Before mandate,protective,Protective behaviour,India_before_mandate_protective,India - Before mandate - Protective behaviour,State: Gujarat,0.021884905,15
XGBoost,India,before_mandate,Before mandate,protective,Protective behaviour,India_before_mandate_protective,India - Before mandate - Protective behaviour,Isolation Willingness: Neutral,0.01923101,16
XGBoost,India,before_mandate,Before mandate,protective,Protective behaviour,India_before_mandate_protective,India - Before mandate - Protective behaviour,Employment: Part Time,0.019070059,17
XGBoost,India,before_mandate,Before mandate,protective,Protective behaviour,India_before_mandate_protective,India - Before mandate - Protective behaviour,State: Tamil Nadu,0.018926045,18
XGBoost,India,before_mandate,Before mandate,protective,Protective behaviour,India_before_mandate_protective,India - Before mandate - Protective behaviour,Household COVID Test: Not done,0.018558288,19
XGBoost,India,before_mandate,Before mandate,protective,Protective behaviour,India_before_mandate_protective,India - Before mandate - Protective behaviour,Physical contact count (with stranger),0.018357808,20
XGBoost,India,before_mandate,Before mandate,protective,Protective behaviour,India_before_mandate_protective,India - Before mandate - Protective behaviour,Fever: No,0.017650902,21
XGBoost,India,before_mandate,Before mandate,protective,Protective behaviour,India_before_mandate_protective,India - Before mandate - Protective behaviour,State: Jharkhand,0.017296229,22
XGBoost,India,before_mandate,Before mandate,protective,Protective behaviour,India_before_mandate_protective,India - Before mandate - Protective behaviour,No Symptoms: No,0.017285952,23
XGBoost,India,before_mandate,Before mandate,protective,Protective behaviour,India_before_mandate_protective,India - Before mandate - Protective behaviour,Isolation Ease: Somewhat Difficult,0.016927361,24
XGBoost,India,before_mandate,Before mandate,protective,Protective behaviour,India_before_mandate_protective,India - Before mandate - Protective behaviour,Dry Cough: No,0.016736135,25
XGBoost,India,before_mandate,Before mandate,protective,Protective behaviour,India_before_mandate_protective,India - Before mandate - Protective behaviour,State: Bihar,0.016521882,26
XGBoost,India,before_mandate,Before mandate,protective,Protective behaviour,India_before_mandate_protective,India - Before mandate - Protective behaviour,Isolation Willingness: Somewhat Willing,0.016172236,27
XGBoost,India,before_mandate,Before mandate,protective,Protective behaviour,India_before_mandate_protective,India - Before mandate - Protective behaviour,Isolation Ease: Very Easy,0.015740054,28
XGBoost,India,before_mandate,Before mandate,protective,Protective behaviour,India_before_mandate_protective,India - Before mandate - Protective behaviour,COVID Test: Negative,0.014936999,29
XGBoost,India,before_mandate,Before mandate,protective,Protective behaviour,India_before_mandate_protective,India - Before mandate - Protective behaviour,Symptom Isolation: Unsure,0.01474207,30
XGBoost,India,before_mandate,Before mandate,protective,Protective behaviour,India_before_mandate_protective,India - Before mandate - Protective behaviour,Handwashing Count,0.014264493,31
XGBoost,India,before_mandate,Before mandate,protective,Protective behaviour,India_before_mandate_protective,India - Before mandate - Protective behaviour,Comorbidity: No,0.01350835,32
XGBoost,India,before_mandate,Before mandate,protective,Protective behaviour,India_before_mandate_protective,India - Before mandate - Protective behaviour,Isolation Ease: Somewhat Easy,0.01317708,33
XGBoost,India,before_mandate,Before mandate,protective,Protective behaviour,India_before_mandate_protective,India - Before mandate - Protective behaviour,Is a male?,0.012806143,34
XGBoost,India,before_mandate,Before mandate,protective,Protective behaviour,India_before_mandate_protective,India - Before mandate - Protective behaviour,Isolation Ease: Very Difficult,0.012749995,35
XGBoost,India,before_mandate,Before mandate,protective,Protective behaviour,India_before_mandate_protective,India - Before mandate - Protective behaviour,Isolation Ease: Neutral,0.012718787,36
XGBoost,India,before_mandate,Before mandate,protective,Protective behaviour,India_before_mandate_protective,India - Before mandate - Protective behaviour,Age,0.012679461,37
XGBoost,India,before_mandate,Before mandate,protective,Protective behaviour,India_before_mandate_protective,India - Before mandate - Protective behaviour,Physical contact count (with family),0.012410042,38
XGBoost,India,before_mandate,Before mandate,protective,Protective behaviour,India_before_mandate_protective,India - Before mandate - Protective behaviour,Employment: Student,0.012259603,39
XGBoost,India,before_mandate,Before mandate,protective,Protective behaviour,India_before_mandate_protective,India - Before mandate - Protective behaviour,Comorbidity: Yes,0.011919082,40
XGBoost,India,before_mandate,Before mandate,protective,Protective behaviour,India_before_mandate_protective,India - Before mandate - Protective behaviour,Week,0.011803626,41
XGBoost,India,before_mandate,Before mandate,protective,Protective behaviour,India_before_mandate_protective,India - Before mandate - Protective behaviour,Household Size,0.01122008,42
XGBoost,India,before_mandate,Before mandate,protective,Protective behaviour,India_before_mandate_protective,India - Before mandate - Protective behaviour,State: Uttar Pradesh,0.010876365,43
XGBoost,India,before_mandate,Before mandate,protective,Protective behaviour,India_before_mandate_protective,India - Before mandate - Protective behaviour,State: West Bengal,0.010319333,44
XGBoost,India,before_mandate,Before mandate,protective,Protective behaviour,India_before_mandate_protective,India - Before mandate - Protective behaviour,Household COVID Test: Negative,0.010151825,45
XGBoost,India,before_mandate,Before mandate,protective,Protective behaviour,India_before_mandate_protective,India - Before mandate - Protective behaviour,Symptom Isolation: No,0.009915526,46
XGBoost,India,before_mandate,Before mandate,protective,Protective behaviour,India_before_mandate_protective,India - Before mandate - Protective behaviour,State: Karnataka,0.008906898,47
XGBoost,India,before_mandate,Before mandate,protective,Protective behaviour,India_before_mandate_protective,India - Before mandate - Protective behaviour,State: Kerala,0.008680309,48
XGBoost,India,before_mandate,Before mandate,protective,Protective behaviour,India_before_mandate_protective,India - Before mandate - Protective behaviour,State: Rajasthan,0.007615225,49
XGBoost,India,before_mandate,Before mandate,protective,Protective behaviour,India_before_mandate_protective,India - Before mandate - Protective behaviour,Dry Cough: Yes,0.0072296443,50
XGBoost,India,before_mandate,Before mandate,protective,Protective behaviour,India_before_mandate_protective,India - Before mandate - Protective behaviour,State: Haryana,0.0061348975,51
XGBoost,India,before_mandate,Before mandate,protective,Protective behaviour,India_before_mandate_protective,India - Before mandate - Protective behaviour,COVID Test: Not done,0.005741728,52
XGBoost,India,before_mandate,Before mandate,protective,Protective behaviour,India_before_mandate_protective,India - Before mandate - Protective behaviour,State: Punjab,0.0040729754,53
XGBoost,India,before_mandate,Before mandate,protective,Protective behaviour,India_before_mandate_protective,India - Before mandate - Protective behaviour,Shortness of Breath: No,0.0030238684,54
XGBoost,India,before_mandate,Before mandate,protective,Protective behaviour,India_before_mandate_protective,India - Before mandate - Protective behaviour,Employment: Not Working,0.0028213402,55
XGBoost,India,before_mandate,Before mandate,protective,Protective behaviour,India_before_mandate_protective,India - Before mandate - Protective behaviour,Household COVID Test: Pending,0.0,56
XGBoost,India,before_mandate,Before mandate,protective,Protective behaviour,India_before_mandate_protective,India - Before mandate - Protective behaviour,Household COVID Test: Positive,0.0,57
XGBoost,India,before_mandate,Before mandate,protective,Protective behaviour,India_before_mandate_protective,India - Before mandate - Protective behaviour,COVID Test: Positive,0.0,58
XGBoost,India,before_mandate,Before mandate,protective,Protective behaviour,India_before_mandate_protective,India - Before mandate - Protective behaviour,State: Uttarakhand,0.0,59
XGBoost,India,before_mandate,Before mandate,protective,Protective behaviour,India_before_mandate_protective,India - Before mandate - Protective behaviour,State: Tripura,0.0,60
XGBoost,India,before_mandate,Before mandate,protective,Protective behaviour,India_before_mandate_protective,India - Before mandate - Protective behaviour,State: Lakshadweep,0.0,61
XGBoost,India,before_mandate,Before mandate,protective,Protective behaviour,India_before_mandate_protective,India - Before mandate - Protective behaviour,State: Madhya Pradesh,0.0,62
XGBoost,India,before_mandate,Before mandate,protective,Protective behaviour,India_before_mandate_protective,India - Before mandate - Protective behaviour,State: Mizoram,0.0,63
XGBoost,India,before_mandate,Before mandate,protective,Protective behaviour,India_before_mandate_protective,India - Before mandate - Protective behaviour,State: Meghalaya,0.0,64
XGBoost,India,before_mandate,Before mandate,protective,Protective behaviour,India_before_mandate_protective,India - Before mandate - Protective behaviour,COVID Test: Pending,0.0,65
XGBoost,India,before_mandate,Before mandate,protective,Protective behaviour,India_before_mandate_protective,India - Before mandate - Protective behaviour,State: Nagaland,0.0,66
XGBoost,India,before_mandate,Before mandate,protective,Protective behaviour,India_before_mandate_protective,India - Before mandate - Protective behaviour,State: Puducherry,0.0,67
XGBoost,India,before_mandate,Before mandate,protective,Protective behaviour,India_before_mandate_protective,India - Before mandate - Protective behaviour,State: Odisha,0.0,68
XGBoost,India,before_mandate,Before mandate,protective,Protective behaviour,India_before_mandate_protective,India - Before mandate - Protective behaviour,State: Sikkim,0.0,69
XGBoost,India,before_mandate,Before mandate,protective,Protective behaviour,India_before_mandate_protective,India - Before mandate - Protective behaviour,State: Telangana,0.0,70
XGBoost,India,before_mandate,Before mandate,protective,Protective behaviour,India_before_mandate_protective,India - Before mandate - Protective behaviour,State: Maharashtra,0.0,71
XGBoost,India,before_mandate,Before mandate,protective,Protective behaviour,India_before_mandate_protective,India - Before mandate - Protective behaviour,State: Chandigarh,0.0,72
XGBoost,India,before_mandate,Before mandate,protective,Protective behaviour,India_before_mandate_protective,India - Before mandate - Protective behaviour,State: Assam,0.0,73
XGBoost,India,before_mandate,Before mandate,protective,Protective behaviour,India_before_mandate_protective,India - Before mandate - Protective behaviour,State: Arunachal Pradesh,0.0,74
XGBoost,India,before_mandate,Before mandate,protective,Protective behaviour,India_before_mandate_protective,India - Before mandate - Protective behaviour,State: Goa,0.0,75
XGBoost,India,before_mandate,Before mandate,protective,Protective behaviour,India_before_mandate_protective,India - Before mandate - Protective behaviour,State: Dadra and Nagar Haveli and Daman and Diu,0.0,76
XGBoost,India,before_mandate,Before mandate,protective,Protective behaviour,India_before_mandate_protective,India - Before mandate - Protective behaviour,State: Himachal Pradesh,0.0,77
XGBoost,India,before_mandate,Before mandate,protective,Protective behaviour,India_before_mandate_protective,India - Before mandate - Protective behaviour,State: Andhra Pradesh,0.0,78
XGBoost,India,before_mandate,Before mandate,protective,Protective behaviour,India_before_mandate_protective,India - Before mandate - Protective behaviour,State: Chhattisgarh,0.0,79
XGBoost,India,before_mandate,Before mandate,protective,Protective behaviour,India_before_mandate_protective,India - Before mandate - Protective behaviour,State: Jammu and Kashmir,0.0,80
XGBoost,India,before_mandate,Before mandate,protective,Protective behaviour,India_before_mandate_protective,India - Before mandate - Protective behaviour,State: Manipur,0.0,81
XGBoost,India,before_mandate,Before mandate,protective,Protective behaviour,India_before_mandate_protective,India - Before mandate - Protective behaviour,Loss of Smell: Yes,0.0,82
XGBoost,India,before_mandate,Before mandate,protective,Protective behaviour,India_before_mandate_protective,India - Before mandate - Protective behaviour,Isolation Willingness: Somewhat Unwilling,0.0,83
XGBoost,India,before_mandate,Before mandate,protective,Protective behaviour,India_before_mandate_protective,India - Before mandate - Protective behaviour,Employment: Retired,0.0,84
XGBoost,India,before_mandate,Before mandate,protective,Protective behaviour,India_before_mandate_protective,India - Before mandate - Protective behaviour,Shortness of Breath: Yes,0.0,85
XGBoost,India,before_mandate,Before mandate,protective,Protective behaviour,India_before_mandate_protective,India - Before mandate - Protective behaviour,Fever: Yes,0.0,86
XGBoost,India,before_mandate,Before mandate,protective,Protective behaviour,India_before_mandate_protective,India - Before mandate - Protective behaviour,Confidence in the government: Unknown,0.0,87
XGBoost,India,before_mandate,Before mandate,protective,Protective behaviour,India_before_mandate_protective,India - Before mandate - Protective behaviour,Confidence in the government: High,0.0,88
XGBoost,India,before_mandate,Before mandate,protective,Protective behaviour,India_before_mandate_protective,India - Before mandate - Protective behaviour,Confidence in the government: N/A,0.0,89
XGBoost,India,before_mandate,Before mandate,protective,Protective behaviour,India_before_mandate_protective,India - Before mandate - Protective behaviour,Confidence in the government: None,0.0,90
XGBoost,India,before_mandate,Before mandate,protective,Protective behaviour,India_before_mandate_protective,India - Before mandate - Protective behaviour,COVID Fear: Not Scared,0.0,91
XGBoost,India,before_mandate,Before mandate,protective,Protective behaviour,India_before_mandate_protective,India - Before mandate - Protective behaviour,COVID Fear: Slightly Scared,0.0,92
XGBoost,India,before_mandate,Before mandate,protective,Protective behaviour,India_before_mandate_protective,India - Before mandate - Protective behaviour,Confidence in the government: Low,0.0,93
XGBoost,India,before_mandate,Before mandate,protective,Protective behaviour,India_before_mandate_protective,India - Before mandate - Protective behaviour,COVID Fear: Fairly Scared,0.0,94
XGBoost,India,before_mandate,Before mandate,protective,Protective behaviour,India_before_mandate_protective,India - Before mandate - Protective behaviour,COVID Fear: Had COVID,0.0,95
XGBoost,India,before_mandate,Before mandate,protective,Protective behaviour,India_before_mandate_protective,India - Before mandate - Protective behaviour,PHQ Low Interest: N/A,0.0,96
XGBoost,India,before_mandate,Before mandate,protective,Protective behaviour,India_before_mandate_protective,India - Before mandate - Protective behaviour,PHQ Low Interest: Daily,0.0,97
XGBoost,India,before_mandate,Before mandate,protective,Protective behaviour,India_before_mandate_protective,India - Before mandate - Protective behaviour,PHQ Low Interest: Not At All,0.0,98
XGBoost,India,before_mandate,Before mandate,protective,Protective behaviour,India_before_mandate_protective,India - Before mandate - Protective behaviour,PHQ Low Interest: Prefer Not Say,0.0,99
XGBoost,India,before_mandate,Before mandate,protective,Protective behaviour,India_before_mandate_protective,India - Before mandate - Protective behaviour,PHQ Low Interest: Several Days,0.0,100
XGBoost,India,before_mandate,Before mandate,protective,Protective behaviour,India_before_mandate_protective,India - Before mandate - Protective behaviour,COVID Fear: Very Scared,0.0,101
XGBoost,India,before_mandate,Before mandate,protective,Protective behaviour,India_before_mandate_protective,India - Before mandate - Protective behaviour,COVID Fear: N/A,0.0,102
XGBoost,India,before_mandate,Before mandate,protective,Protective behaviour,India_before_mandate_protective,India - Before mandate - Protective behaviour,PHQ Depressed: Daily,0.0,103
XGBoost,India,before_mandate,Before mandate,protective,Protective behaviour,India_before_mandate_protective,India - Before mandate - Protective behaviour,PHQ Depressed: N/A,0.0,104
XGBoost,India,before_mandate,Before mandate,protective,Protective behaviour,India_before_mandate_protective,India - Before mandate - Protective behaviour,PHQ Depressed: Not At All,0.0,105
XGBoost,India,before_mandate,Before mandate,protective,Protective behaviour,India_before_mandate_protective,India - Before mandate - Protective behaviour,PHQ Depressed: Prefer Not Say,0.0,106
XGBoost,India,before_mandate,Before mandate,protective,Protective behaviour,India_before_mandate_protective,India - Before mandate - Protective behaviour,PHQ Anxiety: Daily,0.0,107
XGBoost,India,before_mandate,Before mandate,protective,Protective behaviour,India_before_mandate_protective,India - Before mandate - Protective behaviour,PHQ Anxiety: Not At All,0.0,108
XGBoost,India,before_mandate,Before mandate,protective,Protective behaviour,India_before_mandate_protective,India - Before mandate - Protective behaviour,PHQ Depressed: Several Days,0.0,109
XGBoost,India,before_mandate,Before mandate,protective,Protective behaviour,India_before_mandate_protective,India - Before mandate - Protective behaviour,PHQ Anxiety: N/A,0.0,110
XGBoost,India,before_mandate,Before mandate,protective,Protective behaviour,India_before_mandate_protective,India - Before mandate - Protective behaviour,PHQ Anxiety: Several Days,0.0,111
XGBoost,India,before_mandate,Before mandate,protective,Protective behaviour,India_before_mandate_protective,India - Before mandate - Protective behaviour,PHQ Anxiety: Prefer Not Say,0.0,112
XGBoost,India,before_mandate,Before mandate,protective,Protective behaviour,India_before_mandate_protective,India - Before mandate - Protective behaviour,PHQ Worry: N/A,0.0,113
XGBoost,India,before_mandate,Before mandate,protective,Protective behaviour,India_before_mandate_protective,India - Before mandate - Protective behaviour,PHQ Worry: Daily,0.0,114
XGBoost,India,before_mandate,Before mandate,protective,Protective behaviour,India_before_mandate_protective,India - Before mandate - Protective behaviour,PHQ Worry: Prefer Not Say,0.0,115
XGBoost,India,before_mandate,Before mandate,protective,Protective behaviour,India_before_mandate_protective,India - Before mandate - Protective behaviour,PHQ Worry: Not At All,0.0,116
XGBoost,India,before_mandate,Before mandate,protective,Protective behaviour,India_before_mandate_protective,India - Before mandate - Protective behaviour,PHQ Worry: Several Days,0.0,117
XGBoost,India,before_mandate,Before mandate,protective,Protective behaviour,India_before_mandate_protective,India - Before mandate - Protective behaviour,Comorbidity: Prefer Not Say,0.0,118
XGBoost,India,after_mandate,After mandate,mask,Face mask wearing,India_after_mandate_mask,India - After mandate - Face mask wearing,Non-Mask Protective Behavior Score,0.10391718,1
XGBoost,India,after_mandate,After mandate,mask,Face mask wearing,India_after_mandate_mask,India - After mandate - Face mask wearing,Household COVID Test: Not done,0.040760912,2
XGBoost,India,after_mandate,After mandate,mask,Face mask wearing,India_after_mandate_mask,India - After mandate - Face mask wearing,Isolation Willingness: Very Willing,0.0335686,3
XGBoost,India,after_mandate,After mandate,mask,Face mask wearing,India_after_mandate_mask,India - After mandate - Face mask wearing,PHQ Anxiety: N/A,0.032343384,4
XGBoost,India,after_mandate,After mandate,mask,Face mask wearing,India_after_mandate_mask,India - After mandate - Face mask wearing,COVID Fear: N/A,0.032300238,5
XGBoost,India,after_mandate,After mandate,mask,Face mask wearing,India_after_mandate_mask,India - After mandate - Face mask wearing,Isolation Willingness: Unsure,0.031557076,6
XGBoost,India,after_mandate,After mandate,mask,Face mask wearing,India_after_mandate_mask,India - After mandate - Face mask wearing,No Symptoms: No,0.030513303,7
XGBoost,India,after_mandate,After mandate,mask,Face mask wearing,India_after_mandate_mask,India - After mandate - Face mask wearing,Household COVID Test: Negative,0.028976295,8
XGBoost,India,after_mandate,After mandate,mask,Face mask wearing,India_after_mandate_mask,India - After mandate - Face mask wearing,Symptom Isolation: Yes,0.026209483,9
XGBoost,India,after_mandate,After mandate,mask,Face mask wearing,India_after_mandate_mask,India - After mandate - Face mask wearing,Confidence in the government: N/A,0.024777358,10
XGBoost,India,after_mandate,After mandate,mask,Face mask wearing,India_after_mandate_mask,India - After mandate - Face mask wearing,Isolation Ease: Unsure,0.016896738,11
XGBoost,India,after_mandate,After mandate,mask,Face mask wearing,India_after_mandate_mask,India - After mandate - Face mask wearing,No Symptoms: Yes,0.016818237,12
XGBoost,India,after_mandate,After mandate,mask,Face mask wearing,India_after_mandate_mask,India - After mandate - Face mask wearing,COVID Test: Not done,0.016337415,13
XGBoost,India,after_mandate,After mandate,mask,Face mask wearing,India_after_mandate_mask,India - After mandate - Face mask wearing,Isolation Willingness: Somewhat Willing,0.016004937,14
XGBoost,India,after_mandate,After mandate,mask,Face mask wearing,India_after_mandate_mask,India - After mandate - Face mask wearing,Age,0.015862565,15
XGBoost,India,after_mandate,After mandate,mask,Face mask wearing,India_after_mandate_mask,India - After mandate - Face mask wearing,PHQ Low Interest: N/A,0.0146203395,16
XGBoost,India,after_mandate,After mandate,mask,Face mask wearing,India_after_mandate_mask,India - After mandate - Face mask wearing,Confidence in the government: Unknown,0.014266215,17
XGBoost,India,after_mandate,After mandate,mask,Face mask wearing,India_after_mandate_mask,India - After mandate - Face mask wearing,Outings count,0.014165662,18
XGBoost,India,after_mandate,After mandate,mask,Face mask wearing,India_after_mandate_mask,India - After mandate - Face mask wearing,Comorbidity: No,0.013421323,19
XGBoost,India,after_mandate,After mandate,mask,Face mask wearing,India_after_mandate_mask,India - After mandate - Face mask wearing,Household COVID Test: Unsure,0.01243848,20
XGBoost,India,after_mandate,After mandate,mask,Face mask wearing,India_after_mandate_mask,India - After mandate - Face mask wearing,Week,0.0123270145,21
XGBoost,India,after_mandate,After mandate,mask,Face mask wearing,India_after_mandate_mask,India - After mandate - Face mask wearing,Household Size,0.01169194,22
XGBoost,India,after_mandate,After mandate,mask,Face mask wearing,India_after_mandate_mask,India - After mandate - Face mask wearing,Symptom Isolation: No,0.010711461,23
XGBoost,India,after_mandate,After mandate,mask,Face mask wearing,India_after_mandate_mask,India - After mandate - Face mask wearing,Loss of Taste: Yes,0.010684777,24
XGBoost,India,after_mandate,After mandate,mask,Face mask wearing,India_after_mandate_mask,India - After mandate - Face mask wearing,PHQ Anxiety: Not At All,0.010474786,25
XGBoost,India,after_mandate,After mandate,mask,Face mask wearing,India_after_mandate_mask,India - After mandate - Face mask wearing,PHQ Low Interest: Prefer Not Say,0.010084262,26
XGBoost,India,after_mandate,After mandate,mask,Face mask wearing,India_after_mandate_mask,India - After mandate - Face mask wearing,State: Gujarat,0.009951517,27
XGBoost,India,after_mandate,After mandate,mask,Face mask wearing,India_after_mandate_mask,India - After mandate - Face mask wearing,Handwashing Count,0.009350142,28
XGBoost,India,after_mandate,After mandate,mask,Face mask wearing,India_after_mandate_mask,India - After mandate - Face mask wearing,COVID Fear: Had COVID,0.009312954,29
XGBoost,India,after_mandate,After mandate,mask,Face mask wearing,India_after_mandate_mask,India - After mandate - Face mask wearing,Employment: Retired,0.00899453,30
XGBoost,India,after_mandate,After mandate,mask,Face mask wearing,India_after_mandate_mask,India - After mandate - Face mask wearing,Employment: Other,0.008673619,31
XGBoost,India,after_mandate,After mandate,mask,Face mask wearing,India_after_mandate_mask,India - After mandate - Face mask wearing,State: Delhi,0.00856548,32
XGBoost,India,after_mandate,After mandate,mask,Face mask wearing,India_after_mandate_mask,India - After mandate - Face mask wearing,Isolation Willingness: Neutral,0.008529537,33
XGBoost,India,after_mandate,After mandate,mask,Face mask wearing,India_after_mandate_mask,India - After mandate - Face mask wearing,State: West Bengal,0.008502401,34
XGBoost,India,after_mandate,After mandate,mask,Face mask wearing,India_after_mandate_mask,India - After mandate - Face mask wearing,COVID Fear: Fairly Scared,0.00823276,35
XGBoost,India,after_mandate,After mandate,mask,Face mask wearing,India_after_mandate_mask,India - After mandate - Face mask wearing,Isolation Ease: Somewhat Easy,0.0081771035,36
XGBoost,India,after_mandate,After mandate,mask,Face mask wearing,India_after_mandate_mask,India - After mandate - Face mask wearing,PHQ Worry: N/A,0.008010701,37
XGBoost,India,after_mandate,After mandate,mask,Face mask wearing,India_after_mandate_mask,India - After mandate - Face mask wearing,Isolation Ease: Very Easy,0.007866875,38
XGBoost,India,after_mandate,After mandate,mask,Face mask wearing,India_after_mandate_mask,India - After mandate - Face mask wearing,State: Tamil Nadu,0.007861925,39
XGBoost,India,after_mandate,After mandate,mask,Face mask wearing,India_after_mandate_mask,India - After mandate - Face mask wearing,State: Andhra Pradesh,0.0077709006,40
XGBoost,India,after_mandate,After mandate,mask,Face mask wearing,India_after_mandate_mask,India - After mandate - Face mask wearing,PHQ Low Interest: Not At All,0.007733195,41
XGBoost,India,after_mandate,After mandate,mask,Face mask wearing,India_after_mandate_mask,India - After mandate - Face mask wearing,PHQ Worry: Prefer Not Say,0.007678321,42
XGBoost,India,after_mandate,After mandate,mask,Face mask wearing,India_after_mandate_mask,India - After mandate - Face mask wearing,Employment: Student,0.007649129,43
XGBoost,India,after_mandate,After mandate,mask,Face mask wearing,India_after_mandate_mask,India - After mandate - Face mask wearing,COVID Fear: Slightly Scared,0.007565972,44
XGBoost,India,after_mandate,After mandate,mask,Face mask wearing,India_after_mandate_mask,India - After mandate - Face mask wearing,Isolation Ease: Neutral,0.0074625295,45
XGBoost,India,after_mandate,After mandate,mask,Face mask wearing,India_after_mandate_mask,India - After mandate - Face mask wearing,Confidence in the government: High,0.007184476,46
XGBoost,India,after_mandate,After mandate,mask,Face mask wearing,India_after_mandate_mask,India - After mandate - Face mask wearing,PHQ Worry: Daily,0.0071279523,47
XGBoost,India,after_mandate,After mandate,mask,Face mask wearing,India_after_mandate_mask,India - After mandate - Face mask wearing,Physical contact count (with stranger),0.0069144554,48
XGBoost,India,after_mandate,After mandate,mask,Face mask wearing,India_after_mandate_mask,India - After mandate - Face mask wearing,COVID Test: Negative,0.006906105,49
XGBoost,India,after_mandate,After mandate,mask,Face mask wearing,India_after_mandate_mask,India - After mandate - Face mask wearing,Confidence in the government: Low,0.006903855,50
XGBoost,India,after_mandate,After mandate,mask,Face mask wearing,India_after_mandate_mask,India - After mandate - Face mask wearing,State: Karnataka,0.006871931,51
XGBoost,India,after_mandate,After mandate,mask,Face mask wearing,India_after_mandate_mask,India - After mandate - Face mask wearing,Isolation Ease: Somewhat Difficult,0.0066448892,52
XGBoost,India,after_mandate,After mandate,mask,Face mask wearing,India_after_mandate_mask,India - After mandate - Face mask wearing,PHQ Depressed: Not At All,0.0065771234,53
XGBoost,India,after_mandate,After mandate,mask,Face mask wearing,India_after_mandate_mask,India - After mandate - Face mask wearing,PHQ Worry: Several Days,0.006488515,54
XGBoost,India,after_mandate,After mandate,mask,Face mask wearing,India_after_mandate_mask,India - After mandate - Face mask wearing,Household COVID Test: Positive,0.0064801355,55
XGBoost,India,after_mandate,After mandate,mask,Face mask wearing,India_after_mandate_mask,India - After mandate - Face mask wearing,Confidence in the government: None,0.006446334,56
XGBoost,India,after_mandate,After mandate,mask,Face mask wearing,India_after_mandate_mask,India - After mandate - Face mask wearing,State: Uttar Pradesh,0.006436543,57
XGBoost,India,after_mandate,After mandate,mask,Face mask wearing,India_after_mandate_mask,India - After mandate - Face mask wearing,PHQ Depressed: Several Days,0.0064011877,58
XGBoost,India,after_mandate,After mandate,mask,Face mask wearing,India_after_mandate_mask,India - After mandate - Face mask wearing,COVID Fear: Not Scared,0.0063608084,59
XGBoost,India,after_mandate,After mandate,mask,Face mask wearing,India_after_mandate_mask,India - After mandate - Face mask wearing,PHQ Low Interest: Several Days,0.00635658,60
XGBoost,India,after_mandate,After mandate,mask,Face mask wearing,India_after_mandate_mask,India - After mandate - Face mask wearing,PHQ Worry: Not At All,0.006300783,61
XGBoost,India,after_mandate,After mandate,mask,Face mask wearing,India_after_mandate_mask,India - After mandate - Face mask wearing,PHQ Depressed: N/A,0.0061020562,62
XGBoost,India,after_mandate,After mandate,mask,Face mask wearing,India_after_mandate_mask,India - After mandate - Face mask wearing,PHQ Anxiety: Daily,0.0060294876,63
XGBoost,India,after_mandate,After mandate,mask,Face mask wearing,India_after_mandate_mask,India - After mandate - Face mask wearing,Household COVID Test: Pending,0.0060166745,64
XGBoost,India,after_mandate,After mandate,mask,Face mask wearing,India_after_mandate_mask,India - After mandate - Face mask wearing,State: Jharkhand,0.005961135,65
XGBoost,India,after_mandate,After mandate,mask,Face mask wearing,India_after_mandate_mask,India - After mandate - Face mask wearing,Employment: Part Time,0.0057866937,66
XGBoost,India,after_mandate,After mandate,mask,Face mask wearing,India_after_mandate_mask,India - After mandate - Face mask wearing,Symptom Isolation: Unsure,0.0055015353,67
XGBoost,India,after_mandate,After mandate,mask,Face mask wearing,India_after_mandate_mask,India - After mandate - Face mask wearing,Employment: Unemployed,0.005494529,68
XGBoost,India,after_mandate,After mandate,mask,Face mask wearing,India_after_mandate_mask,India - After mandate - Face mask wearing,State: Odisha,0.005490085,69
XGBoost,India,after_mandate,After mandate,mask,Face mask wearing,India_after_mandate_mask,India - After mandate - Face mask wearing,PHQ Depressed: Daily,0.005304541,70
XGBoost,India,after_mandate,After mandate,mask,Face mask wearing,India_after_mandate_mask,India - After mandate - Face mask wearing,Loss of Smell: No,0.0052893255,71
XGBoost,India,after_mandate,After mandate,mask,Face mask wearing,India_after_mandate_mask,India - After mandate - Face mask wearing,Dry Cough: No,0.0052302806,72
XGBoost,India,after_mandate,After mandate,mask,Face mask wearing,India_after_mandate_mask,India - After mandate - Face mask wearing,State: Uttarakhand,0.005203404,73
XGBoost,India,after_mandate,After mandate,mask,Face mask wearing,India_after_mandate_mask,India - After mandate - Face mask wearing,COVID Test: Pending,0.005166942,74
XGBoost,India,after_mandate,After mandate,mask,Face mask wearing,India_after_mandate_mask,India - After mandate - Face mask wearing,Fever: No,0.005160916,75
XGBoost,India,after_mandate,After mandate,mask,Face mask wearing,India_after_mandate_mask,India - After mandate - Face mask wearing,Physical contact count (with family),0.005027225,76
XGBoost,India,after_mandate,After mandate,mask,Face mask wearing,India_after_mandate_mask,India - After mandate - Face mask wearing,COVID Fear: Very Scared,0.0049466775,77
XGBoost,India,after_mandate,After mandate,mask,Face mask wearing,India_after_mandate_mask,India - After mandate - Face mask wearing,Is a male?,0.004636027,78
XGBoost,India,after_mandate,After mandate,mask,Face mask wearing,India_after_mandate_mask,India - After mandate - Face mask wearing,State: Maharashtra,0.004427163,79
XGBoost,India,after_mandate,After mandate,mask,Face mask wearing,India_after_mandate_mask,India - After mandate - Face mask wearing,State: Kerala,0.004381687,80
XGBoost,India,after_mandate,After mandate,mask,Face mask wearing,India_after_mandate_mask,India - After mandate - Face mask wearing,State: Haryana,0.0039869,81
XGBoost,India,after_mandate,After mandate,mask,Face mask wearing,India_after_mandate_mask,India - After mandate - Face mask wearing,Employment: Not Working,0.003958756,82
XGBoost,India,after_mandate,After mandate,mask,Face mask wearing,India_after_mandate_mask,India - After mandate - Face mask wearing,Comorbidity: Yes,0.003908975,83
XGBoost,India,after_mandate,After mandate,mask,Face mask wearing,India_after_mandate_mask,India - After mandate - Face mask wearing,State: Telangana,0.0036674282,84
XGBoost,India,after_mandate,After mandate,mask,Face mask wearing,India_after_mandate_mask,India - After mandate - Face mask wearing,Comorbidity: Prefer Not Say,0.0034702464,85
XGBoost,India,after_mandate,After mandate,mask,Face mask wearing,India_after_mandate_mask,India - After mandate - Face mask wearing,Shortness of Breath: Yes,0.0029788557,86
XGBoost,India,after_mandate,After mandate,mask,Face mask wearing,India_after_mandate_mask,India - After mandate - Face mask wearing,PHQ Anxiety: Several Days,0.002770805,87
XGBoost,India,after_mandate,After mandate,mask,Face mask wearing,India_after_mandate_mask,India - After mandate - Face mask wearing,PHQ Low Interest: Daily,0.002747862,88
XGBoost,India,after_mandate,After mandate,mask,Face mask wearing,India_after_mandate_mask,India - After mandate - Face mask wearing,Shortness of Breath: No,0.0027438311,89
XGBoost,India,after_mandate,After mandate,mask,Face mask wearing,India_after_mandate_mask,India - After mandate - Face mask wearing,Isolation Ease: Very Difficult,0.0025887205,90
XGBoost,India,after_mandate,After mandate,mask,Face mask wearing,India_after_mandate_mask,India - After mandate - Face mask wearing,COVID Test: Positive,0.0,91
XGBoost,India,after_mandate,After mandate,mask,Face mask wearing,India_after_mandate_mask,India - After mandate - Face mask wearing,State: Punjab,0.0,92
XGBoost,India,after_mandate,After mandate,mask,Face mask wearing,India_after_mandate_mask,India - After mandate - Face mask wearing,State: Puducherry,0.0,93
XGBoost,India,after_mandate,After mandate,mask,Face mask wearing,India_after_mandate_mask,India - After mandate - Face mask wearing,State: Tripura,0.0,94
XGBoost,India,after_mandate,After mandate,mask,Face mask wearing,India_after_mandate_mask,India - After mandate - Face mask wearing,State: Nagaland,0.0,95
XGBoost,India,after_mandate,After mandate,mask,Face mask wearing,India_after_mandate_mask,India - After mandate - Face mask wearing,Dry Cough: Yes,0.0,96
XGBoost,India,after_mandate,After mandate,mask,Face mask wearing,India_after_mandate_mask,India - After mandate - Face mask wearing,State: Meghalaya,0.0,97
XGBoost,India,after_mandate,After mandate,mask,Face mask wearing,India_after_mandate_mask,India - After mandate - Face mask wearing,State: Manipur,0.0,98
XGBoost,India,after_mandate,After mandate,mask,Face mask wearing,India_after_mandate_mask,India - After mandate - Face mask wearing,State: Rajasthan,0.0,99
XGBoost,India,after_mandate,After mandate,mask,Face mask wearing,India_after_mandate_mask,India - After mandate - Face mask wearing,State: Sikkim,0.0,100
XGBoost,India,after_mandate,After mandate,mask,Face mask wearing,India_after_mandate_mask,India - After mandate - Face mask wearing,State: Dadra and Nagar Haveli and Daman and Diu,0.0,101
XGBoost,India,after_mandate,After mandate,mask,Face mask wearing,India_after_mandate_mask,India - After mandate - Face mask wearing,State: Himachal Pradesh,0.0,102
XGBoost,India,after_mandate,After mandate,mask,Face mask wearing,India_after_mandate_mask,India - After mandate - Face mask wearing,State: Jammu and Kashmir,0.0,103
XGBoost,India,after_mandate,After mandate,mask,Face mask wearing,India_after_mandate_mask,India - After mandate - Face mask wearing,State: Chhattisgarh,0.0,104
XGBoost,India,after_mandate,After mandate,mask,Face mask wearing,India_after_mandate_mask,India - After mandate - Face mask wearing,State: Chandigarh,0.0,105
XGBoost,India,after_mandate,After mandate,mask,Face mask wearing,India_after_mandate_mask,India - After mandate - Face mask wearing,State: Bihar,0.0,106
XGBoost,India,after_mandate,After mandate,mask,Face mask wearing,India_after_mandate_mask,India - After mandate - Face mask wearing,State: Assam,0.0,107
XGBoost,India,after_mandate,After mandate,mask,Face mask wearing,India_after_mandate_mask,India - After mandate - Face mask wearing,State: Goa,0.0,108
XGBoost,India,after_mandate,After mandate,mask,Face mask wearing,India_after_mandate_mask,India - After mandate - Face mask wearing,State: Arunachal Pradesh,0.0,109
XGBoost,India,after_mandate,After mandate,mask,Face mask wearing,India_after_mandate_mask,India - After mandate - Face mask wearing,State: Madhya Pradesh,0.0,110
XGBoost,India,after_mandate,After mandate,mask,Face mask wearing,India_after_mandate_mask,India - After mandate - Face mask wearing,State: Lakshadweep,0.0,111
XGBoost,India,after_mandate,After mandate,mask,Face mask wearing,India_after_mandate_mask,India - After mandate - Face mask wearing,State: Mizoram,0.0,112
XGBoost,India,after_mandate,After mandate,mask,Face mask wearing,India_after_mandate_mask,India - After mandate - Face mask wearing,Isolation Willingness: Somewhat Unwilling,0.0,113
XGBoost,India,after_mandate,After mandate,mask,Face mask wearing,India_after_mandate_mask,India - After mandate - Face mask wearing,Loss of Taste: No,0.0,114
XGBoost,India,after_mandate,After mandate,mask,Face mask wearing,India_after_mandate_mask,India - After mandate - Face mask wearing,Fever: Yes,0.0,115
XGBoost,India,after_mandate,After mandate,mask,Face mask wearing,India_after_mandate_mask,India - After mandate - Face mask wearing,Loss of Smell: Yes,0.0,116
XGBoost,India,after_mandate,After mandate,mask,Face mask wearing,India_after_mandate_mask,India - After mandate - Face mask wearing,Isolation Willingness: Very Unwilling,0.0,117
XGBoost,India,after_mandate,After mandate,mask,Face mask wearing,India_after_mandate_mask,India - After mandate - Face mask wearing,PHQ Anxiety: Prefer Not Say,0.0,118
XGBoost,India,after_mandate,After mandate,mask,Face mask wearing,India_after_mandate_mask,India - After mandate - Face mask wearing,PHQ Depressed: Prefer Not Say,0.0,119
XGBoost,India,after_mandate,After mandate,protective,Protective behaviour,India_after_mandate_protective,India - After mandate - Protective behaviour,Household COVID Test: Not done,0.08521176,1
XGBoost,India,after_mandate,After mandate,protective,Protective behaviour,India_after_mandate_protective,India - After mandate - Protective behaviour,Isolation Willingness: Very Willing,0.050876807,2
XGBoost,India,after_mandate,After mandate,protective,Protective behaviour,India_after_mandate_protective,India - After mandate - Protective behaviour,Isolation Willingness: Unsure,0.037810728,3
XGBoost,India,after_mandate,After mandate,protective,Protective behaviour,India_after_mandate_protective,India - After mandate - Protective behaviour,Symptom Isolation: Yes,0.03722062,4
XGBoost,India,after_mandate,After mandate,protective,Protective behaviour,India_after_mandate_protective,India - After mandate - Protective behaviour,Outings count,0.033392683,5
XGBoost,India,after_mandate,After mandate,protective,Protective behaviour,India_after_mandate_protective,India - After mandate - Protective behaviour,No Symptoms: Yes,0.028199239,6
XGBoost,India,after_mandate,After mandate,protective,Protective behaviour,India_after_mandate_protective,India - After mandate - Protective behaviour,Isolation Ease: Unsure,0.02799755,7
XGBoost,India,after_mandate,After mandate,protective,Protective behaviour,India_after_mandate_protective,India - After mandate - Protective behaviour,Confidence in the government: Unknown,0.027807144,8
XGBoost,India,after_mandate,After mandate,protective,Protective behaviour,India_after_mandate_protective,India - After mandate - Protective behaviour,COVID Test: Not done,0.025612433,9
XGBoost,India,after_mandate,After mandate,protective,Protective behaviour,India_after_mandate_protective,India - After mandate - Protective behaviour,No Symptoms: No,0.022944387,10
XGBoost,India,after_mandate,After mandate,protective,Protective behaviour,India_after_mandate_protective,India - After mandate - Protective behaviour,Isolation Willingness: Somewhat Willing,0.017133411,11
XGBoost,India,after_mandate,After mandate,protective,Protective behaviour,India_after_mandate_protective,India - After mandate - Protective behaviour,Shortness of Breath: Yes,0.013342784,12
XGBoost,India,after_mandate,After mandate,protective,Protective behaviour,India_after_mandate_protective,India - After mandate - Protective behaviour,Handwashing Count,0.012654942,13
XGBoost,India,after_mandate,After mandate,protective,Protective behaviour,India_after_mandate_protective,India - After mandate - Protective behaviour,Household COVID Test: Unsure,0.01233841,14
XGBoost,India,after_mandate,After mandate,protective,Protective behaviour,India_after_mandate_protective,India - After mandate - Protective behaviour,COVID Fear: Had COVID,0.012267105,15
XGBoost,India,after_mandate,After mandate,protective,Protective behaviour,India_after_mandate_protective,India - After mandate - Protective behaviour,COVID Fear: Fairly Scared,0.012099747,16
XGBoost,India,after_mandate,After mandate,protective,Protective behaviour,India_after_mandate_protective,India - After mandate - Protective behaviour,Physical contact count (with stranger),0.011869091,17
XGBoost,India,after_mandate,After mandate,protective,Protective behaviour,India_after_mandate_protective,India - After mandate - Protective behaviour,PHQ Depressed: Not At All,0.011862183,18
XGBoost,India,after_mandate,After mandate,protective,Protective behaviour,India_after_mandate_protective,India - After mandate - Protective behaviour,State: Assam,0.0102709895,19
XGBoost,India,after_mandate,After mandate,protective,Protective behaviour,India_after_mandate_protective,India - After mandate - Protective behaviour,Symptom Isolation: Unsure,0.010226756,20
XGBoost,India,after_mandate,After mandate,protective,Protective behaviour,India_after_mandate_protective,India - After mandate - Protective behaviour,Loss of Taste: Yes,0.0099674035,21
XGBoost,India,after_mandate,After mandate,protective,Protective behaviour,India_after_mandate_protective,India - After mandate - Protective behaviour,Confidence in the government: None,0.009950595,22
XGBoost,India,after_mandate,After mandate,protective,Protective behaviour,India_after_mandate_protective,India - After mandate - Protective behaviour,Isolation Willingness: Somewhat Unwilling,0.009765377,23
XGBoost,India,after_mandate,After mandate,protective,Protective behaviour,India_after_mandate_protective,India - After mandate - Protective behaviour,State: Maharashtra,0.009763791,24
XGBoost,India,after_mandate,After mandate,protective,Protective behaviour,India_after_mandate_protective,India - After mandate - Protective behaviour,Employment: Part Time,0.0096814195,25
XGBoost,India,after_mandate,After mandate,protective,Protective behaviour,India_after_mandate_protective,India - After mandate - Protective behaviour,Age,0.009653249,26
XGBoost,India,after_mandate,After mandate,protective,Protective behaviour,India_after_mandate_protective,India - After mandate - Protective behaviour,State: Andhra Pradesh,0.0092802355,27
XGBoost,India,after_mandate,After mandate,protective,Protective behaviour,India_after_mandate_protective,India - After mandate - Protective behaviour,Is a male?,0.009249906,28
XGBoost,India,after_mandate,After mandate,protective,Protective behaviour,India_after_mandate_protective,India - After mandate - Protective behaviour,Comorbidity: No,0.009201426,29
XGBoost,India,after_mandate,After mandate,protective,Protective behaviour,India_after_mandate_protective,India - After mandate - Protective behaviour,State: Tamil Nadu,0.009184914,30
XGBoost,India,after_mandate,After mandate,protective,Protective behaviour,India_after_mandate_protective,India - After mandate - Protective behaviour,Symptom Isolation: No,0.008974467,31
XGBoost,India,after_mandate,After mandate,protective,Protective behaviour,India_after_mandate_protective,India - After mandate - Protective behaviour,Fever: No,0.008900429,32
XGBoost,India,after_mandate,After mandate,protective,Protective behaviour,India_after_mandate_protective,India - After mandate - Protective behaviour,Confidence in the government: High,0.008490316,33
XGBoost,India,after_mandate,After mandate,protective,Protective behaviour,India_after_mandate_protective,India - After mandate - Protective behaviour,PHQ Worry: Prefer Not Say,0.008322306,34
XGBoost,India,after_mandate,After mandate,protective,Protective behaviour,India_after_mandate_protective,India - After mandate - Protective behaviour,Isolation Ease: Somewhat Easy,0.008319904,35
XGBoost,India,after_mandate,After mandate,protective,Protective behaviour,India_after_mandate_protective,India - After mandate - Protective behaviour,COVID Test: Positive,0.008140427,36
XGBoost,India,after_mandate,After mandate,protective,Protective behaviour,India_after_mandate_protective,India - After mandate - Protective behaviour,State: Punjab,0.0078006894,37
XGBoost,India,after_mandate,After mandate,protective,Protective behaviour,India_after_mandate_protective,India - After mandate - Protective behaviour,PHQ Worry: Not At All,0.0077122385,38
XGBoost,India,after_mandate,After mandate,protective,Protective behaviour,India_after_mandate_protective,India - After mandate - Protective behaviour,State: Madhya Pradesh,0.007659822,39
XGBoost,India,after_mandate,After mandate,protective,Protective behaviour,India_after_mandate_protective,India - After mandate - Protective behaviour,Confidence in the government: Low,0.007496784,40
XGBoost,India,after_mandate,After mandate,protective,Protective behaviour,India_after_mandate_protective,India - After mandate - Protective behaviour,Isolation Willingness: Very Unwilling,0.007451286,41
XGBoost,India,after_mandate,After mandate,protective,Protective behaviour,India_after_mandate_protective,India - After mandate - Protective behaviour,Isolation Willingness: Neutral,0.0073860027,42
XGBoost,India,after_mandate,After mandate,protective,Protective behaviour,India_after_mandate_protective,India - After mandate - Protective behaviour,PHQ Anxiety: Prefer Not Say,0.007364266,43
XGBoost,India,after_mandate,After mandate,protective,Protective behaviour,India_after_mandate_protective,India - After mandate - Protective behaviour,State: Delhi,0.007259367,44
XGBoost,India,after_mandate,After mandate,protective,Protective behaviour,India_after_mandate_protective,India - After mandate - Protective behaviour,PHQ Anxiety: Not At All,0.007175688,45
XGBoost,India,after_mandate,After mandate,protective,Protective behaviour,India_after_mandate_protective,India - After mandate - Protective behaviour,PHQ Anxiety: Daily,0.00717353,46
XGBoost,India,after_mandate,After mandate,protective,Protective behaviour,India_after_mandate_protective,India - After mandate - Protective behaviour,PHQ Anxiety: N/A,0.007028886,47
XGBoost,India,after_mandate,After mandate,protective,Protective behaviour,India_after_mandate_protective,India - After mandate - Protective behaviour,COVID Test: Negative,0.006979843,48
XGBoost,India,after_mandate,After mandate,protective,Protective behaviour,India_after_mandate_protective,India - After mandate - Protective behaviour,Isolation Ease: Very Easy,0.0069587985,49
XGBoost,India,after_mandate,After mandate,protective,Protective behaviour,India_after_mandate_protective,India - After mandate - Protective behaviour,Comorbidity: Prefer Not Say,0.006809588,50
XGBoost,India,after_mandate,After mandate,protective,Protective behaviour,India_after_mandate_protective,India - After mandate - Protective behaviour,Comorbidity: Yes,0.0067290664,51
XGBoost,India,after_mandate,After mandate,protective,Protective behaviour,India_after_mandate_protective,India - After mandate - Protective behaviour,Confidence in the government: N/A,0.0067220684,52
XGBoost,India,after_mandate,After mandate,protective,Protective behaviour,India_after_mandate_protective,India - After mandate - Protective behaviour,PHQ Low Interest: Not At All,0.0067211012,53
XGBoost,India,after_mandate,After mandate,protective,Protective behaviour,India_after_mandate_protective,India - After mandate - Protective behaviour,Dry Cough: Yes,0.006478623,54
XGBoost,India,after_mandate,After mandate,protective,Protective behaviour,India_after_mandate_protective,India - After mandate - Protective behaviour,Fever: Yes,0.0064558107,55
XGBoost,India,after_mandate,After mandate,protective,Protective behaviour,India_after_mandate_protective,India - After mandate - Protective behaviour,COVID Fear: Not Scared,0.006440448,56
XGBoost,India,after_mandate,After mandate,protective,Protective behaviour,India_after_mandate_protective,India - After mandate - Protective behaviour,Week,0.0064090206,57
XGBoost,India,after_mandate,After mandate,protective,Protective behaviour,India_after_mandate_protective,India - After mandate - Protective behaviour,PHQ Low Interest: Daily,0.006396867,58
XGBoost,India,after_mandate,After mandate,protective,Protective behaviour,India_after_mandate_protective,India - After mandate - Protective behaviour,COVID Fear: Very Scared,0.0063720457,59
XGBoost,India,after_mandate,After mandate,protective,Protective behaviour,India_after_mandate_protective,India - After mandate - Protective behaviour,State: Haryana,0.0063553844,60
XGBoost,India,after_mandate,After mandate,protective,Protective behaviour,India_after_mandate_protective,India - After mandate - Protective behaviour,State: Karnataka,0.0063381745,61
XGBoost,India,after_mandate,After mandate,protective,Protective behaviour,India_after_mandate_protective,India - After mandate - Protective behaviour,Dry Cough: No,0.0061813495,62
XGBoost,India,after_mandate,After mandate,protective,Protective behaviour,India_after_mandate_protective,India - After mandate - Protective behaviour,COVID Fear: Slightly Scared,0.0060626864,63
XGBoost,India,after_mandate,After mandate,protective,Protective behaviour,India_after_mandate_protective,India - After mandate - Protective behaviour,State: Bihar,0.0059394743,64
XGBoost,India,after_mandate,After mandate,protective,Protective behaviour,India_after_mandate_protective,India - After mandate - Protective behaviour,Loss of Smell: Yes,0.00593856,65
XGBoost,India,after_mandate,After mandate,protective,Protective behaviour,India_after_mandate_protective,India - After mandate - Protective behaviour,State: Rajasthan,0.0058922856,66
XGBoost,India,after_mandate,After mandate,protective,Protective behaviour,India_after_mandate_protective,India - After mandate - Protective behaviour,Physical contact count (with family),0.0058636265,67
XGBoost,India,after_mandate,After mandate,protective,Protective behaviour,India_after_mandate_protective,India - After mandate - Protective behaviour,Household Size,0.005858172,68
XGBoost,India,after_mandate,After mandate,protective,Protective behaviour,India_after_mandate_protective,India - After mandate - Protective behaviour,Isolation Ease: Very Difficult,0.005827788,69
XGBoost,India,after_mandate,After mandate,protective,Protective behaviour,India_after_mandate_protective,India - After mandate - Protective behaviour,COVID Fear: N/A,0.0057612476,70
XGBoost,India,after_mandate,After mandate,protective,Protective behaviour,India_after_mandate_protective,India - After mandate - Protective behaviour,PHQ Depressed: Several Days,0.005424416,71
XGBoost,India,after_mandate,After mandate,protective,Protective behaviour,India_after_mandate_protective,India - After mandate - Protective behaviour,Household COVID Test: Pending,0.0052588796,72
XGBoost,India,after_mandate,After mandate,protective,Protective behaviour,India_after_mandate_protective,India - After mandate - Protective behaviour,State: Telangana,0.0052122152,73
XGBoost,India,after_mandate,After mandate,protective,Protective behaviour,India_after_mandate_protective,India - After mandate - Protective behaviour,Household COVID Test: Positive,0.005205099,74
XGBoost,India,after_mandate,After mandate,protective,Protective behaviour,India_after_mandate_protective,India - After mandate - Protective behaviour,Shortness of Breath: No,0.0051861247,75
XGBoost,India,after_mandate,After mandate,protective,Protective behaviour,India_after_mandate_protective,India - After mandate - Protective behaviour,Employment: Retired,0.0051622638,76
XGBoost,India,after_mandate,After mandate,protective,Protective behaviour,India_after_mandate_protective,India - After mandate - Protective behaviour,PHQ Anxiety: Several Days,0.005075991,77
XGBoost,India,after_mandate,After mandate,protective,Protective behaviour,India_after_mandate_protective,India - After mandate - Protective behaviour,Employment: Unemployed,0.004963093,78
XGBoost,India,after_mandate,After mandate,protective,Protective behaviour,India_after_mandate_protective,India - After mandate - Protective behaviour,PHQ Depressed: Daily,0.004797162,79
XGBoost,India,after_mandate,After mandate,protective,Protective behaviour,India_after_mandate_protective,India - After mandate - Protective behaviour,PHQ Low Interest: Prefer Not Say,0.004735101,80
XGBoost,India,after_mandate,After mandate,protective,Protective behaviour,India_after_mandate_protective,India - After mandate - Protective behaviour,State: Chhattisgarh,0.0046152854,81
XGBoost,India,after_mandate,After mandate,protective,Protective behaviour,India_after_mandate_protective,India - After mandate - Protective behaviour,Employment: Not Working,0.004584938,82
XGBoost,India,after_mandate,After mandate,protective,Protective behaviour,India_after_mandate_protective,India - After mandate - Protective behaviour,PHQ Low Interest: Several Days,0.004475168,83
XGBoost,India,after_mandate,After mandate,protective,Protective behaviour,India_after_mandate_protective,India - After mandate - Protective behaviour,PHQ Worry: Daily,0.004440473,84
XGBoost,India,after_mandate,After mandate,protective,Protective behaviour,India_after_mandate_protective,India - After mandate - Protective behaviour,Employment: Student,0.004369995,85
XGBoost,India,after_mandate,After mandate,protective,Protective behaviour,India_after_mandate_protective,India - After mandate - Protective behaviour,PHQ Worry: Several Days,0.0043474017,86
XGBoost,India,after_mandate,After mandate,protective,Protective behaviour,India_after_mandate_protective,India - After mandate - Protective behaviour,Isolation Ease: Somewhat Difficult,0.0042909044,87
XGBoost,India,after_mandate,After mandate,protective,Protective behaviour,India_after_mandate_protective,India - After mandate - Protective behaviour,PHQ Depressed: Prefer Not Say,0.0039700447,88
XGBoost,India,after_mandate,After mandate,protective,Protective behaviour,India_after_mandate_protective,India - After mandate - Protective behaviour,State: Uttarakhand,0.0037591967,89
XGBoost,India,after_mandate,After mandate,protective,Protective behaviour,India_after_mandate_protective,India - After mandate - Protective behaviour,PHQ Worry: N/A,0.0037341132,90
XGBoost,India,after_mandate,After mandate,protective,Protective behaviour,India_after_mandate_protective,India - After mandate - Protective behaviour,Household COVID Test: Negative,0.003710456,91
XGBoost,India,after_mandate,After mandate,protective,Protective behaviour,India_after_mandate_protective,India - After mandate - Protective behaviour,Loss of Smell: No,0.0035001833,92
XGBoost,India,after_mandate,After mandate,protective,Protective behaviour,India_after_mandate_protective,India - After mandate - Protective behaviour,State: West Bengal,0.003457172,93
XGBoost,India,after_mandate,After mandate,protective,Protective behaviour,India_after_mandate_protective,India - After mandate - Protective behaviour,State: Uttar Pradesh,0.0032759767,94
XGBoost,India,after_mandate,After mandate,protective,Protective behaviour,India_after_mandate_protective,India - After mandate - Protective behaviour,PHQ Depressed: N/A,0.003237431,95
XGBoost,India,after_mandate,After mandate,protective,Protective behaviour,India_after_mandate_protective,India - After mandate - Protective behaviour,State: Kerala,0.003179202,96
XGBoost,India,after_mandate,After mandate,protective,Protective behaviour,India_after_mandate_protective,India - After mandate - Protective behaviour,Loss of Taste: No,0.0028901459,97
XGBoost,India,after_mandate,After mandate,protective,Protective behaviour,India_after_mandate_protective,India - After mandate - Protective behaviour,Isolation Ease: Neutral,0.0028224702,98
XGBoost,India,after_mandate,After mandate,protective,Protective behaviour,India_after_mandate_protective,India - After mandate - Protective behaviour,State: Gujarat,0.0021122412,99
XGBoost,India,after_mandate,After mandate,protective,Protective behaviour,India_after_mandate_protective,India - After mandate - Protective behaviour,PHQ Low Interest: N/A,0.0018846806,100
XGBoost,India,after_mandate,After mandate,protective,Protective behaviour,India_after_mandate_protective,India - After mandate - Protective behaviour,Employment: Other,0.0013366516,101
XGBoost,India,after_mandate,After mandate,protective,Protective behaviour,India_after_mandate_protective,India - After mandate - Protective behaviour,State: Tripura,0.0,102
XGBoost,India,after_mandate,After mandate,protective,Protective behaviour,India_after_mandate_protective,India - After mandate - Protective behaviour,State: Arunachal Pradesh,0.0,103
XGBoost,India,after_mandate,After mandate,protective,Protective behaviour,India_after_mandate_protective,India - After mandate - Protective behaviour,COVID Test: Pending,0.0,104
XGBoost,India,after_mandate,After mandate,protective,Protective behaviour,India_after_mandate_protective,India - After mandate - Protective behaviour,State: Manipur,0.0,105
XGBoost,India,after_mandate,After mandate,protective,Protective behaviour,India_after_mandate_protective,India - After mandate - Protective behaviour,State: Lakshadweep,0.0,106
XGBoost,India,after_mandate,After mandate,protective,Protective behaviour,India_after_mandate_protective,India - After mandate - Protective behaviour,State: Puducherry,0.0,107
XGBoost,India,after_mandate,After mandate,protective,Protective behaviour,India_after_mandate_protective,India - After mandate - Protective behaviour,State: Odisha,0.0,108
XGBoost,India,after_mandate,After mandate,protective,Protective behaviour,India_after_mandate_protective,India - After mandate - Protective behaviour,State: Nagaland,0.0,109
XGBoost,India,after_mandate,After mandate,protective,Protective behaviour,India_after_mandate_protective,India - After mandate - Protective behaviour,State: Sikkim,0.0,110
XGBoost,India,after_mandate,After mandate,protective,Protective behaviour,India_after_mandate_protective,India - After mandate - Protective behaviour,State: Mizoram,0.0,111
XGBoost,India,after_mandate,After mandate,protective,Protective behaviour,India_after_mandate_protective,India - After mandate - Protective behaviour,State: Meghalaya,0.0,112
XGBoost,India,after_mandate,After mandate,protective,Protective behaviour,India_after_mandate_protective,India - After mandate - Protective behaviour,State: Chandigarh,0.0,113
XGBoost,India,after_mandate,After mandate,protective,Protective behaviour,India_after_mandate_protective,India - After mandate - Protective behaviour,State: Dadra and Nagar Haveli and Daman and Diu,0.0,114
XGBoost,India,after_mandate,After mandate,protective,Protective behaviour,India_after_mandate_protective,India - After mandate - Protective behaviour,State: Goa,0.0,115
XGBoost,India,after_mandate,After mandate,protective,Protective behaviour,India_after_mandate_protective,India - After mandate - Protective behaviour,State: Himachal Pradesh,0.0,116
XGBoost,India,after_mandate,After mandate,protective,Protective behaviour,India_after_mandate_protective,India - After mandate - Protective behaviour,State: Jammu and Kashmir,0.0,117
XGBoost,India,after_mandate,After mandate,protective,Protective behaviour,India_after_mandate_protective,India - After mandate - Protective behaviour,State: Jharkhand,0.0,118
XGBoost,United States,before_mandate,Before mandate,mask,Face mask wearing,United_States_before_mandate_mask,United States - Before mandate - Face mask wearing,Non-Mask Protective Behavior Score,0.10702047,1
XGBoost,United States,before_mandate,Before mandate,mask,Face mask wearing,United_States_before_mandate_mask,United States - Before mandate - Face mask wearing,COVID Severity,0.051939506,2
XGBoost,United States,before_mandate,Before mandate,mask,Face mask wearing,United_States_before_mandate_mask,United States - Before mandate - Face mask wearing,Symptom Isolation: Unsure,0.047566798,3
XGBoost,United States,before_mandate,Before mandate,mask,Face mask wearing,United_States_before_mandate_mask,United States - Before mandate - Face mask wearing,Isolation Willingness: Very Willing,0.04496922,4
XGBoost,United States,before_mandate,Before mandate,mask,Face mask wearing,United_States_before_mandate_mask,United States - Before mandate - Face mask wearing,COVID Life Impact,0.032261472,5
XGBoost,United States,before_mandate,Before mandate,mask,Face mask wearing,United_States_before_mandate_mask,United States - Before mandate - Face mask wearing,Symptom Isolation: Yes,0.031826492,6
XGBoost,United States,before_mandate,Before mandate,mask,Face mask wearing,United_States_before_mandate_mask,United States - Before mandate - Face mask wearing,Isolation Willingness: Very Unwilling,0.029239103,7
XGBoost,United States,before_mandate,Before mandate,mask,Face mask wearing,United_States_before_mandate_mask,United States - Before mandate - Face mask wearing,Gov Response: Very Bad,0.026065512,8
XGBoost,United States,before_mandate,Before mandate,mask,Face mask wearing,United_States_before_mandate_mask,United States - Before mandate - Face mask wearing,State: Oklahoma,0.020355703,9
XGBoost,United States,before_mandate,Before mandate,mask,Face mask wearing,United_States_before_mandate_mask,United States - Before mandate - Face mask wearing,Outings count,0.0202641,10
XGBoost,United States,before_mandate,Before mandate,mask,Face mask wearing,United_States_before_mandate_mask,United States - Before mandate - Face mask wearing,Isolation Ease: Neutral,0.019566879,11
XGBoost,United States,before_mandate,Before mandate,mask,Face mask wearing,United_States_before_mandate_mask,United States - Before mandate - Face mask wearing,Week,0.019305652,12
XGBoost,United States,before_mandate,Before mandate,mask,Face mask wearing,United_States_before_mandate_mask,United States - Before mandate - Face mask wearing,Health Motivation,0.018616192,13
XGBoost,United States,before_mandate,Before mandate,mask,Face mask wearing,United_States_before_mandate_mask,United States - Before mandate - Face mask wearing,Age,0.018412637,14
XGBoost,United States,before_mandate,Before mandate,mask,Face mask wearing,United_States_before_mandate_mask,United States - Before mandate - Face mask wearing,Employment: Not Working,0.018195665,15
XGBoost,United States,before_mandate,Before mandate,mask,Face mask wearing,United_States_before_mandate_mask,United States - Before mandate - Face mask wearing,State: West Virginia,0.017768683,16
XGBoost,United States,before_mandate,Before mandate,mask,Face mask wearing,United_States_before_mandate_mask,United States - Before mandate - Face mask wearing,State: Illinois,0.017476654,17
XGBoost,United States,before_mandate,Before mandate,mask,Face mask wearing,United_States_before_mandate_mask,United States - Before mandate - Face mask wearing,Confidence in the government: None,0.017411003,18
XGBoost,United States,before_mandate,Before mandate,mask,Face mask wearing,United_States_before_mandate_mask,United States - Before mandate - Face mask wearing,State: Virginia,0.016785255,19
XGBoost,United States,before_mandate,Before mandate,mask,Face mask wearing,United_States_before_mandate_mask,United States - Before mandate - Face mask wearing,Employment: Part Time,0.016657695,20
XGBoost,United States,before_mandate,Before mandate,mask,Face mask wearing,United_States_before_mandate_mask,United States - Before mandate - Face mask wearing,Household Size,0.016604526,21
XGBoost,United States,before_mandate,Before mandate,mask,Face mask wearing,United_States_before_mandate_mask,United States - Before mandate - Face mask wearing,Isolation Willingness: Unsure,0.01643027,22
XGBoost,United States,before_mandate,Before mandate,mask,Face mask wearing,United_States_before_mandate_mask,United States - Before mandate - Face mask wearing,Physical contact count (with stranger),0.016346069,23
XGBoost,United States,before_mandate,Before mandate,mask,Face mask wearing,United_States_before_mandate_mask,United States - Before mandate - Face mask wearing,Isolation Ease: Somewhat Easy,0.016337963,24
XGBoost,United States,before_mandate,Before mandate,mask,Face mask wearing,United_States_before_mandate_mask,United States - Before mandate - Face mask wearing,Confidence in the government: High,0.016224843,25
XGBoost,United States,before_mandate,Before mandate,mask,Face mask wearing,United_States_before_mandate_mask,United States - Before mandate - Face mask wearing,Comorbidity: Yes,0.015891455,26
XGBoost,United States,before_mandate,Before mandate,mask,Face mask wearing,United_States_before_mandate_mask,United States - Before mandate - Face mask wearing,Is a male?,0.015845042,27
XGBoost,United States,before_mandate,Before mandate,mask,Face mask wearing,United_States_before_mandate_mask,United States - Before mandate - Face mask wearing,State: Wisconsin,0.0157865,28
XGBoost,United States,before_mandate,Before mandate,mask,Face mask wearing,United_States_before_mandate_mask,United States - Before mandate - Face mask wearing,Gov Response: Somewhat Bad,0.01532011,29
XGBoost,United States,before_mandate,Before mandate,mask,Face mask wearing,United_States_before_mandate_mask,United States - Before mandate - Face mask wearing,Comorbidity: No,0.014999519,30
XGBoost,United States,before_mandate,Before mandate,mask,Face mask wearing,United_States_before_mandate_mask,United States - Before mandate - Face mask wearing,State: Tennessee,0.014598129,31
XGBoost,United States,before_mandate,Before mandate,mask,Face mask wearing,United_States_before_mandate_mask,United States - Before mandate - Face mask wearing,Isolation Ease: Very Difficult,0.014521275,32
XGBoost,United States,before_mandate,Before mandate,mask,Face mask wearing,United_States_before_mandate_mask,United States - Before mandate - Face mask wearing,Handwashing Count,0.014470903,33
XGBoost,United States,before_mandate,Before mandate,mask,Face mask wearing,United_States_before_mandate_mask,United States - Before mandate - Face mask wearing,Gov Response: Very Good,0.01443383,34
XGBoost,United States,before_mandate,Before mandate,mask,Face mask wearing,United_States_before_mandate_mask,United States - Before mandate - Face mask wearing,COVID Infection Risk,0.014264033,35
XGBoost,United States,before_mandate,Before mandate,mask,Face mask wearing,United_States_before_mandate_mask,United States - Before mandate - Face mask wearing,Employment: Unemployed,0.01421012,36
XGBoost,United States,before_mandate,Before mandate,mask,Face mask wearing,United_States_before_mandate_mask,United States - Before mandate - Face mask wearing,Employment: Retired,0.014139219,37
XGBoost,United States,before_mandate,Before mandate,mask,Face mask wearing,United_States_before_mandate_mask,United States - Before mandate - Face mask wearing,State: Ohio,0.013703864,38
XGBoost,United States,before_mandate,Before mandate,mask,Face mask wearing,United_States_before_mandate_mask,United States - Before mandate - Face mask wearing,State: Colorado,0.013399023,39
XGBoost,United States,before_mandate,Before mandate,mask,Face mask wearing,United_States_before_mandate_mask,United States - Before mandate - Face mask wearing,Isolation Ease: Very Easy,0.013379087,40
XGBoost,United States,before_mandate,Before mandate,mask,Face mask wearing,United_States_before_mandate_mask,United States - Before mandate - Face mask wearing,Isolation Willingness: Somewhat Willing,0.012670869,41
XGBoost,United States,before_mandate,Before mandate,mask,Face mask wearing,United_States_before_mandate_mask,United States - Before mandate - Face mask wearing,Gov Response: Somewhat Good,0.012114754,42
XGBoost,United States,before_mandate,Before mandate,mask,Face mask wearing,United_States_before_mandate_mask,United States - Before mandate - Face mask wearing,State: Pennsylvania,0.012081952,43
XGBoost,United States,before_mandate,Before mandate,mask,Face mask wearing,United_States_before_mandate_mask,United States - Before mandate - Face mask wearing,State: New Jersey,0.010662711,44
XGBoost,United States,before_mandate,Before mandate,mask,Face mask wearing,United_States_before_mandate_mask,United States - Before mandate - Face mask wearing,Symptom Isolation: No,0.010643767,45
XGBoost,United States,before_mandate,Before mandate,mask,Face mask wearing,United_States_before_mandate_mask,United States - Before mandate - Face mask wearing,Isolation Willingness: Neutral,0.010383787,46
XGBoost,United States,before_mandate,Before mandate,mask,Face mask wearing,United_States_before_mandate_mask,United States - Before mandate - Face mask wearing,Confidence in the government: Low,0.009068581,47
XGBoost,United States,before_mandate,Before mandate,mask,Face mask wearing,United_States_before_mandate_mask,United States - Before mandate - Face mask wearing,State: Georgia,0.008559697,48
XGBoost,United States,before_mandate,Before mandate,mask,Face mask wearing,United_States_before_mandate_mask,United States - Before mandate - Face mask wearing,Confidence in the government: Unknown,0.0075390027,49
XGBoost,United States,before_mandate,Before mandate,mask,Face mask wearing,United_States_before_mandate_mask,United States - Before mandate - Face mask wearing,Comorbidity: Prefer Not Say,0.006842505,50
XGBoost,United States,before_mandate,Before mandate,mask,Face mask wearing,United_States_before_mandate_mask,United States - Before mandate - Face mask wearing,Isolation Ease: Somewhat Difficult,0.0068219737,51
XGBoost,United States,before_mandate,Before mandate,mask,Face mask wearing,United_States_before_mandate_mask,United States - Before mandate - Face mask wearing,State: Iowa,0.0,52
XGBoost,United States,before_mandate,Before mandate,mask,Face mask wearing,United_States_before_mandate_mask,United States - Before mandate - Face mask wearing,State: Indiana,0.0,53
XGBoost,United States,before_mandate,Before mandate,mask,Face mask wearing,United_States_before_mandate_mask,United States - Before mandate - Face mask wearing,State: Idaho,0.0,54
XGBoost,United States,before_mandate,Before mandate,mask,Face mask wearing,United_States_before_mandate_mask,United States - Before mandate - Face mask wearing,State: California,0.0,55
XGBoost,United States,before_mandate,Before mandate,mask,Face mask wearing,United_States_before_mandate_mask,United States - Before mandate - Face mask wearing,State: Hawaii,0.0,56
XGBoost,United States,before_mandate,Before mandate,mask,Face mask wearing,United_States_before_mandate_mask,United States - Before mandate - Face mask wearing,State: Florida,0.0,57
XGBoost,United States,before_mandate,Before mandate,mask,Face mask wearing,United_States_before_mandate_mask,United States - Before mandate - Face mask wearing,State: Delaware,0.0,58
XGBoost,United States,before_mandate,Before mandate,mask,Face mask wearing,United_States_before_mandate_mask,United States - Before mandate - Face mask wearing,State: Connecticut,0.0,59
XGBoost,United States,before_mandate,Before mandate,mask,Face mask wearing,United_States_before_mandate_mask,United States - Before mandate - Face mask wearing,State: Alaska,0.0,60
XGBoost,United States,before_mandate,Before mandate,mask,Face mask wearing,United_States_before_mandate_mask,United States - Before mandate - Face mask wearing,State: Arizona,0.0,61
XGBoost,United States,before_mandate,Before mandate,mask,Face mask wearing,United_States_before_mandate_mask,United States - Before mandate - Face mask wearing,State: Arkansas,0.0,62
XGBoost,United States,before_mandate,Before mandate,mask,Face mask wearing,United_States_before_mandate_mask,United States - Before mandate - Face mask wearing,State: Maryland,0.0,63
XGBoost,United States,before_mandate,Before mandate,mask,Face mask wearing,United_States_before_mandate_mask,United States - Before mandate - Face mask wearing,State: Maine,0.0,64
XGBoost,United States,before_mandate,Before mandate,mask,Face mask wearing,United_States_before_mandate_mask,United States - Before mandate - Face mask wearing,State: Louisiana,0.0,65
XGBoost,United States,before_mandate,Before mandate,mask,Face mask wearing,United_States_before_mandate_mask,United States - Before mandate - Face mask wearing,State: Kentucky,0.0,66
XGBoost,United States,before_mandate,Before mandate,mask,Face mask wearing,United_States_before_mandate_mask,United States - Before mandate - Face mask wearing,State: Kansas,0.0,67
XGBoost,United States,before_mandate,Before mandate,mask,Face mask wearing,United_States_before_mandate_mask,United States - Before mandate - Face mask wearing,State: South Carolina,0.0,68
XGBoost,United States,before_mandate,Before mandate,mask,Face mask wearing,United_States_before_mandate_mask,United States - Before mandate - Face mask wearing,State: Texas,0.0,69
XGBoost,United States,before_mandate,Before mandate,mask,Face mask wearing,United_States_before_mandate_mask,United States - Before mandate - Face mask wearing,State: South Dakota,0.0,70
XGBoost,United States,before_mandate,Before mandate,mask,Face mask wearing,United_States_before_mandate_mask,United States - Before mandate - Face mask wearing,State: Wyoming,0.0,71
XGBoost,United States,before_mandate,Before mandate,mask,Face mask wearing,United_States_before_mandate_mask,United States - Before mandate - Face mask wearing,State: Vermont,0.0,72
XGBoost,United States,before_mandate,Before mandate,mask,Face mask wearing,United_States_before_mandate_mask,United States - Before mandate - Face mask wearing,State: Washington,0.0,73
XGBoost,United States,before_mandate,Before mandate,mask,Face mask wearing,United_States_before_mandate_mask,United States - Before mandate - Face mask wearing,State: Washington DC,0.0,74
XGBoost,United States,before_mandate,Before mandate,mask,Face mask wearing,United_States_before_mandate_mask,United States - Before mandate - Face mask wearing,State: New York,0.0,75
XGBoost,United States,before_mandate,Before mandate,mask,Face mask wearing,United_States_before_mandate_mask,United States - Before mandate - Face mask wearing,State: New Mexico,0.0,76
XGBoost,United States,before_mandate,Before mandate,mask,Face mask wearing,United_States_before_mandate_mask,United States - Before mandate - Face mask wearing,State: North Dakota,0.0,77
XGBoost,United States,before_mandate,Before mandate,mask,Face mask wearing,United_States_before_mandate_mask,United States - Before mandate - Face mask wearing,State: North Carolina,0.0,78
XGBoost,United States,before_mandate,Before mandate,mask,Face mask wearing,United_States_before_mandate_mask,United States - Before mandate - Face mask wearing,State: Mississippi,0.0,79
XGBoost,United States,before_mandate,Before mandate,mask,Face mask wearing,United_States_before_mandate_mask,United States - Before mandate - Face mask wearing,State: Minnesota,0.0,80
XGBoost,United States,before_mandate,Before mandate,mask,Face mask wearing,United_States_before_mandate_mask,United States - Before mandate - Face mask wearing,State: Michigan,0.0,81
XGBoost,United States,before_mandate,Before mandate,mask,Face mask wearing,United_States_before_mandate_mask,United States - Before mandate - Face mask wearing,State: Missouri,0.0,82
XGBoost,United States,before_mandate,Before mandate,mask,Face mask wearing,United_States_before_mandate_mask,United States - Before mandate - Face mask wearing,State: Massachusetts,0.0,83
XGBoost,United States,before_mandate,Before mandate,mask,Face mask wearing,United_States_before_mandate_mask,United States - Before mandate - Face mask wearing,State: Nevada,0.0,84
XGBoost,United States,before_mandate,Before mandate,mask,Face mask wearing,United_States_before_mandate_mask,United States - Before mandate - Face mask wearing,State: Nebraska,0.0,85
XGBoost,United States,before_mandate,Before mandate,mask,Face mask wearing,United_States_before_mandate_mask,United States - Before mandate - Face mask wearing,State: Utah,0.0,86
XGBoost,United States,before_mandate,Before mandate,mask,Face mask wearing,United_States_before_mandate_mask,United States - Before mandate - Face mask wearing,State: Oregon,0.0,87
XGBoost,United States,before_mandate,Before mandate,mask,Face mask wearing,United_States_before_mandate_mask,United States - Before mandate - Face mask wearing,State: Rhode Island,0.0,88
XGBoost,United States,before_mandate,Before mandate,mask,Face mask wearing,United_States_before_mandate_mask,United States - Before mandate - Face mask wearing,State: Montana,0.0,89
XGBoost,United States,before_mandate,Before mandate,mask,Face mask wearing,United_States_before_mandate_mask,United States - Before mandate - Face mask wearing,State: New Hampshire,0.0,90
XGBoost,United States,before_mandate,Before mandate,mask,Face mask wearing,United_States_before_mandate_mask,United States - Before mandate - Face mask wearing,Employment: Student,0.0,91
XGBoost,United States,before_mandate,Before mandate,mask,Face mask wearing,United_States_before_mandate_mask,United States - Before mandate - Face mask wearing,Isolation Willingness: Somewhat Unwilling,0.0,92
XGBoost,United States,before_mandate,Before mandate,mask,Face mask wearing,United_States_before_mandate_mask,United States - Before mandate - Face mask wearing,Isolation Ease: Unsure,0.0,93
XGBoost,United States,before_mandate,Before mandate,mask,Face mask wearing,United_States_before_mandate_mask,United States - Before mandate - Face mask wearing,Employment: Other,0.0,94
XGBoost,United States,before_mandate,Before mandate,protective,Protective behaviour,United_States_before_mandate_protective,United States - Before mandate - Protective behaviour,Isolation Willingness: Very Willing,0.08135555,1
XGBoost,United States,before_mandate,Before mandate,protective,Protective behaviour,United_States_before_mandate_protective,United States - Before mandate - Protective behaviour,COVID Severity,0.07837469,2
XGBoost,United States,before_mandate,Before mandate,protective,Protective behaviour,United_States_before_mandate_protective,United States - Before mandate - Protective behaviour,Symptom Isolation: Yes,0.04793436,3
XGBoost,United States,before_mandate,Before mandate,protective,Protective behaviour,United_States_before_mandate_protective,United States - Before mandate - Protective behaviour,Symptom Isolation: Unsure,0.04518393,4
XGBoost,United States,before_mandate,Before mandate,protective,Protective behaviour,United_States_before_mandate_protective,United States - Before mandate - Protective behaviour,Physical contact count (with stranger),0.041955356,5
XGBoost,United States,before_mandate,Before mandate,protective,Protective behaviour,United_States_before_mandate_protective,United States - Before mandate - Protective behaviour,Isolation Willingness: Somewhat Willing,0.034815636,6
XGBoost,United States,before_mandate,Before mandate,protective,Protective behaviour,United_States_before_mandate_protective,United States - Before mandate - Protective behaviour,Gov Response: Very Bad,0.032658707,7
XGBoost,United States,before_mandate,Before mandate,protective,Protective behaviour,United_States_before_mandate_protective,United States - Before mandate - Protective behaviour,Outings count,0.03138238,8
XGBoost,United States,before_mandate,Before mandate,protective,Protective behaviour,United_States_before_mandate_protective,United States - Before mandate - Protective behaviour,Confidence in the government: Unknown,0.03080785,9
XGBoost,United States,before_mandate,Before mandate,protective,Protective behaviour,United_States_before_mandate_protective,United States - Before mandate - Protective behaviour,Isolation Willingness: Unsure,0.026293362,10
XGBoost,United States,before_mandate,Before mandate,protective,Protective behaviour,United_States_before_mandate_protective,United States - Before mandate - Protective behaviour,Handwashing Count,0.024032716,11
XGBoost,United States,before_mandate,Before mandate,protective,Protective behaviour,United_States_before_mandate_protective,United States - Before mandate - Protective behaviour,Isolation Willingness: Neutral,0.022357577,12
XGBoost,United States,before_mandate,Before mandate,protective,Protective behaviour,United_States_before_mandate_protective,United States - Before mandate - Protective behaviour,Isolation Willingness: Very Unwilling,0.022147857,13
XGBoost,United States,before_mandate,Before mandate,protective,Protective behaviour,United_States_before_mandate_protective,United States - Before mandate - Protective behaviour,Isolation Willingness: Somewhat Unwilling,0.021089572,14
XGBoost,United States,before_mandate,Before mandate,protective,Protective behaviour,United_States_before_mandate_protective,United States - Before mandate - Protective behaviour,COVID Life Impact,0.018494373,15
XGBoost,United States,before_mandate,Before mandate,protective,Protective behaviour,United_States_before_mandate_protective,United States - Before mandate - Protective behaviour,Symptom Isolation: No,0.017908232,16
XGBoost,United States,before_mandate,Before mandate,protective,Protective behaviour,United_States_before_mandate_protective,United States - Before mandate - Protective behaviour,State: Illinois,0.017741865,17
XGBoost,United States,before_mandate,Before mandate,protective,Protective behaviour,United_States_before_mandate_protective,United States - Before mandate - Protective behaviour,Week,0.017547032,18
XGBoost,United States,before_mandate,Before mandate,protective,Protective behaviour,United_States_before_mandate_protective,United States - Before mandate - Protective behaviour,COVID Infection Risk,0.017420584,19
XGBoost,United States,before_mandate,Before mandate,protective,Protective behaviour,United_States_before_mandate_protective,United States - Before mandate - Protective behaviour,Confidence in the government: High,0.017218089,20
XGBoost,United States,before_mandate,Before mandate,protective,Protective behaviour,United_States_before_mandate_protective,United States - Before mandate - Protective behaviour,Household Size,0.016287275,21
XGBoost,United States,before_mandate,Before mandate,protective,Protective behaviour,United_States_before_mandate_protective,United States - Before mandate - Protective behaviour,Age,0.016003853,22
XGBoost,United States,before_mandate,Before mandate,protective,Protective behaviour,United_States_before_mandate_protective,United States - Before mandate - Protective behaviour,Employment: Part Time,0.01560503,23
XGBoost,United States,before_mandate,Before mandate,protective,Protective behaviour,United_States_before_mandate_protective,United States - Before mandate - Protective behaviour,Is a male?,0.015371718,24
XGBoost,United States,before_mandate,Before mandate,protective,Protective behaviour,United_States_before_mandate_protective,United States - Before mandate - Protective behaviour,State: Michigan,0.015046128,25
XGBoost,United States,before_mandate,Before mandate,protective,Protective behaviour,United_States_before_mandate_protective,United States - Before mandate - Protective behaviour,Isolation Ease: Somewhat Difficult,0.014696289,26
XGBoost,United States,before_mandate,Before mandate,protective,Protective behaviour,United_States_before_mandate_protective,United States - Before mandate - Protective behaviour,Isolation Ease: Neutral,0.013835818,27
XGBoost,United States,before_mandate,Before mandate,protective,Protective behaviour,United_States_before_mandate_protective,United States - Before mandate - Protective behaviour,Health Motivation,0.013465015,28
XGBoost,United States,before_mandate,Before mandate,protective,Protective behaviour,United_States_before_mandate_protective,United States - Before mandate - Protective behaviour,Gov Response: Somewhat Bad,0.0133288475,29
XGBoost,United States,before_mandate,Before mandate,protective,Protective behaviour,United_States_before_mandate_protective,United States - Before mandate - Protective behaviour,State: West Virginia,0.012935273,30
XGBoost,United States,before_mandate,Before mandate,protective,Protective behaviour,United_States_before_mandate_protective,United States - Before mandate - Protective behaviour,Employment: Retired,0.012477055,31
XGBoost,United States,before_mandate,Before mandate,protective,Protective behaviour,United_States_before_mandate_protective,United States - Before mandate - Protective behaviour,Gov Response: Somewhat Good,0.012173486,32
XGBoost,United States,before_mandate,Before mandate,protective,Protective behaviour,United_States_before_mandate_protective,United States - Before mandate - Protective behaviour,Comorbidity: Yes,0.012132989,33
XGBoost,United States,before_mandate,Before mandate,protective,Protective behaviour,United_States_before_mandate_protective,United States - Before mandate - Protective behaviour,Employment: Not Working,0.012059491,34
XGBoost,United States,before_mandate,Before mandate,protective,Protective behaviour,United_States_before_mandate_protective,United States - Before mandate - Protective behaviour,Isolation Ease: Somewhat Easy,0.011963846,35
XGBoost,United States,before_mandate,Before mandate,protective,Protective behaviour,United_States_before_mandate_protective,United States - Before mandate - Protective behaviour,State: Pennsylvania,0.011761999,36
XGBoost,United States,before_mandate,Before mandate,protective,Protective behaviour,United_States_before_mandate_protective,United States - Before mandate - Protective behaviour,Comorbidity: No,0.011750539,37
XGBoost,United States,before_mandate,Before mandate,protective,Protective behaviour,United_States_before_mandate_protective,United States - Before mandate - Protective behaviour,State: Colorado,0.011750313,38
XGBoost,United States,before_mandate,Before mandate,protective,Protective behaviour,United_States_before_mandate_protective,United States - Before mandate - Protective behaviour,Gov Response: Very Good,0.011743244,39
XGBoost,United States,before_mandate,Before mandate,protective,Protective behaviour,United_States_before_mandate_protective,United States - Before mandate - Protective behaviour,Isolation Ease: Very Easy,0.011728797,40
XGBoost,United States,before_mandate,Before mandate,protective,Protective behaviour,United_States_before_mandate_protective,United States - Before mandate - Protective behaviour,State: Virginia,0.011692107,41
XGBoost,United States,before_mandate,Before mandate,protective,Protective behaviour,United_States_before_mandate_protective,United States - Before mandate - Protective behaviour,Employment: Unemployed,0.011672763,42
XGBoost,United States,before_mandate,Before mandate,protective,Protective behaviour,United_States_before_mandate_protective,United States - Before mandate - Protective behaviour,Isolation Ease: Unsure,0.011279111,43
XGBoost,United States,before_mandate,Before mandate,protective,Protective behaviour,United_States_before_mandate_protective,United States - Before mandate - Protective behaviour,State: Georgia,0.010806754,44
XGBoost,United States,before_mandate,Before mandate,protective,Protective behaviour,United_States_before_mandate_protective,United States - Before mandate - Protective behaviour,Employment: Student,0.010717501,45
XGBoost,United States,before_mandate,Before mandate,protective,Protective behaviour,United_States_before_mandate_protective,United States - Before mandate - Protective behaviour,State: Missouri,0.010325816,46
XGBoost,United States,before_mandate,Before mandate,protective,Protective behaviour,United_States_before_mandate_protective,United States - Before mandate - Protective behaviour,Confidence in the government: Low,0.008944158,47
XGBoost,United States,before_mandate,Before mandate,protective,Protective behaviour,United_States_before_mandate_protective,United States - Before mandate - Protective behaviour,Confidence in the government: None,0.0066690375,48
XGBoost,United States,before_mandate,Before mandate,protective,Protective behaviour,United_States_before_mandate_protective,United States - Before mandate - Protective behaviour,Employment: Other,0.005055999,49
XGBoost,United States,before_mandate,Before mandate,protective,Protective behaviour,United_States_before_mandate_protective,United States - Before mandate - Protective behaviour,State: Kansas,0.0,50
XGBoost,United States,before_mandate,Before mandate,protective,Protective behaviour,United_States_before_mandate_protective,United States - Before mandate - Protective behaviour,State: Iowa,0.0,51
XGBoost,United States,before_mandate,Before mandate,protective,Protective behaviour,United_States_before_mandate_protective,United States - Before mandate - Protective behaviour,State: Indiana,0.0,52
XGBoost,United States,before_mandate,Before mandate,protective,Protective behaviour,United_States_before_mandate_protective,United States - Before mandate - Protective behaviour,State: Idaho,0.0,53
XGBoost,United States,before_mandate,Before mandate,protective,Protective behaviour,United_States_before_mandate_protective,United States - Before mandate - Protective behaviour,State: California,0.0,54
XGBoost,United States,before_mandate,Before mandate,protective,Protective behaviour,United_States_before_mandate_protective,United States - Before mandate - Protective behaviour,State: Hawaii,0.0,55
XGBoost,United States,before_mandate,Before mandate,protective,Protective behaviour,United_States_before_mandate_protective,United States - Before mandate - Protective behaviour,State: Florida,0.0,56
XGBoost,United States,before_mandate,Before mandate,protective,Protective behaviour,United_States_before_mandate_protective,United States - Before mandate - Protective behaviour,State: Delaware,0.0,57
XGBoost,United States,before_mandate,Before mandate,protective,Protective behaviour,United_States_before_mandate_protective,United States - Before mandate - Protective behaviour,State: Connecticut,0.0,58
XGBoost,United States,before_mandate,Before mandate,protective,Protective behaviour,United_States_before_mandate_protective,United States - Before mandate - Protective behaviour,State: Alaska,0.0,59
XGBoost,United States,before_mandate,Before mandate,protective,Protective behaviour,United_States_before_mandate_protective,United States - Before mandate - Protective behaviour,State: Arizona,0.0,60
XGBoost,United States,before_mandate,Before mandate,protective,Protective behaviour,United_States_before_mandate_protective,United States - Before mandate - Protective behaviour,State: Arkansas,0.0,61
XGBoost,United States,before_mandate,Before mandate,protective,Protective behaviour,United_States_before_mandate_protective,United States - Before mandate - Protective behaviour,State: Maryland,0.0,62
XGBoost,United States,before_mandate,Before mandate,protective,Protective behaviour,United_States_before_mandate_protective,United States - Before mandate - Protective behaviour,State: Maine,0.0,63
XGBoost,United States,before_mandate,Before mandate,protective,Protective behaviour,United_States_before_mandate_protective,United States - Before mandate - Protective behaviour,State: Louisiana,0.0,64
XGBoost,United States,before_mandate,Before mandate,protective,Protective behaviour,United_States_before_mandate_protective,United States - Before mandate - Protective behaviour,State: Kentucky,0.0,65
XGBoost,United States,before_mandate,Before mandate,protective,Protective behaviour,United_States_before_mandate_protective,United States - Before mandate - Protective behaviour,State: Wyoming,0.0,66
XGBoost,United States,before_mandate,Before mandate,protective,Protective behaviour,United_States_before_mandate_protective,United States - Before mandate - Protective behaviour,State: Wisconsin,0.0,67
XGBoost,United States,before_mandate,Before mandate,protective,Protective behaviour,United_States_before_mandate_protective,United States - Before mandate - Protective behaviour,State: Texas,0.0,68
XGBoost,United States,before_mandate,Before mandate,protective,Protective behaviour,United_States_before_mandate_protective,United States - Before mandate - Protective behaviour,State: Utah,0.0,69
XGBoost,United States,before_mandate,Before mandate,protective,Protective behaviour,United_States_before_mandate_protective,United States - Before mandate - Protective behaviour,State: South Carolina,0.0,70
XGBoost,United States,before_mandate,Before mandate,protective,Protective behaviour,United_States_before_mandate_protective,United States - Before mandate - Protective behaviour,State: Rhode Island,0.0,71
XGBoost,United States,before_mandate,Before mandate,protective,Protective behaviour,United_States_before_mandate_protective,United States - Before mandate - Protective behaviour,State: Washington,0.0,72
XGBoost,United States,before_mandate,Before mandate,protective,Protective behaviour,United_States_before_mandate_protective,United States - Before mandate - Protective behaviour,State: Washington DC,0.0,73
XGBoost,United States,before_mandate,Before mandate,protective,Protective behaviour,United_States_before_mandate_protective,United States - Before mandate - Protective behaviour,State: Vermont,0.0,74
XGBoost,United States,before_mandate,Before mandate,protective,Protective behaviour,United_States_before_mandate_protective,United States - Before mandate - Protective behaviour,State: Tennessee,0.0,75
XGBoost,United States,before_mandate,Before mandate,protective,Protective behaviour,United_States_before_mandate_protective,United States - Before mandate - Protective behaviour,State: Ohio,0.0,76
XGBoost,United States,before_mandate,Before mandate,protective,Protective behaviour,United_States_before_mandate_protective,United States - Before mandate - Protective behaviour,State: Oklahoma,0.0,77
XGBoost,United States,before_mandate,Before mandate,protective,Protective behaviour,United_States_before_mandate_protective,United States - Before mandate - Protective behaviour,State: Nevada,0.0,78
XGBoost,United States,before_mandate,Before mandate,protective,Protective behaviour,United_States_before_mandate_protective,United States - Before mandate - Protective behaviour,State: Nebraska,0.0,79
XGBoost,United States,before_mandate,Before mandate,protective,Protective behaviour,United_States_before_mandate_protective,United States - Before mandate - Protective behaviour,State: Montana,0.0,80
XGBoost,United States,before_mandate,Before mandate,protective,Protective behaviour,United_States_before_mandate_protective,United States - Before mandate - Protective behaviour,State: Mississippi,0.0,81
XGBoost,United States,before_mandate,Before mandate,protective,Protective behaviour,United_States_before_mandate_protective,United States - Before mandate - Protective behaviour,State: New York,0.0,82
XGBoost,United States,before_mandate,Before mandate,protective,Protective behaviour,United_States_before_mandate_protective,United States - Before mandate - Protective behaviour,State: New Mexico,0.0,83
XGBoost,United States,before_mandate,Before mandate,protective,Protective behaviour,United_States_before_mandate_protective,United States - Before mandate - Protective behaviour,State: New Jersey,0.0,84
XGBoost,United States,before_mandate,Before mandate,protective,Protective behaviour,United_States_before_mandate_protective,United States - Before mandate - Protective behaviour,State: New Hampshire,0.0,85
XGBoost,United States,before_mandate,Before mandate,protective,Protective behaviour,United_States_before_mandate_protective,United States - Before mandate - Protective behaviour,State: Massachusetts,0.0,86
XGBoost,United States,before_mandate,Before mandate,protective,Protective behaviour,United_States_before_mandate_protective,United States - Before mandate - Protective behaviour,State: Minnesota,0.0,87
XGBoost,United States,before_mandate,Before mandate,protective,Protective behaviour,United_States_before_mandate_protective,United States - Before mandate - Protective behaviour,State: Oregon,0.0,88
XGBoost,United States,before_mandate,Before mandate,protective,Protective behaviour,United_States_before_mandate_protective,United States - Before mandate - Protective behaviour,State: South Dakota,0.0,89
XGBoost,United States,before_mandate,Before mandate,protective,Protective behaviour,United_States_before_mandate_protective,United States - Before mandate - Protective behaviour,State: North Carolina,0.0,90
XGBoost,United States,before_mandate,Before mandate,protective,Protective behaviour,United_States_before_mandate_protective,United States - Before mandate - Protective behaviour,State: North Dakota,0.0,91
XGBoost,United States,before_mandate,Before mandate,protective,Protective behaviour,United_States_before_mandate_protective,United States - Before mandate - Protective behaviour,Isolation Ease: Very Difficult,0.0,92
XGBoost,United States,before_mandate,Before mandate,protective,Protective behaviour,United_States_before_mandate_protective,United States - Before mandate - Protective behaviour,Comorbidity: Prefer Not Say,0.0,93
XGBoost,United States,after_mandate,After mandate,mask,Face mask wearing,United_States_after_mandate_mask,United States - After mandate - Face mask wearing,Non-Mask Protective Behavior Score,0.17788011,1
XGBoost,United States,after_mandate,After mandate,mask,Face mask wearing,United_States_after_mandate_mask,United States - After mandate - Face mask wearing,Isolation Willingness: Very Willing,0.035615392,2
XGBoost,United States,after_mandate,After mandate,mask,Face mask wearing,United_States_after_mandate_mask,United States - After mandate - Face mask wearing,Confidence in the government: None,0.03390423,3
XGBoost,United States,after_mandate,After mandate,mask,Face mask wearing,United_States_after_mandate_mask,United States - After mandate - Face mask wearing,Isolation Willingness: Very Unwilling,0.028663449,4
XGBoost,United States,after_mandate,After mandate,mask,Face mask wearing,United_States_after_mandate_mask,United States - After mandate - Face mask wearing,Week,0.024096226,5
XGBoost,United States,after_mandate,After mandate,mask,Face mask wearing,United_States_after_mandate_mask,United States - After mandate - Face mask wearing,Symptom Isolation: Unsure,0.023301432,6
XGBoost,United States,after_mandate,After mandate,mask,Face mask wearing,United_States_after_mandate_mask,United States - After mandate - Face mask wearing,COVID Severity,0.022395695,7
XGBoost,United States,after_mandate,After mandate,mask,Face mask wearing,United_States_after_mandate_mask,United States - After mandate - Face mask wearing,Isolation Willingness: Somewhat Unwilling,0.016801968,8
XGBoost,United States,after_mandate,After mandate,mask,Face mask wearing,United_States_after_mandate_mask,United States - After mandate - Face mask wearing,State: New York,0.014977742,9
XGBoost,United States,after_mandate,After mandate,mask,Face mask wearing,United_States_after_mandate_mask,United States - After mandate - Face mask wearing,State: California,0.014283763,10
XGBoost,United States,after_mandate,After mandate,mask,Face mask wearing,United_States_after_mandate_mask,United States - After mandate - Face mask wearing,Gov Response: Very Bad,0.013451116,11
XGBoost,United States,after_mandate,After mandate,mask,Face mask wearing,United_States_after_mandate_mask,United States - After mandate - Face mask wearing,State: Minnesota,0.013025795,12
XGBoost,United States,after_mandate,After mandate,mask,Face mask wearing,United_States_after_mandate_mask,United States - After mandate - Face mask wearing,State: Arkansas,0.012887173,13
XGBoost,United States,after_mandate,After mandate,mask,Face mask wearing,United_States_after_mandate_mask,United States - After mandate - Face mask wearing,Employment: Student,0.012574116,14
XGBoost,United States,after_mandate,After mandate,mask,Face mask wearing,United_States_after_mandate_mask,United States - After mandate - Face mask wearing,State: Oklahoma,0.012198172,15
XGBoost,United States,after_mandate,After mandate,mask,Face mask wearing,United_States_after_mandate_mask,United States - After mandate - Face mask wearing,State: Louisiana,0.012072327,16
XGBoost,United States,after_mandate,After mandate,mask,Face mask wearing,United_States_after_mandate_mask,United States - After mandate - Face mask wearing,Confidence in the government: Unknown,0.01141411,17
XGBoost,United States,after_mandate,After mandate,mask,Face mask wearing,United_States_after_mandate_mask,United States - After mandate - Face mask wearing,Symptom Isolation: Yes,0.011287537,18
XGBoost,United States,after_mandate,After mandate,mask,Face mask wearing,United_States_after_mandate_mask,United States - After mandate - Face mask wearing,State: Oregon,0.011203971,19
XGBoost,United States,after_mandate,After mandate,mask,Face mask wearing,United_States_after_mandate_mask,United States - After mandate - Face mask wearing,State: South Carolina,0.011047888,20
XGBoost,United States,after_mandate,After mandate,mask,Face mask wearing,United_States_after_mandate_mask,United States - After mandate - Face mask wearing,Isolation Willingness: Neutral,0.010915161,21
XGBoost,United States,after_mandate,After mandate,mask,Face mask wearing,United_States_after_mandate_mask,United States - After mandate - Face mask wearing,State: Tennessee,0.010893499,22
XGBoost,United States,after_mandate,After mandate,mask,Face mask wearing,United_States_after_mandate_mask,United States - After mandate - Face mask wearing,Comorbidity: Prefer Not Say,0.010845915,23
XGBoost,United States,after_mandate,After mandate,mask,Face mask wearing,United_States_after_mandate_mask,United States - After mandate - Face mask wearing,Physical contact count (with stranger),0.010779688,24
XGBoost,United States,after_mandate,After mandate,mask,Face mask wearing,United_States_after_mandate_mask,United States - After mandate - Face mask wearing,Confidence in the government: High,0.010702425,25
XGBoost,United States,after_mandate,After mandate,mask,Face mask wearing,United_States_after_mandate_mask,United States - After mandate - Face mask wearing,Gov Response: Very Good,0.010401281,26
XGBoost,United States,after_mandate,After mandate,mask,Face mask wearing,United_States_after_mandate_mask,United States - After mandate - Face mask wearing,State: Illinois,0.010355147,27
XGBoost,United States,after_mandate,After mandate,mask,Face mask wearing,United_States_after_mandate_mask,United States - After mandate - Face mask wearing,Isolation Ease: Very Difficult,0.010030247,28
XGBoost,United States,after_mandate,After mandate,mask,Face mask wearing,United_States_after_mandate_mask,United States - After mandate - Face mask wearing,Employment: Part Time,0.010019643,29
XGBoost,United States,after_mandate,After mandate,mask,Face mask wearing,United_States_after_mandate_mask,United States - After mandate - Face mask wearing,Outings count,0.009958759,30
XGBoost,United States,after_mandate,After mandate,mask,Face mask wearing,United_States_after_mandate_mask,United States - After mandate - Face mask wearing,Employment: Not Working,0.009928971,31
XGBoost,United States,after_mandate,After mandate,mask,Face mask wearing,United_States_after_mandate_mask,United States - After mandate - Face mask wearing,State: Ohio,0.0099119935,32
XGBoost,United States,after_mandate,After mandate,mask,Face mask wearing,United_States_after_mandate_mask,United States - After mandate - Face mask wearing,Employment: Other,0.009747733,33
XGBoost,United States,after_mandate,After mandate,mask,Face mask wearing,United_States_after_mandate_mask,United States - After mandate - Face mask wearing,State: Florida,0.00967766,34
XGBoost,United States,after_mandate,After mandate,mask,Face mask wearing,United_States_after_mandate_mask,United States - After mandate - Face mask wearing,State: Virginia,0.009569818,35
XGBoost,United States,after_mandate,After mandate,mask,Face mask wearing,United_States_after_mandate_mask,United States - After mandate - Face mask wearing,State: North Carolina,0.00935721,36
XGBoost,United States,after_mandate,After mandate,mask,Face mask wearing,United_States_after_mandate_mask,United States - After mandate - Face mask wearing,State: Maryland,0.009351485,37
XGBoost,United States,after_mandate,After mandate,mask,Face mask wearing,United_States_after_mandate_mask,United States - After mandate - Face mask wearing,COVID Life Impact,0.009336723,38
XGBoost,United States,after_mandate,After mandate,mask,Face mask wearing,United_States_after_mandate_mask,United States - After mandate - Face mask wearing,Age,0.009267835,39
XGBoost,United States,after_mandate,After mandate,mask,Face mask wearing,United_States_after_mandate_mask,United States - After mandate - Face mask wearing,Isolation Willingness: Unsure,0.009191979,40
XGBoost,United States,after_mandate,After mandate,mask,Face mask wearing,United_States_after_mandate_mask,United States - After mandate - Face mask wearing,State: Washington,0.009188781,41
XGBoost,United States,after_mandate,After mandate,mask,Face mask wearing,United_States_after_mandate_mask,United States - After mandate - Face mask wearing,Comorbidity: No,0.009113798,42
XGBoost,United States,after_mandate,After mandate,mask,Face mask wearing,United_States_after_mandate_mask,United States - After mandate - Face mask wearing,State: Pennsylvania,0.009067628,43
XGBoost,United States,after_mandate,After mandate,mask,Face mask wearing,United_States_after_mandate_mask,United States - After mandate - Face mask wearing,State: Arizona,0.009021762,44
XGBoost,United States,after_mandate,After mandate,mask,Face mask wearing,United_States_after_mandate_mask,United States - After mandate - Face mask wearing,Handwashing Count,0.008944387,45
XGBoost,United States,after_mandate,After mandate,mask,Face mask wearing,United_States_after_mandate_mask,United States - After mandate - Face mask wearing,Isolation Willingness: Somewhat Willing,0.008925083,46
XGBoost,United States,after_mandate,After mandate,mask,Face mask wearing,United_States_after_mandate_mask,United States - After mandate - Face mask wearing,Isolation Ease: Neutral,0.008852604,47
XGBoost,United States,after_mandate,After mandate,mask,Face mask wearing,United_States_after_mandate_mask,United States - After mandate - Face mask wearing,Isolation Ease: Unsure,0.008850278,48
XGBoost,United States,after_mandate,After mandate,mask,Face mask wearing,United_States_after_mandate_mask,United States - After mandate - Face mask wearing,Confidence in the government: Low,0.008616726,49
XGBoost,United States,after_mandate,After mandate,mask,Face mask wearing,United_States_after_mandate_mask,United States - After mandate - Face mask wearing,Employment: Unemployed,0.00848901,50
XGBoost,United States,after_mandate,After mandate,mask,Face mask wearing,United_States_after_mandate_mask,United States - After mandate - Face mask wearing,Isolation Ease: Somewhat Difficult,0.00846355,51
XGBoost,United States,after_mandate,After mandate,mask,Face mask wearing,United_States_after_mandate_mask,United States - After mandate - Face mask wearing,State: Massachusetts,0.008432969,52
XGBoost,United States,after_mandate,After mandate,mask,Face mask wearing,United_States_after_mandate_mask,United States - After mandate - Face mask wearing,Health Motivation,0.008415669,53
XGBoost,United States,after_mandate,After mandate,mask,Face mask wearing,United_States_after_mandate_mask,United States - After mandate - Face mask wearing,State: Missouri,0.008407148,54
XGBoost,United States,after_mandate,After mandate,mask,Face mask wearing,United_States_after_mandate_mask,United States - After mandate - Face mask wearing,State: Texas,0.008334126,55
XGBoost,United States,after_mandate,After mandate,mask,Face mask wearing,United_States_after_mandate_mask,United States - After mandate - Face mask wearing,Isolation Ease: Somewhat Easy,0.008270898,56
XGBoost,United States,after_mandate,After mandate,mask,Face mask wearing,United_States_after_mandate_mask,United States - After mandate - Face mask wearing,Gov Response: Somewhat Bad,0.008243539,57
XGBoost,United States,after_mandate,After mandate,mask,Face mask wearing,United_States_after_mandate_mask,United States - After mandate - Face mask wearing,Is a male?,0.008217708,58
XGBoost,United States,after_mandate,After mandate,mask,Face mask wearing,United_States_after_mandate_mask,United States - After mandate - Face mask wearing,Symptom Isolation: No,0.008190783,59
XGBoost,United States,after_mandate,After mandate,mask,Face mask wearing,United_States_after_mandate_mask,United States - After mandate - Face mask wearing,Gov Response: Somewhat Good,0.008026961,60
XGBoost,United States,after_mandate,After mandate,mask,Face mask wearing,United_States_after_mandate_mask,United States - After mandate - Face mask wearing,COVID Infection Risk,0.007942441,61
XGBoost,United States,after_mandate,After mandate,mask,Face mask wearing,United_States_after_mandate_mask,United States - After mandate - Face mask wearing,State: Mississippi,0.007803341,62
XGBoost,United States,after_mandate,After mandate,mask,Face mask wearing,United_States_after_mandate_mask,United States - After mandate - Face mask wearing,State: New Jersey,0.0077661453,63
XGBoost,United States,after_mandate,After mandate,mask,Face mask wearing,United_States_after_mandate_mask,United States - After mandate - Face mask wearing,State: Nebraska,0.007685789,64
XGBoost,United States,after_mandate,After mandate,mask,Face mask wearing,United_States_after_mandate_mask,United States - After mandate - Face mask wearing,Household Size,0.0076051024,65
XGBoost,United States,after_mandate,After mandate,mask,Face mask wearing,United_States_after_mandate_mask,United States - After mandate - Face mask wearing,State: Wisconsin,0.007602655,66
XGBoost,United States,after_mandate,After mandate,mask,Face mask wearing,United_States_after_mandate_mask,United States - After mandate - Face mask wearing,State: Colorado,0.0075962255,67
XGBoost,United States,after_mandate,After mandate,mask,Face mask wearing,United_States_after_mandate_mask,United States - After mandate - Face mask wearing,Isolation Ease: Very Easy,0.007498557,68
XGBoost,United States,after_mandate,After mandate,mask,Face mask wearing,United_States_after_mandate_mask,United States - After mandate - Face mask wearing,State: Indiana,0.0074451636,69
XGBoost,United States,after_mandate,After mandate,mask,Face mask wearing,United_States_after_mandate_mask,United States - After mandate - Face mask wearing,Employment: Retired,0.007318098,70
XGBoost,United States,after_mandate,After mandate,mask,Face mask wearing,United_States_after_mandate_mask,United States - After mandate - Face mask wearing,State: Nevada,0.007118071,71
XGBoost,United States,after_mandate,After mandate,mask,Face mask wearing,United_States_after_mandate_mask,United States - After mandate - Face mask wearing,Comorbidity: Yes,0.0068908026,72
XGBoost,United States,after_mandate,After mandate,mask,Face mask wearing,United_States_after_mandate_mask,United States - After mandate - Face mask wearing,State: Michigan,0.0067564123,73
XGBoost,United States,after_mandate,After mandate,mask,Face mask wearing,United_States_after_mandate_mask,United States - After mandate - Face mask wearing,State: Utah,0.0064252093,74
XGBoost,United States,after_mandate,After mandate,mask,Face mask wearing,United_States_after_mandate_mask,United States - After mandate - Face mask wearing,State: Idaho,0.006173388,75
XGBoost,United States,after_mandate,After mandate,mask,Face mask wearing,United_States_after_mandate_mask,United States - After mandate - Face mask wearing,State: Kentucky,0.0049737953,76
XGBoost,United States,after_mandate,After mandate,mask,Face mask wearing,United_States_after_mandate_mask,United States - After mandate - Face mask wearing,State: Georgia,0.0,77
XGBoost,United States,after_mandate,After mandate,mask,Face mask wearing,United_States_after_mandate_mask,United States - After mandate - Face mask wearing,State: Alaska,0.0,78
XGBoost,United States,after_mandate,After mandate,mask,Face mask wearing,United_States_after_mandate_mask,United States - After mandate - Face mask wearing,State: Maine,0.0,79
XGBoost,United States,after_mandate,After mandate,mask,Face mask wearing,United_States_after_mandate_mask,United States - After mandate - Face mask wearing,State: Kansas,0.0,80
XGBoost,United States,after_mandate,After mandate,mask,Face mask wearing,United_States_after_mandate_mask,United States - After mandate - Face mask wearing,State: Iowa,0.0,81
XGBoost,United States,after_mandate,After mandate,mask,Face mask wearing,United_States_after_mandate_mask,United States - After mandate - Face mask wearing,State: Hawaii,0.0,82
XGBoost,United States,after_mandate,After mandate,mask,Face mask wearing,United_States_after_mandate_mask,United States - After mandate - Face mask wearing,State: Delaware,0.0,83
XGBoost,United States,after_mandate,After mandate,mask,Face mask wearing,United_States_after_mandate_mask,United States - After mandate - Face mask wearing,State: Connecticut,0.0,84
XGBoost,United States,after_mandate,After mandate,mask,Face mask wearing,United_States_after_mandate_mask,United States - After mandate - Face mask wearing,State: Wyoming,0.0,85
XGBoost,United States,after_mandate,After mandate,mask,Face mask wearing,United_States_after_mandate_mask,United States - After mandate - Face mask wearing,State: West Virginia,0.0,86
XGBoost,United States,after_mandate,After mandate,mask,Face mask wearing,United_States_after_mandate_mask,United States - After mandate - Face mask wearing,State: Montana,0.0,87
XGBoost,United States,after_mandate,After mandate,mask,Face mask wearing,United_States_after_mandate_mask,United States - After mandate - Face mask wearing,State: New Hampshire,0.0,88
XGBoost,United States,after_mandate,After mandate,mask,Face mask wearing,United_States_after_mandate_mask,United States - After mandate - Face mask wearing,State: Vermont,0.0,89
XGBoost,United States,after_mandate,After mandate,mask,Face mask wearing,United_States_after_mandate_mask,United States - After mandate - Face mask wearing,State: Washington DC,0.0,90
XGBoost,United States,after_mandate,After mandate,mask,Face mask wearing,United_States_after_mandate_mask,United States - After mandate - Face mask wearing,State: Rhode Island,0.0,91
XGBoost,United States,after_mandate,After mandate,mask,Face mask wearing,United_States_after_mandate_mask,United States - After mandate - Face mask wearing,State: South Dakota,0.0,92
XGBoost,United States,after_mandate,After mandate,mask,Face mask wearing,United_States_after_mandate_mask,United States - After mandate - Face mask wearing,State: New Mexico,0.0,93
XGBoost,United States,after_mandate,After mandate,mask,Face mask wearing,United_States_after_mandate_mask,United States - After mandate - Face mask wearing,State: North Dakota,0.0,94
XGBoost,United States,after_mandate,After mandate,protective,Protective behaviour,United_States_after_mandate_protective,United States - After mandate - Protective behaviour,Isolation Willingness: Very Willing,0.11731915,1
XGBoost,United States,after_mandate,After mandate,protective,Protective behaviour,United_States_after_mandate_protective,United States - After mandate - Protective behaviour,COVID Severity,0.04929622,2
XGBoost,United States,after_mandate,After mandate,protective,Protective behaviour,United_States_after_mandate_protective,United States - After mandate - Protective behaviour,Isolation Willingness: Very Unwilling,0.031438585,3
XGBoost,United States,after_mandate,After mandate,protective,Protective behaviour,United_States_after_mandate_protective,United States - After mandate - Protective behaviour,Isolation Willingness: Somewhat Unwilling,0.026047776,4
XGBoost,United States,after_mandate,After mandate,protective,Protective behaviour,United_States_after_mandate_protective,United States - After mandate - Protective behaviour,Physical contact count (with stranger),0.024440434,5
XGBoost,United States,after_mandate,After mandate,protective,Protective behaviour,United_States_after_mandate_protective,United States - After mandate - Protective behaviour,Symptom Isolation: Yes,0.023989394,6
XGBoost,United States,after_mandate,After mandate,protective,Protective behaviour,United_States_after_mandate_protective,United States - After mandate - Protective behaviour,Symptom Isolation: Unsure,0.023056826,7
XGBoost,United States,after_mandate,After mandate,protective,Protective behaviour,United_States_after_mandate_protective,United States - After mandate - Protective behaviour,Isolation Willingness: Neutral,0.021262793,8
XGBoost,United States,after_mandate,After mandate,protective,Protective behaviour,United_States_after_mandate_protective,United States - After mandate - Protective behaviour,State: Massachusetts,0.019323356,9
XGBoost,United States,after_mandate,After mandate,protective,Protective behaviour,United_States_after_mandate_protective,United States - After mandate - Protective behaviour,Confidence in the government: High,0.016833462,10
XGBoost,United States,after_mandate,After mandate,protective,Protective behaviour,United_States_after_mandate_protective,United States - After mandate - Protective behaviour,Confidence in the government: None,0.016253645,11
XGBoost,United States,after_mandate,After mandate,protective,Protective behaviour,United_States_after_mandate_protective,United States - After mandate - Protective behaviour,Outings count,0.015871994,12
XGBoost,United States,after_mandate,After mandate,protective,Protective behaviour,United_States_after_mandate_protective,United States - After mandate - Protective behaviour,Week,0.015778609,13
XGBoost,United States,after_mandate,After mandate,protective,Protective behaviour,United_States_after_mandate_protective,United States - After mandate - Protective behaviour,Isolation Willingness: Unsure,0.013392396,14
XGBoost,United States,after_mandate,After mandate,protective,Protective behaviour,United_States_after_mandate_protective,United States - After mandate - Protective behaviour,State: California,0.013205186,15
XGBoost,United States,after_mandate,After mandate,protective,Protective behaviour,United_States_after_mandate_protective,United States - After mandate - Protective behaviour,State: Louisiana,0.013155692,16
XGBoost,United States,after_mandate,After mandate,protective,Protective behaviour,United_States_after_mandate_protective,United States - After mandate - Protective behaviour,Handwashing Count,0.01303721,17
XGBoost,United States,after_mandate,After mandate,protective,Protective behaviour,United_States_after_mandate_protective,United States - After mandate - Protective behaviour,Isolation Ease: Unsure,0.012903459,18
XGBoost,United States,after_mandate,After mandate,protective,Protective behaviour,United_States_after_mandate_protective,United States - After mandate - Protective behaviour,Gov Response: Very Bad,0.012730519,19
XGBoost,United States,after_mandate,After mandate,protective,Protective behaviour,United_States_after_mandate_protective,United States - After mandate - Protective behaviour,Employment: Student,0.01247871,20
XGBoost,United States,after_mandate,After mandate,protective,Protective behaviour,United_States_after_mandate_protective,United States - After mandate - Protective behaviour,Isolation Willingness: Somewhat Willing,0.012309221,21
XGBoost,United States,after_mandate,After mandate,protective,Protective behaviour,United_States_after_mandate_protective,United States - After mandate - Protective behaviour,State: New York,0.010953502,22
XGBoost,United States,after_mandate,After mandate,protective,Protective behaviour,United_States_after_mandate_protective,United States - After mandate - Protective behaviour,Confidence in the government: Unknown,0.010881611,23
XGBoost,United States,after_mandate,After mandate,protective,Protective behaviour,United_States_after_mandate_protective,United States - After mandate - Protective behaviour,State: New Jersey,0.010744044,24
XGBoost,United States,after_mandate,After mandate,protective,Protective behaviour,United_States_after_mandate_protective,United States - After mandate - Protective behaviour,Health Motivation,0.010668563,25
XGBoost,United States,after_mandate,After mandate,protective,Protective behaviour,United_States_after_mandate_protective,United States - After mandate - Protective behaviour,COVID Life Impact,0.010590432,26
XGBoost,United States,after_mandate,After mandate,protective,Protective behaviour,United_States_after_mandate_protective,United States - After mandate - Protective behaviour,Comorbidity: Prefer Not Say,0.010338308,27
XGBoost,United States,after_mandate,After mandate,protective,Protective behaviour,United_States_after_mandate_protective,United States - After mandate - Protective behaviour,Gov Response: Very Good,0.01032615,28
XGBoost,United States,after_mandate,After mandate,protective,Protective behaviour,United_States_after_mandate_protective,United States - After mandate - Protective behaviour,State: Arkansas,0.01027102,29
XGBoost,United States,after_mandate,After mandate,protective,Protective behaviour,United_States_after_mandate_protective,United States - After mandate - Protective behaviour,State: Arizona,0.010263786,30
XGBoost,United States,after_mandate,After mandate,protective,Protective behaviour,United_States_after_mandate_protective,United States - After mandate - Protective behaviour,Comorbidity: No,0.010115401,31
XGBoost,United States,after_mandate,After mandate,protective,Protective behaviour,United_States_after_mandate_protective,United States - After mandate - Protective behaviour,State: Pennsylvania,0.010093498,32
XGBoost,United States,after_mandate,After mandate,protective,Protective behaviour,United_States_after_mandate_protective,United States - After mandate - Protective behaviour,Employment: Not Working,0.010047625,33
XGBoost,United States,after_mandate,After mandate,protective,Protective behaviour,United_States_after_mandate_protective,United States - After mandate - Protective behaviour,State: Nebraska,0.01004237,34
XGBoost,United States,after_mandate,After mandate,protective,Protective behaviour,United_States_after_mandate_protective,United States - After mandate - Protective behaviour,Symptom Isolation: No,0.009804241,35
XGBoost,United States,after_mandate,After mandate,protective,Protective behaviour,United_States_after_mandate_protective,United States - After mandate - Protective behaviour,State: New Hampshire,0.009743269,36
XGBoost,United States,after_mandate,After mandate,protective,Protective behaviour,United_States_after_mandate_protective,United States - After mandate - Protective behaviour,Isolation Ease: Very Easy,0.009508709,37
XGBoost,United States,after_mandate,After mandate,protective,Protective behaviour,United_States_after_mandate_protective,United States - After mandate - Protective behaviour,State: Washington,0.0095011415,38
XGBoost,United States,after_mandate,After mandate,protective,Protective behaviour,United_States_after_mandate_protective,United States - After mandate - Protective behaviour,Age,0.009393903,39
XGBoost,United States,after_mandate,After mandate,protective,Protective behaviour,United_States_after_mandate_protective,United States - After mandate - Protective behaviour,Employment: Part Time,0.009306795,40
XGBoost,United States,after_mandate,After mandate,protective,Protective behaviour,United_States_after_mandate_protective,United States - After mandate - Protective behaviour,Isolation Ease: Very Difficult,0.009252351,41
XGBoost,United States,after_mandate,After mandate,protective,Protective behaviour,United_States_after_mandate_protective,United States - After mandate - Protective behaviour,Isolation Ease: Neutral,0.009204357,42
XGBoost,United States,after_mandate,After mandate,protective,Protective behaviour,United_States_after_mandate_protective,United States - After mandate - Protective behaviour,State: Oklahoma,0.009064047,43
XGBoost,United States,after_mandate,After mandate,protective,Protective behaviour,United_States_after_mandate_protective,United States - After mandate - Protective behaviour,State: Texas,0.009049684,44
XGBoost,United States,after_mandate,After mandate,protective,Protective behaviour,United_States_after_mandate_protective,United States - After mandate - Protective behaviour,State: Illinois,0.008985688,45
XGBoost,United States,after_mandate,After mandate,protective,Protective behaviour,United_States_after_mandate_protective,United States - After mandate - Protective behaviour,Employment: Other,0.008983803,46
XGBoost,United States,after_mandate,After mandate,protective,Protective behaviour,United_States_after_mandate_protective,United States - After mandate - Protective behaviour,Gov Response: Somewhat Bad,0.008967469,47
XGBoost,United States,after_mandate,After mandate,protective,Protective behaviour,United_States_after_mandate_protective,United States - After mandate - Protective behaviour,State: Tennessee,0.0089191925,48
XGBoost,United States,after_mandate,After mandate,protective,Protective behaviour,United_States_after_mandate_protective,United States - After mandate - Protective behaviour,Isolation Ease: Somewhat Difficult,0.008838024,49
XGBoost,United States,after_mandate,After mandate,protective,Protective behaviour,United_States_after_mandate_protective,United States - After mandate - Protective behaviour,COVID Infection Risk,0.008817631,50
XGBoost,United States,after_mandate,After mandate,protective,Protective behaviour,United_States_after_mandate_protective,United States - After mandate - Protective behaviour,State: Maryland,0.008677749,51
XGBoost,United States,after_mandate,After mandate,protective,Protective behaviour,United_States_after_mandate_protective,United States - After mandate - Protective behaviour,State: Minnesota,0.008619747,52
XGBoost,United States,after_mandate,After mandate,protective,Protective behaviour,United_States_after_mandate_protective,United States - After mandate - Protective behaviour,State: Michigan,0.008530098,53
XGBoost,United States,after_mandate,After mandate,protective,Protective behaviour,United_States_after_mandate_protective,United States - After mandate - Protective behaviour,State: Rhode Island,0.008417042,54
XGBoost,United States,after_mandate,After mandate,protective,Protective behaviour,United_States_after_mandate_protective,United States - After mandate - Protective behaviour,State: South Carolina,0.008350697,55
XGBoost,United States,after_mandate,After mandate,protective,Protective behaviour,United_States_after_mandate_protective,United States - After mandate - Protective behaviour,State: Utah,0.008295034,56
XGBoost,United States,after_mandate,After mandate,protective,Protective behaviour,United_States_after_mandate_protective,United States - After mandate - Protective behaviour,Comorbidity: Yes,0.008254875,57
XGBoost,United States,after_mandate,After mandate,protective,Protective behaviour,United_States_after_mandate_protective,United States - After mandate - Protective behaviour,Household Size,0.008231669,58
XGBoost,United States,after_mandate,After mandate,protective,Protective behaviour,United_States_after_mandate_protective,United States - After mandate - Protective behaviour,Employment: Unemployed,0.008216903,59
XGBoost,United States,after_mandate,After mandate,protective,Protective behaviour,United_States_after_mandate_protective,United States - After mandate - Protective behaviour,State: Florida,0.008196097,60
XGBoost,United States,after_mandate,After mandate,protective,Protective behaviour,United_States_after_mandate_protective,United States - After mandate - Protective behaviour,State: Wisconsin,0.008163966,61
XGBoost,United States,after_mandate,After mandate,protective,Protective behaviour,United_States_after_mandate_protective,United States - After mandate - Protective behaviour,Confidence in the government: Low,0.008009957,62
XGBoost,United States,after_mandate,After mandate,protective,Protective behaviour,United_States_after_mandate_protective,United States - After mandate - Protective behaviour,State: Mississippi,0.007978396,63
XGBoost,United States,after_mandate,After mandate,protective,Protective behaviour,United_States_after_mandate_protective,United States - After mandate - Protective behaviour,State: Kentucky,0.007941326,64
XGBoost,United States,after_mandate,After mandate,protective,Protective behaviour,United_States_after_mandate_protective,United States - After mandate - Protective behaviour,Isolation Ease: Somewhat Easy,0.00784796,65
XGBoost,United States,after_mandate,After mandate,protective,Protective behaviour,United_States_after_mandate_protective,United States - After mandate - Protective behaviour,State: Indiana,0.0077840136,66
XGBoost,United States,after_mandate,After mandate,protective,Protective behaviour,United_States_after_mandate_protective,United States - After mandate - Protective behaviour,Employment: Retired,0.0077096904,67
XGBoost,United States,after_mandate,After mandate,protective,Protective behaviour,United_States_after_mandate_protective,United States - After mandate - Protective behaviour,Gov Response: Somewhat Good,0.007565334,68
XGBoost,United States,after_mandate,After mandate,protective,Protective behaviour,United_States_after_mandate_protective,United States - After mandate - Protective behaviour,State: Virginia,0.007049883,69
XGBoost,United States,after_mandate,After mandate,protective,Protective behaviour,United_States_after_mandate_protective,United States - After mandate - Protective behaviour,State: Colorado,0.007034358,70
XGBoost,United States,after_mandate,After mandate,protective,Protective behaviour,United_States_after_mandate_protective,United States - After mandate - Protective behaviour,State: Ohio,0.006877863,71
XGBoost,United States,after_mandate,After mandate,protective,Protective behaviour,United_States_after_mandate_protective,United States - After mandate - Protective behaviour,State: Missouri,0.0065681036,72
XGBoost,United States,after_mandate,After mandate,protective,Protective behaviour,United_States_after_mandate_protective,United States - After mandate - Protective behaviour,State: Oregon,0.0065491386,73
XGBoost,United States,after_mandate,After mandate,protective,Protective behaviour,United_States_after_mandate_protective,United States - After mandate - Protective behaviour,Is a male?,0.0063309586,74
XGBoost,United States,after_mandate,After mandate,protective,Protective behaviour,United_States_after_mandate_protective,United States - After mandate - Protective behaviour,State: North Carolina,0.005902537,75
XGBoost,United States,after_mandate,After mandate,protective,Protective behaviour,United_States_after_mandate_protective,United States - After mandate - Protective behaviour,State: Iowa,0.0057029477,76
XGBoost,United States,after_mandate,After mandate,protective,Protective behaviour,United_States_after_mandate_protective,United States - After mandate - Protective behaviour,State: Alaska,0.0053390875,77
XGBoost,United States,after_mandate,After mandate,protective,Protective behaviour,United_States_after_mandate_protective,United States - After mandate - Protective behaviour,State: Nevada,0.005080629,78
XGBoost,United States,after_mandate,After mandate,protective,Protective behaviour,United_States_after_mandate_protective,United States - After mandate - Protective behaviour,State: Connecticut,0.003972677,79
XGBoost,United States,after_mandate,After mandate,protective,Protective behaviour,United_States_after_mandate_protective,United States - After mandate - Protective behaviour,State: Maine,0.0,80
XGBoost,United States,after_mandate,After mandate,protective,Protective behaviour,United_States_after_mandate_protective,United States - After mandate - Protective behaviour,State: Kansas,0.0,81
XGBoost,United States,after_mandate,After mandate,protective,Protective behaviour,United_States_after_mandate_protective,United States - After mandate - Protective behaviour,State: Delaware,0.0,82
XGBoost,United States,after_mandate,After mandate,protective,Protective behaviour,United_States_after_mandate_protective,United States - After mandate - Protective behaviour,State: Georgia,0.0,83
XGBoost,United States,after_mandate,After mandate,protective,Protective behaviour,United_States_after_mandate_protective,United States - After mandate - Protective behaviour,State: Hawaii,0.0,84
XGBoost,United States,after_mandate,After mandate,protective,Protective behaviour,United_States_after_mandate_protective,United States - After mandate - Protective behaviour,State: Idaho,0.0,85
XGBoost,United States,after_mandate,After mandate,protective,Protective behaviour,United_States_after_mandate_protective,United States - After mandate - Protective behaviour,State: Wyoming,0.0,86
XGBoost,United States,after_mandate,After mandate,protective,Protective behaviour,United_States_after_mandate_protective,United States - After mandate - Protective behaviour,State: West Virginia,0.0,87
XGBoost,United States,after_mandate,After mandate,protective,Protective behaviour,United_States_after_mandate_protective,United States - After mandate - Protective behaviour,State: Vermont,0.0,88
XGBoost,United States,after_mandate,After mandate,protective,Protective behaviour,United_States_after_mandate_protective,United States - After mandate - Protective behaviour,State: Washington DC,0.0,89
XGBoost,United States,after_mandate,After mandate,protective,Protective behaviour,United_States_after_mandate_protective,United States - After mandate - Protective behaviour,State: South Dakota,0.0,90
XGBoost,United States,after_mandate,After mandate,protective,Protective behaviour,United_States_after_mandate_protective,United States - After mandate - Protective behaviour,State: Montana,0.0,91
XGBoost,United States,after_mandate,After mandate,protective,Protective behaviour,United_States_after_mandate_protective,United States - After mandate - Protective behaviour,State: New Mexico,0.0,92
XGBoost,United States,after_mandate,After mandate,protective,Protective behaviour,United_States_after_mandate_protective,United States - After mandate - Protective behaviour,State: North Dakota,0.0,93
