model,country,mandate_period,mandate_period_label,task_type,outcome,task_name,task_label,feature,importance,rank
Random Forest,Australia,before_mandate,Before mandate,mask,Face mask wearing,Australia_before_mandate_mask,Australia - Before mandate - Face mask wearing,Non-Mask Protective Behavior Score,0.15340487484510812,1
Random Forest,Australia,before_mandate,Before mandate,mask,Face mask wearing,Australia_before_mandate_mask,Australia - Before mandate - Face mask wearing,State: New South Wales,0.1417046168403445,2
Random Forest,Australia,before_mandate,Before mandate,mask,Face mask wearing,Australia_before_mandate_mask,Australia - Before mandate - Face mask wearing,Age,0.1052189778596273,3
Random Forest,Australia,before_mandate,Before mandate,mask,Face mask wearing,Australia_before_mandate_mask,Australia - Before mandate - Face mask wearing,Week,0.0908374065760093,4
Random Forest,Australia,before_mandate,Before mandate,mask,Face mask wearing,Australia_before_mandate_mask,Australia - Before mandate - Face mask wearing,Physical contact count (with stranger),0.07078575711767066,5
Random Forest,Australia,before_mandate,Before mandate,mask,Face mask wearing,Australia_before_mandate_mask,Australia - Before mandate - Face mask wearing,COVID Severity,0.060857603249441033,6
Random Forest,Australia,before_mandate,Before mandate,mask,Face mask wearing,Australia_before_mandate_mask,Australia - Before mandate - Face mask wearing,COVID Infection Risk,0.05910555909560878,7
Random Forest,Australia,before_mandate,Before mandate,mask,Face mask wearing,Australia_before_mandate_mask,Australia - Before mandate - Face mask wearing,Household Size,0.031722682793179476,8
Random Forest,Australia,before_mandate,Before mandate,mask,Face mask wearing,Australia_before_mandate_mask,Australia - Before mandate - Face mask wearing,Is a male?,0.013504388958756742,9
Random Forest,Australia,before_mandate,Before mandate,mask,Face mask wearing,Australia_before_mandate_mask,Australia - Before mandate - Face mask wearing,Comorbidity: Yes,0.012458099755586531,10
Random Forest,Australia,before_mandate,Before mandate,mask,Face mask wearing,Australia_before_mandate_mask,Australia - Before mandate - Face mask wearing,Confidence in the government: High,0.012200873737348157,11
Random Forest,Australia,before_mandate,Before mandate,mask,Face mask wearing,Australia_before_mandate_mask,Australia - Before mandate - Face mask wearing,Gov Response: Somewhat Good,0.011537128168199547,12
Random Forest,Australia,before_mandate,Before mandate,mask,Face mask wearing,Australia_before_mandate_mask,Australia - Before mandate - Face mask wearing,Isolation Willingness: Very Willing,0.01124635155666481,13
Random Forest,Australia,before_mandate,Before mandate,mask,Face mask wearing,Australia_before_mandate_mask,Australia - Before mandate - Face mask wearing,State: Queensland,0.010809842899139777,14
Random Forest,Australia,before_mandate,Before mandate,mask,Face mask wearing,Australia_before_mandate_mask,Australia - Before mandate - Face mask wearing,Gov Response: Very Good,0.010258458192520126,15
Random Forest,Australia,before_mandate,Before mandate,mask,Face mask wearing,Australia_before_mandate_mask,Australia - Before mandate - Face mask wearing,Employment: Part Time,0.010023564931831971,16
Random Forest,Australia,before_mandate,Before mandate,mask,Face mask wearing,Australia_before_mandate_mask,Australia - Before mandate - Face mask wearing,Symptom Isolation: Yes,0.009745849458843617,17
Random Forest,Australia,before_mandate,Before mandate,mask,Face mask wearing,Australia_before_mandate_mask,Australia - Before mandate - Face mask wearing,State: South Australia,0.009696013345962809,18
Random Forest,Australia,before_mandate,Before mandate,mask,Face mask wearing,Australia_before_mandate_mask,Australia - Before mandate - Face mask wearing,PHQ Anxiety: Several Days,0.009181288165810203,19
Random Forest,Australia,before_mandate,Before mandate,mask,Face mask wearing,Australia_before_mandate_mask,Australia - Before mandate - Face mask wearing,Comorbidity: No,0.009091915721127459,20
Random Forest,Australia,before_mandate,Before mandate,mask,Face mask wearing,Australia_before_mandate_mask,Australia - Before mandate - Face mask wearing,PHQ Low Interest: Several Days,0.008528206536354787,21
Random Forest,Australia,before_mandate,Before mandate,mask,Face mask wearing,Australia_before_mandate_mask,Australia - Before mandate - Face mask wearing,Employment: Not Working,0.008229556888884007,22
Random Forest,Australia,before_mandate,Before mandate,mask,Face mask wearing,Australia_before_mandate_mask,Australia - Before mandate - Face mask wearing,Employment: Retired,0.008117595029526466,23
Random Forest,Australia,before_mandate,Before mandate,mask,Face mask wearing,Australia_before_mandate_mask,Australia - Before mandate - Face mask wearing,PHQ Low Interest: Not At All,0.008056382857672935,24
Random Forest,Australia,before_mandate,Before mandate,mask,Face mask wearing,Australia_before_mandate_mask,Australia - Before mandate - Face mask wearing,PHQ Worry: Several Days,0.00784472021758505,25
Random Forest,Australia,before_mandate,Before mandate,mask,Face mask wearing,Australia_before_mandate_mask,Australia - Before mandate - Face mask wearing,PHQ Depressed: Not At All,0.007770400487150427,26
Random Forest,Australia,before_mandate,Before mandate,mask,Face mask wearing,Australia_before_mandate_mask,Australia - Before mandate - Face mask wearing,Symptom Isolation: No,0.007723299322122567,27
Random Forest,Australia,before_mandate,Before mandate,mask,Face mask wearing,Australia_before_mandate_mask,Australia - Before mandate - Face mask wearing,PHQ Worry: Not At All,0.007717607151289226,28
Random Forest,Australia,before_mandate,Before mandate,mask,Face mask wearing,Australia_before_mandate_mask,Australia - Before mandate - Face mask wearing,PHQ Depressed: Several Days,0.007550823483051328,29
Random Forest,Australia,before_mandate,Before mandate,mask,Face mask wearing,Australia_before_mandate_mask,Australia - Before mandate - Face mask wearing,PHQ Anxiety: Not At All,0.007539426725010075,30
Random Forest,Australia,before_mandate,Before mandate,mask,Face mask wearing,Australia_before_mandate_mask,Australia - Before mandate - Face mask wearing,State: Western Australia,0.007460909822256863,31
Random Forest,Australia,before_mandate,Before mandate,mask,Face mask wearing,Australia_before_mandate_mask,Australia - Before mandate - Face mask wearing,Isolation Willingness: Somewhat Willing,0.006996610928092532,32
Random Forest,Australia,before_mandate,Before mandate,mask,Face mask wearing,Australia_before_mandate_mask,Australia - Before mandate - Face mask wearing,Employment: Unemployed,0.005996289508060854,33
Random Forest,Australia,before_mandate,Before mandate,mask,Face mask wearing,Australia_before_mandate_mask,Australia - Before mandate - Face mask wearing,Gov Response: Somewhat Bad,0.005651353848994315,34
Random Forest,Australia,before_mandate,Before mandate,mask,Face mask wearing,Australia_before_mandate_mask,Australia - Before mandate - Face mask wearing,Confidence in the government: Low,0.005327404565912374,35
Random Forest,Australia,before_mandate,Before mandate,mask,Face mask wearing,Australia_before_mandate_mask,Australia - Before mandate - Face mask wearing,PHQ Worry: Daily,0.004342867344040118,36
Random Forest,Australia,before_mandate,Before mandate,mask,Face mask wearing,Australia_before_mandate_mask,Australia - Before mandate - Face mask wearing,PHQ Anxiety: Daily,0.004233897186841782,37
Random Forest,Australia,before_mandate,Before mandate,mask,Face mask wearing,Australia_before_mandate_mask,Australia - Before mandate - Face mask wearing,State: Tasmania,0.00410849197183419,38
Random Forest,Australia,before_mandate,Before mandate,mask,Face mask wearing,Australia_before_mandate_mask,Australia - Before mandate - Face mask wearing,Symptom Isolation: Unsure,0.0037106203258526877,39
Random Forest,Australia,before_mandate,Before mandate,mask,Face mask wearing,Australia_before_mandate_mask,Australia - Before mandate - Face mask wearing,PHQ Low Interest: Daily,0.0036999509379664047,40
Random Forest,Australia,before_mandate,Before mandate,mask,Face mask wearing,Australia_before_mandate_mask,Australia - Before mandate - Face mask wearing,PHQ Depressed: Daily,0.003531233634728661,41
Random Forest,Australia,before_mandate,Before mandate,mask,Face mask wearing,Australia_before_mandate_mask,Australia - Before mandate - Face mask wearing,Isolation Willingness: Neutral,0.003078958585535035,42
Random Forest,Australia,before_mandate,Before mandate,mask,Face mask wearing,Australia_before_mandate_mask,Australia - Before mandate - Face mask wearing,PHQ Depressed: N/A,0.0028296484588059842,43
Random Forest,Australia,before_mandate,Before mandate,mask,Face mask wearing,Australia_before_mandate_mask,Australia - Before mandate - Face mask wearing,PHQ Worry: N/A,0.002785403518122333,44
Random Forest,Australia,before_mandate,Before mandate,mask,Face mask wearing,Australia_before_mandate_mask,Australia - Before mandate - Face mask wearing,Gov Response: Very Bad,0.0025419732069958917,45
Random Forest,Australia,before_mandate,Before mandate,mask,Face mask wearing,Australia_before_mandate_mask,Australia - Before mandate - Face mask wearing,PHQ Low Interest: N/A,0.002436617803766137,46
Random Forest,Australia,before_mandate,Before mandate,mask,Face mask wearing,Australia_before_mandate_mask,Australia - Before mandate - Face mask wearing,PHQ Anxiety: N/A,0.002424287276433823,47
Random Forest,Australia,before_mandate,Before mandate,mask,Face mask wearing,Australia_before_mandate_mask,Australia - Before mandate - Face mask wearing,State: Victoria,0.001885687691283726,48
Random Forest,Australia,before_mandate,Before mandate,mask,Face mask wearing,Australia_before_mandate_mask,Australia - Before mandate - Face mask wearing,Confidence in the government: Unknown,0.0009640561016628482,49
Random Forest,Australia,before_mandate,Before mandate,mask,Face mask wearing,Australia_before_mandate_mask,Australia - Before mandate - Face mask wearing,Confidence in the government: None,0.0008655235202781789,50
Random Forest,Australia,before_mandate,Before mandate,mask,Face mask wearing,Australia_before_mandate_mask,Australia - Before mandate - Face mask wearing,Isolation Willingness: Somewhat Unwilling,0.0006027887508969537,51
Random Forest,Australia,before_mandate,Before mandate,mask,Face mask wearing,Australia_before_mandate_mask,Australia - Before mandate - Face mask wearing,Comorbidity: Prefer Not Say,0.0004627836112519609,52
Random Forest,Australia,before_mandate,Before mandate,mask,Face mask wearing,Australia_before_mandate_mask,Australia - Before mandate - Face mask wearing,Isolation Willingness: Very Unwilling,0.0003638582922562606,53
Random Forest,Australia,before_mandate,Before mandate,mask,Face mask wearing,Australia_before_mandate_mask,Australia - Before mandate - Face mask wearing,State: Northern Territory,0.0002940781268952056,54
Random Forest,Australia,before_mandate,Before mandate,mask,Face mask wearing,Australia_before_mandate_mask,Australia - Before mandate - Face mask wearing,PHQ Anxiety: Prefer Not Say,0.0002447613557044315,55
Random Forest,Australia,before_mandate,Before mandate,mask,Face mask wearing,Australia_before_mandate_mask,Australia - Before mandate - Face mask wearing,Isolation Willingness: Unsure,0.00024403095380948285,56
Random Forest,Australia,before_mandate,Before mandate,mask,Face mask wearing,Australia_before_mandate_mask,Australia - Before mandate - Face mask wearing,PHQ Depressed: Prefer Not Say,0.00019010496053963933,57
Random Forest,Australia,before_mandate,Before mandate,mask,Face mask wearing,Australia_before_mandate_mask,Australia - Before mandate - Face mask wearing,PHQ Worry: Prefer Not Say,0.00015230026458449737,58
Random Forest,Australia,before_mandate,Before mandate,mask,Face mask wearing,Australia_before_mandate_mask,Australia - Before mandate - Face mask wearing,PHQ Low Interest: Prefer Not Say,0.00010423547916912045,59
Random Forest,Australia,before_mandate,Before mandate,protective,Protective behaviour,Australia_before_mandate_protective,Australia - Before mandate - Protective behaviour,Physical contact count (with stranger),0.22129597103331797,1
Random Forest,Australia,before_mandate,Before mandate,protective,Protective behaviour,Australia_before_mandate_protective,Australia - Before mandate - Protective behaviour,COVID Severity,0.1475559442003141,2
Random Forest,Australia,before_mandate,Before mandate,protective,Protective behaviour,Australia_before_mandate_protective,Australia - Before mandate - Protective behaviour,Week,0.07545202808322898,3
Random Forest,Australia,before_mandate,Before mandate,protective,Protective behaviour,Australia_before_mandate_protective,Australia - Before mandate - Protective behaviour,Age,0.06437075760370412,4
Random Forest,Australia,before_mandate,Before mandate,protective,Protective behaviour,Australia_before_mandate_protective,Australia - Before mandate - Protective behaviour,COVID Infection Risk,0.04970718074581542,5
Random Forest,Australia,before_mandate,Before mandate,protective,Protective behaviour,Australia_before_mandate_protective,Australia - Before mandate - Protective behaviour,State: New South Wales,0.03588668523802477,6
Random Forest,Australia,before_mandate,Before mandate,protective,Protective behaviour,Australia_before_mandate_protective,Australia - Before mandate - Protective behaviour,Household Size,0.03164527022366236,7
Random Forest,Australia,before_mandate,Before mandate,protective,Protective behaviour,Australia_before_mandate_protective,Australia - Before mandate - Protective behaviour,Symptom Isolation: Yes,0.02562611867035295,8
Random Forest,Australia,before_mandate,Before mandate,protective,Protective behaviour,Australia_before_mandate_protective,Australia - Before mandate - Protective behaviour,Isolation Willingness: Very Willing,0.02238367962301106,9
Random Forest,Australia,before_mandate,Before mandate,protective,Protective behaviour,Australia_before_mandate_protective,Australia - Before mandate - Protective behaviour,Symptom Isolation: Unsure,0.016735637562937982,10
Random Forest,Australia,before_mandate,Before mandate,protective,Protective behaviour,Australia_before_mandate_protective,Australia - Before mandate - Protective behaviour,State: Western Australia,0.01547542467920248,11
Random Forest,Australia,before_mandate,Before mandate,protective,Protective behaviour,Australia_before_mandate_protective,Australia - Before mandate - Protective behaviour,Is a male?,0.013960090342108631,12
Random Forest,Australia,before_mandate,Before mandate,protective,Protective behaviour,Australia_before_mandate_protective,Australia - Before mandate - Protective behaviour,Employment: Part Time,0.011115562001566902,13
Random Forest,Australia,before_mandate,Before mandate,protective,Protective behaviour,Australia_before_mandate_protective,Australia - Before mandate - Protective behaviour,State: Victoria,0.010871031306382542,14
Random Forest,Australia,before_mandate,Before mandate,protective,Protective behaviour,Australia_before_mandate_protective,Australia - Before mandate - Protective behaviour,Confidence in the government: High,0.010747523301548158,15
Random Forest,Australia,before_mandate,Before mandate,protective,Protective behaviour,Australia_before_mandate_protective,Australia - Before mandate - Protective behaviour,Gov Response: Somewhat Good,0.010300236107190908,16
Random Forest,Australia,before_mandate,Before mandate,protective,Protective behaviour,Australia_before_mandate_protective,Australia - Before mandate - Protective behaviour,Comorbidity: No,0.010278384267212694,17
Random Forest,Australia,before_mandate,Before mandate,protective,Protective behaviour,Australia_before_mandate_protective,Australia - Before mandate - Protective behaviour,Comorbidity: Yes,0.009986713572498977,18
Random Forest,Australia,before_mandate,Before mandate,protective,Protective behaviour,Australia_before_mandate_protective,Australia - Before mandate - Protective behaviour,Gov Response: Very Good,0.009728543560852081,19
Random Forest,Australia,before_mandate,Before mandate,protective,Protective behaviour,Australia_before_mandate_protective,Australia - Before mandate - Protective behaviour,State: South Australia,0.009709082830767799,20
Random Forest,Australia,before_mandate,Before mandate,protective,Protective behaviour,Australia_before_mandate_protective,Australia - Before mandate - Protective behaviour,PHQ Worry: Not At All,0.009205053600682656,21
Random Forest,Australia,before_mandate,Before mandate,protective,Protective behaviour,Australia_before_mandate_protective,Australia - Before mandate - Protective behaviour,PHQ Low Interest: Not At All,0.009083241012168682,22
Random Forest,Australia,before_mandate,Before mandate,protective,Protective behaviour,Australia_before_mandate_protective,Australia - Before mandate - Protective behaviour,Employment: Unemployed,0.009044964874768982,23
Random Forest,Australia,before_mandate,Before mandate,protective,Protective behaviour,Australia_before_mandate_protective,Australia - Before mandate - Protective behaviour,PHQ Anxiety: Several Days,0.008681517192408714,24
Random Forest,Australia,before_mandate,Before mandate,protective,Protective behaviour,Australia_before_mandate_protective,Australia - Before mandate - Protective behaviour,PHQ Worry: Several Days,0.008547354181580362,25
Random Forest,Australia,before_mandate,Before mandate,protective,Protective behaviour,Australia_before_mandate_protective,Australia - Before mandate - Protective behaviour,PHQ Low Interest: Several Days,0.008427543282247003,26
Random Forest,Australia,before_mandate,Before mandate,protective,Protective behaviour,Australia_before_mandate_protective,Australia - Before mandate - Protective behaviour,PHQ Depressed: Several Days,0.00832484969572616,27
Random Forest,Australia,before_mandate,Before mandate,protective,Protective behaviour,Australia_before_mandate_protective,Australia - Before mandate - Protective behaviour,PHQ Anxiety: Not At All,0.008138573147287735,28
Random Forest,Australia,before_mandate,Before mandate,protective,Protective behaviour,Australia_before_mandate_protective,Australia - Before mandate - Protective behaviour,Symptom Isolation: No,0.008128160236819433,29
Random Forest,Australia,before_mandate,Before mandate,protective,Protective behaviour,Australia_before_mandate_protective,Australia - Before mandate - Protective behaviour,Isolation Willingness: Somewhat Willing,0.008075848525675852,30
Random Forest,Australia,before_mandate,Before mandate,protective,Protective behaviour,Australia_before_mandate_protective,Australia - Before mandate - Protective behaviour,PHQ Low Interest: Daily,0.007942620091176553,31
Random Forest,Australia,before_mandate,Before mandate,protective,Protective behaviour,Australia_before_mandate_protective,Australia - Before mandate - Protective behaviour,PHQ Depressed: Not At All,0.007867691763198802,32
Random Forest,Australia,before_mandate,Before mandate,protective,Protective behaviour,Australia_before_mandate_protective,Australia - Before mandate - Protective behaviour,State: Queensland,0.007773502124940218,33
Random Forest,Australia,before_mandate,Before mandate,protective,Protective behaviour,Australia_before_mandate_protective,Australia - Before mandate - Protective behaviour,Isolation Willingness: Neutral,0.0077647532390981875,34
Random Forest,Australia,before_mandate,Before mandate,protective,Protective behaviour,Australia_before_mandate_protective,Australia - Before mandate - Protective behaviour,Employment: Retired,0.00756253744356178,35
Random Forest,Australia,before_mandate,Before mandate,protective,Protective behaviour,Australia_before_mandate_protective,Australia - Before mandate - Protective behaviour,PHQ Worry: Daily,0.006665716225453448,36
Random Forest,Australia,before_mandate,Before mandate,protective,Protective behaviour,Australia_before_mandate_protective,Australia - Before mandate - Protective behaviour,PHQ Anxiety: Daily,0.006402709936313655,37
Random Forest,Australia,before_mandate,Before mandate,protective,Protective behaviour,Australia_before_mandate_protective,Australia - Before mandate - Protective behaviour,Employment: Not Working,0.006260898168797568,38
Random Forest,Australia,before_mandate,Before mandate,protective,Protective behaviour,Australia_before_mandate_protective,Australia - Before mandate - Protective behaviour,Gov Response: Somewhat Bad,0.006215298938201486,39
Random Forest,Australia,before_mandate,Before mandate,protective,Protective behaviour,Australia_before_mandate_protective,Australia - Before mandate - Protective behaviour,Confidence in the government: Low,0.006166419671030473,40
Random Forest,Australia,before_mandate,Before mandate,protective,Protective behaviour,Australia_before_mandate_protective,Australia - Before mandate - Protective behaviour,PHQ Depressed: Daily,0.005170736810319277,41
Random Forest,Australia,before_mandate,Before mandate,protective,Protective behaviour,Australia_before_mandate_protective,Australia - Before mandate - Protective behaviour,Isolation Willingness: Very Unwilling,0.004647478047040921,42
Random Forest,Australia,before_mandate,Before mandate,protective,Protective behaviour,Australia_before_mandate_protective,Australia - Before mandate - Protective behaviour,Gov Response: Very Bad,0.0037324051024736284,43
Random Forest,Australia,before_mandate,Before mandate,protective,Protective behaviour,Australia_before_mandate_protective,Australia - Before mandate - Protective behaviour,State: Tasmania,0.003630004652647158,44
Random Forest,Australia,before_mandate,Before mandate,protective,Protective behaviour,Australia_before_mandate_protective,Australia - Before mandate - Protective behaviour,PHQ Depressed: N/A,0.0032412073559306117,45
Random Forest,Australia,before_mandate,Before mandate,protective,Protective behaviour,Australia_before_mandate_protective,Australia - Before mandate - Protective behaviour,PHQ Worry: N/A,0.00314598254832264,46
Random Forest,Australia,before_mandate,Before mandate,protective,Protective behaviour,Australia_before_mandate_protective,Australia - Before mandate - Protective behaviour,PHQ Anxiety: N/A,0.0030972177425515435,47
Random Forest,Australia,before_mandate,Before mandate,protective,Protective behaviour,Australia_before_mandate_protective,Australia - Before mandate - Protective behaviour,PHQ Low Interest: N/A,0.00273943193435518,48
Random Forest,Australia,before_mandate,Before mandate,protective,Protective behaviour,Australia_before_mandate_protective,Australia - Before mandate - Protective behaviour,Isolation Willingness: Somewhat Unwilling,0.0025177772448764777,49
Random Forest,Australia,before_mandate,Before mandate,protective,Protective behaviour,Australia_before_mandate_protective,Australia - Before mandate - Protective behaviour,Confidence in the government: Unknown,0.0023090251058020483,50
Random Forest,Australia,before_mandate,Before mandate,protective,Protective behaviour,Australia_before_mandate_protective,Australia - Before mandate - Protective behaviour,Confidence in the government: None,0.0018568186487786377,51
Random Forest,Australia,before_mandate,Before mandate,protective,Protective behaviour,Australia_before_mandate_protective,Australia - Before mandate - Protective behaviour,State: Northern Territory,0.0011693058765291507,52
Random Forest,Australia,before_mandate,Before mandate,protective,Protective behaviour,Australia_before_mandate_protective,Australia - Before mandate - Protective behaviour,Isolation Willingness: Unsure,0.0010344969743087168,53
Random Forest,Australia,before_mandate,Before mandate,protective,Protective behaviour,Australia_before_mandate_protective,Australia - Before mandate - Protective behaviour,PHQ Depressed: Prefer Not Say,0.0007283915070324747,54
Random Forest,Australia,before_mandate,Before mandate,protective,Protective behaviour,Australia_before_mandate_protective,Australia - Before mandate - Protective behaviour,Comorbidity: Prefer Not Say,0.0007092785141430822,55
Random Forest,Australia,before_mandate,Before mandate,protective,Protective behaviour,Australia_before_mandate_protective,Australia - Before mandate - Protective behaviour,PHQ Worry: Prefer Not Say,0.0004969319916476982,56
Random Forest,Australia,before_mandate,Before mandate,protective,Protective behaviour,Australia_before_mandate_protective,Australia - Before mandate - Protective behaviour,PHQ Anxiety: Prefer Not Say,0.0003595797409762518,57
Random Forest,Australia,before_mandate,Before mandate,protective,Protective behaviour,Australia_before_mandate_protective,Australia - Before mandate - Protective behaviour,PHQ Low Interest: Prefer Not Say,0.0003028118974259348,58
Random Forest,Australia,after_mandate,After mandate,mask,Face mask wearing,Australia_after_mandate_mask,Australia - After mandate - Face mask wearing,Non-Mask Protective Behavior Score,0.21705602427963203,1
Random Forest,Australia,after_mandate,After mandate,mask,Face mask wearing,Australia_after_mandate_mask,Australia - After mandate - Face mask wearing,Week,0.18244829217438868,2
Random Forest,Australia,after_mandate,After mandate,mask,Face mask wearing,Australia_after_mandate_mask,Australia - After mandate - Face mask wearing,State: Queensland,0.07699263588652418,3
Random Forest,Australia,after_mandate,After mandate,mask,Face mask wearing,Australia_after_mandate_mask,Australia - After mandate - Face mask wearing,State: Western Australia,0.07125378779206332,4
Random Forest,Australia,after_mandate,After mandate,mask,Face mask wearing,Australia_after_mandate_mask,Australia - After mandate - Face mask wearing,Age,0.056256418978150924,5
Random Forest,Australia,after_mandate,After mandate,mask,Face mask wearing,Australia_after_mandate_mask,Australia - After mandate - Face mask wearing,Physical contact count (with stranger),0.039387176736524976,6
Random Forest,Australia,after_mandate,After mandate,mask,Face mask wearing,Australia_after_mandate_mask,Australia - After mandate - Face mask wearing,COVID Severity,0.031770914761100756,7
Random Forest,Australia,after_mandate,After mandate,mask,Face mask wearing,Australia_after_mandate_mask,Australia - After mandate - Face mask wearing,COVID Infection Risk,0.03108728713135691,8
Random Forest,Australia,after_mandate,After mandate,mask,Face mask wearing,Australia_after_mandate_mask,Australia - After mandate - Face mask wearing,State: New South Wales,0.029201860261637996,9
Random Forest,Australia,after_mandate,After mandate,mask,Face mask wearing,Australia_after_mandate_mask,Australia - After mandate - Face mask wearing,State: Victoria,0.029035416898834435,10
Random Forest,Australia,after_mandate,After mandate,mask,Face mask wearing,Australia_after_mandate_mask,Australia - After mandate - Face mask wearing,Household Size,0.024003357489553068,11
Random Forest,Australia,after_mandate,After mandate,mask,Face mask wearing,Australia_after_mandate_mask,Australia - After mandate - Face mask wearing,Isolation Willingness: Very Willing,0.021544245825701747,12
Random Forest,Australia,after_mandate,After mandate,mask,Face mask wearing,Australia_after_mandate_mask,Australia - After mandate - Face mask wearing,State: Tasmania,0.018735648899460788,13
Random Forest,Australia,after_mandate,After mandate,mask,Face mask wearing,Australia_after_mandate_mask,Australia - After mandate - Face mask wearing,State: South Australia,0.011728855461151665,14
Random Forest,Australia,after_mandate,After mandate,mask,Face mask wearing,Australia_after_mandate_mask,Australia - After mandate - Face mask wearing,Symptom Isolation: Yes,0.00965246736078241,15
Random Forest,Australia,after_mandate,After mandate,mask,Face mask wearing,Australia_after_mandate_mask,Australia - After mandate - Face mask wearing,Is a male?,0.008486423307581611,16
Random Forest,Australia,after_mandate,After mandate,mask,Face mask wearing,Australia_after_mandate_mask,Australia - After mandate - Face mask wearing,Gov Response: Somewhat Good,0.006484411771214395,17
Random Forest,Australia,after_mandate,After mandate,mask,Face mask wearing,Australia_after_mandate_mask,Australia - After mandate - Face mask wearing,Confidence in the government: High,0.006162910577257067,18
Random Forest,Australia,after_mandate,After mandate,mask,Face mask wearing,Australia_after_mandate_mask,Australia - After mandate - Face mask wearing,Employment: Part Time,0.005507735502693566,19
Random Forest,Australia,after_mandate,After mandate,mask,Face mask wearing,Australia_after_mandate_mask,Australia - After mandate - Face mask wearing,Confidence in the government: None,0.0054357685263166965,20
Random Forest,Australia,after_mandate,After mandate,mask,Face mask wearing,Australia_after_mandate_mask,Australia - After mandate - Face mask wearing,Comorbidity: Yes,0.005107125539155634,21
Random Forest,Australia,after_mandate,After mandate,mask,Face mask wearing,Australia_after_mandate_mask,Australia - After mandate - Face mask wearing,Isolation Willingness: Neutral,0.005011237571203015,22
Random Forest,Australia,after_mandate,After mandate,mask,Face mask wearing,Australia_after_mandate_mask,Australia - After mandate - Face mask wearing,Gov Response: Very Good,0.004993175750044777,23
Random Forest,Australia,after_mandate,After mandate,mask,Face mask wearing,Australia_after_mandate_mask,Australia - After mandate - Face mask wearing,Isolation Willingness: Somewhat Willing,0.004860937528528709,24
Random Forest,Australia,after_mandate,After mandate,mask,Face mask wearing,Australia_after_mandate_mask,Australia - After mandate - Face mask wearing,PHQ Depressed: Not At All,0.0048487152693678995,25
Random Forest,Australia,after_mandate,After mandate,mask,Face mask wearing,Australia_after_mandate_mask,Australia - After mandate - Face mask wearing,PHQ Anxiety: Several Days,0.004525345437925756,26
Random Forest,Australia,after_mandate,After mandate,mask,Face mask wearing,Australia_after_mandate_mask,Australia - After mandate - Face mask wearing,Gov Response: Very Bad,0.004523625502121517,27
Random Forest,Australia,after_mandate,After mandate,mask,Face mask wearing,Australia_after_mandate_mask,Australia - After mandate - Face mask wearing,Comorbidity: No,0.004522378284184809,28
Random Forest,Australia,after_mandate,After mandate,mask,Face mask wearing,Australia_after_mandate_mask,Australia - After mandate - Face mask wearing,PHQ Low Interest: Not At All,0.004464087070892939,29
Random Forest,Australia,after_mandate,After mandate,mask,Face mask wearing,Australia_after_mandate_mask,Australia - After mandate - Face mask wearing,PHQ Depressed: Several Days,0.004461338629005652,30
Random Forest,Australia,after_mandate,After mandate,mask,Face mask wearing,Australia_after_mandate_mask,Australia - After mandate - Face mask wearing,Confidence in the government: Low,0.004439230560850066,31
Random Forest,Australia,after_mandate,After mandate,mask,Face mask wearing,Australia_after_mandate_mask,Australia - After mandate - Face mask wearing,PHQ Worry: Not At All,0.004407244589977292,32
Random Forest,Australia,after_mandate,After mandate,mask,Face mask wearing,Australia_after_mandate_mask,Australia - After mandate - Face mask wearing,Symptom Isolation: Unsure,0.004292762814669871,33
Random Forest,Australia,after_mandate,After mandate,mask,Face mask wearing,Australia_after_mandate_mask,Australia - After mandate - Face mask wearing,PHQ Low Interest: Several Days,0.004253135734570792,34
Random Forest,Australia,after_mandate,After mandate,mask,Face mask wearing,Australia_after_mandate_mask,Australia - After mandate - Face mask wearing,Gov Response: Somewhat Bad,0.004209013138181874,35
Random Forest,Australia,after_mandate,After mandate,mask,Face mask wearing,Australia_after_mandate_mask,Australia - After mandate - Face mask wearing,PHQ Worry: Several Days,0.004190467818523414,36
Random Forest,Australia,after_mandate,After mandate,mask,Face mask wearing,Australia_after_mandate_mask,Australia - After mandate - Face mask wearing,Employment: Retired,0.004024914953791606,37
Random Forest,Australia,after_mandate,After mandate,mask,Face mask wearing,Australia_after_mandate_mask,Australia - After mandate - Face mask wearing,PHQ Anxiety: Not At All,0.0039047972099383807,38
Random Forest,Australia,after_mandate,After mandate,mask,Face mask wearing,Australia_after_mandate_mask,Australia - After mandate - Face mask wearing,Symptom Isolation: No,0.003858594210013944,39
Random Forest,Australia,after_mandate,After mandate,mask,Face mask wearing,Australia_after_mandate_mask,Australia - After mandate - Face mask wearing,State: Northern Territory,0.003787456306723021,40
Random Forest,Australia,after_mandate,After mandate,mask,Face mask wearing,Australia_after_mandate_mask,Australia - After mandate - Face mask wearing,Employment: Not Working,0.003683894787550589,41
Random Forest,Australia,after_mandate,After mandate,mask,Face mask wearing,Australia_after_mandate_mask,Australia - After mandate - Face mask wearing,Employment: Unemployed,0.0032702138828582007,42
Random Forest,Australia,after_mandate,After mandate,mask,Face mask wearing,Australia_after_mandate_mask,Australia - After mandate - Face mask wearing,PHQ Low Interest: Daily,0.0023318567381741115,43
Random Forest,Australia,after_mandate,After mandate,mask,Face mask wearing,Australia_after_mandate_mask,Australia - After mandate - Face mask wearing,PHQ Anxiety: Daily,0.002239521314172581,44
Random Forest,Australia,after_mandate,After mandate,mask,Face mask wearing,Australia_after_mandate_mask,Australia - After mandate - Face mask wearing,PHQ Worry: Daily,0.0020496748077814693,45
Random Forest,Australia,after_mandate,After mandate,mask,Face mask wearing,Australia_after_mandate_mask,Australia - After mandate - Face mask wearing,PHQ Depressed: N/A,0.002041363357544684,46
Random Forest,Australia,after_mandate,After mandate,mask,Face mask wearing,Australia_after_mandate_mask,Australia - After mandate - Face mask wearing,PHQ Anxiety: N/A,0.0020320897999132133,47
Random Forest,Australia,after_mandate,After mandate,mask,Face mask wearing,Australia_after_mandate_mask,Australia - After mandate - Face mask wearing,PHQ Depressed: Daily,0.0020018447701982086,48
Random Forest,Australia,after_mandate,After mandate,mask,Face mask wearing,Australia_after_mandate_mask,Australia - After mandate - Face mask wearing,Isolation Willingness: Very Unwilling,0.0016966893335436883,49
Random Forest,Australia,after_mandate,After mandate,mask,Face mask wearing,Australia_after_mandate_mask,Australia - After mandate - Face mask wearing,PHQ Low Interest: N/A,0.0016039059290067024,50
Random Forest,Australia,after_mandate,After mandate,mask,Face mask wearing,Australia_after_mandate_mask,Australia - After mandate - Face mask wearing,PHQ Worry: N/A,0.0015848318994532914,51
Random Forest,Australia,after_mandate,After mandate,mask,Face mask wearing,Australia_after_mandate_mask,Australia - After mandate - Face mask wearing,Isolation Willingness: Somewhat Unwilling,0.001373520131752186,52
Random Forest,Australia,after_mandate,After mandate,mask,Face mask wearing,Australia_after_mandate_mask,Australia - After mandate - Face mask wearing,Confidence in the government: Unknown,0.0010835186025899216,53
Random Forest,Australia,after_mandate,After mandate,mask,Face mask wearing,Australia_after_mandate_mask,Australia - After mandate - Face mask wearing,Isolation Willingness: Unsure,0.0008466801065013412,54
Random Forest,Australia,after_mandate,After mandate,mask,Face mask wearing,Australia_after_mandate_mask,Australia - After mandate - Face mask wearing,Comorbidity: Prefer Not Say,0.0006307444843052793,55
Random Forest,Australia,after_mandate,After mandate,mask,Face mask wearing,Australia_after_mandate_mask,Australia - After mandate - Face mask wearing,PHQ Depressed: Prefer Not Say,0.00023068188621658918,56
Random Forest,Australia,after_mandate,After mandate,mask,Face mask wearing,Australia_after_mandate_mask,Australia - After mandate - Face mask wearing,PHQ Worry: Prefer Not Say,0.0001814599355241294,57
Random Forest,Australia,after_mandate,After mandate,mask,Face mask wearing,Australia_after_mandate_mask,Australia - After mandate - Face mask wearing,PHQ Low Interest: Prefer Not Say,0.0001017330966891678,58
Random Forest,Australia,after_mandate,After mandate,mask,Face mask wearing,Australia_after_mandate_mask,Australia - After mandate - Face mask wearing,PHQ Anxiety: Prefer Not Say,9.855159462645306e-05,59
Random Forest,Australia,after_mandate,After mandate,protective,Protective behaviour,Australia_after_mandate_protective,Australia - After mandate - Protective behaviour,Physical contact count (with stranger),0.1738029579376945,1
Random Forest,Australia,after_mandate,After mandate,protective,Protective behaviour,Australia_after_mandate_protective,Australia - After mandate - Protective behaviour,Week,0.13536235172103084,2
Random Forest,Australia,after_mandate,After mandate,protective,Protective behaviour,Australia_after_mandate_protective,Australia - After mandate - Protective behaviour,COVID Severity,0.1086077071268885,3
Random Forest,Australia,after_mandate,After mandate,protective,Protective behaviour,Australia_after_mandate_protective,Australia - After mandate - Protective behaviour,Age,0.08762644280119403,4
Random Forest,Australia,after_mandate,After mandate,protective,Protective behaviour,Australia_after_mandate_protective,Australia - After mandate - Protective behaviour,COVID Infection Risk,0.04580287745368634,5
Random Forest,Australia,after_mandate,After mandate,protective,Protective behaviour,Australia_after_mandate_protective,Australia - After mandate - Protective behaviour,Isolation Willingness: Very Willing,0.03881452093716271,6
Random Forest,Australia,after_mandate,After mandate,protective,Protective behaviour,Australia_after_mandate_protective,Australia - After mandate - Protective behaviour,Household Size,0.03427453441063484,7
Random Forest,Australia,after_mandate,After mandate,protective,Protective behaviour,Australia_after_mandate_protective,Australia - After mandate - Protective behaviour,State: Western Australia,0.02802597994782748,8
Random Forest,Australia,after_mandate,After mandate,protective,Protective behaviour,Australia_after_mandate_protective,Australia - After mandate - Protective behaviour,State: New South Wales,0.020306401668951157,9
Random Forest,Australia,after_mandate,After mandate,protective,Protective behaviour,Australia_after_mandate_protective,Australia - After mandate - Protective behaviour,State: Victoria,0.019571308886505483,10
Random Forest,Australia,after_mandate,After mandate,protective,Protective behaviour,Australia_after_mandate_protective,Australia - After mandate - Protective behaviour,Symptom Isolation: Yes,0.019043822574753254,11
Random Forest,Australia,after_mandate,After mandate,protective,Protective behaviour,Australia_after_mandate_protective,Australia - After mandate - Protective behaviour,State: Queensland,0.0180258473710752,12
Random Forest,Australia,after_mandate,After mandate,protective,Protective behaviour,Australia_after_mandate_protective,Australia - After mandate - Protective behaviour,Is a male?,0.01578001815552365,13
Random Forest,Australia,after_mandate,After mandate,protective,Protective behaviour,Australia_after_mandate_protective,Australia - After mandate - Protective behaviour,Gov Response: Somewhat Good,0.013358141015358406,14
Random Forest,Australia,after_mandate,After mandate,protective,Protective behaviour,Australia_after_mandate_protective,Australia - After mandate - Protective behaviour,Employment: Part Time,0.011622324316424279,15
Random Forest,Australia,after_mandate,After mandate,protective,Protective behaviour,Australia_after_mandate_protective,Australia - After mandate - Protective behaviour,Comorbidity: No,0.010172380917290107,16
Random Forest,Australia,after_mandate,After mandate,protective,Protective behaviour,Australia_after_mandate_protective,Australia - After mandate - Protective behaviour,Comorbidity: Yes,0.010150604693959201,17
Random Forest,Australia,after_mandate,After mandate,protective,Protective behaviour,Australia_after_mandate_protective,Australia - After mandate - Protective behaviour,Symptom Isolation: Unsure,0.009983761086620847,18
Random Forest,Australia,after_mandate,After mandate,protective,Protective behaviour,Australia_after_mandate_protective,Australia - After mandate - Protective behaviour,PHQ Low Interest: Not At All,0.00939483212967367,19
Random Forest,Australia,after_mandate,After mandate,protective,Protective behaviour,Australia_after_mandate_protective,Australia - After mandate - Protective behaviour,Confidence in the government: High,0.00926821379810366,20
Random Forest,Australia,after_mandate,After mandate,protective,Protective behaviour,Australia_after_mandate_protective,Australia - After mandate - Protective behaviour,Gov Response: Somewhat Bad,0.00924321917266214,21
Random Forest,Australia,after_mandate,After mandate,protective,Protective behaviour,Australia_after_mandate_protective,Australia - After mandate - Protective behaviour,PHQ Anxiety: Several Days,0.009132121234730974,22
Random Forest,Australia,after_mandate,After mandate,protective,Protective behaviour,Australia_after_mandate_protective,Australia - After mandate - Protective behaviour,PHQ Low Interest: Several Days,0.008963511908721201,23
Random Forest,Australia,after_mandate,After mandate,protective,Protective behaviour,Australia_after_mandate_protective,Australia - After mandate - Protective behaviour,PHQ Worry: Not At All,0.008888115286810388,24
Random Forest,Australia,after_mandate,After mandate,protective,Protective behaviour,Australia_after_mandate_protective,Australia - After mandate - Protective behaviour,PHQ Depressed: Not At All,0.008751015922348282,25
Random Forest,Australia,after_mandate,After mandate,protective,Protective behaviour,Australia_after_mandate_protective,Australia - After mandate - Protective behaviour,PHQ Depressed: Several Days,0.008492105672856815,26
Random Forest,Australia,after_mandate,After mandate,protective,Protective behaviour,Australia_after_mandate_protective,Australia - After mandate - Protective behaviour,Confidence in the government: Low,0.008391872978171495,27
Random Forest,Australia,after_mandate,After mandate,protective,Protective behaviour,Australia_after_mandate_protective,Australia - After mandate - Protective behaviour,PHQ Anxiety: Not At All,0.00814307334748071,28
Random Forest,Australia,after_mandate,After mandate,protective,Protective behaviour,Australia_after_mandate_protective,Australia - After mandate - Protective behaviour,Gov Response: Very Good,0.008010190328733664,29
Random Forest,Australia,after_mandate,After mandate,protective,Protective behaviour,Australia_after_mandate_protective,Australia - After mandate - Protective behaviour,Isolation Willingness: Somewhat Willing,0.008002317282138531,30
Random Forest,Australia,after_mandate,After mandate,protective,Protective behaviour,Australia_after_mandate_protective,Australia - After mandate - Protective behaviour,PHQ Worry: Several Days,0.007955782222310364,31
Random Forest,Australia,after_mandate,After mandate,protective,Protective behaviour,Australia_after_mandate_protective,Australia - After mandate - Protective behaviour,Employment: Retired,0.007688689653364579,32
Random Forest,Australia,after_mandate,After mandate,protective,Protective behaviour,Australia_after_mandate_protective,Australia - After mandate - Protective behaviour,Gov Response: Very Bad,0.006990379476973225,33
Random Forest,Australia,after_mandate,After mandate,protective,Protective behaviour,Australia_after_mandate_protective,Australia - After mandate - Protective behaviour,Symptom Isolation: No,0.0065202586316610665,34
Random Forest,Australia,after_mandate,After mandate,protective,Protective behaviour,Australia_after_mandate_protective,Australia - After mandate - Protective behaviour,Employment: Not Working,0.0059949007136409285,35
Random Forest,Australia,after_mandate,After mandate,protective,Protective behaviour,Australia_after_mandate_protective,Australia - After mandate - Protective behaviour,Isolation Willingness: Neutral,0.005488939388820448,36
Random Forest,Australia,after_mandate,After mandate,protective,Protective behaviour,Australia_after_mandate_protective,Australia - After mandate - Protective behaviour,Employment: Unemployed,0.005201207446819317,37
Random Forest,Australia,after_mandate,After mandate,protective,Protective behaviour,Australia_after_mandate_protective,Australia - After mandate - Protective behaviour,PHQ Low Interest: Daily,0.00451273931001152,38
Random Forest,Australia,after_mandate,After mandate,protective,Protective behaviour,Australia_after_mandate_protective,Australia - After mandate - Protective behaviour,Confidence in the government: None,0.004215013894231021,39
Random Forest,Australia,after_mandate,After mandate,protective,Protective behaviour,Australia_after_mandate_protective,Australia - After mandate - Protective behaviour,PHQ Anxiety: Daily,0.00400823483285657,40
Random Forest,Australia,after_mandate,After mandate,protective,Protective behaviour,Australia_after_mandate_protective,Australia - After mandate - Protective behaviour,State: South Australia,0.0039809777268609466,41
Random Forest,Australia,after_mandate,After mandate,protective,Protective behaviour,Australia_after_mandate_protective,Australia - After mandate - Protective behaviour,PHQ Depressed: Daily,0.0036628793477447835,42
Random Forest,Australia,after_mandate,After mandate,protective,Protective behaviour,Australia_after_mandate_protective,Australia - After mandate - Protective behaviour,PHQ Worry: Daily,0.0035841890856425705,43
Random Forest,Australia,after_mandate,After mandate,protective,Protective behaviour,Australia_after_mandate_protective,Australia - After mandate - Protective behaviour,Isolation Willingness: Very Unwilling,0.0033008928432304487,44
Random Forest,Australia,after_mandate,After mandate,protective,Protective behaviour,Australia_after_mandate_protective,Australia - After mandate - Protective behaviour,PHQ Anxiety: N/A,0.0032904862078215664,45
Random Forest,Australia,after_mandate,After mandate,protective,Protective behaviour,Australia_after_mandate_protective,Australia - After mandate - Protective behaviour,PHQ Worry: N/A,0.003281528015996484,46
Random Forest,Australia,after_mandate,After mandate,protective,Protective behaviour,Australia_after_mandate_protective,Australia - After mandate - Protective behaviour,PHQ Low Interest: N/A,0.0032498402149261202,47
Random Forest,Australia,after_mandate,After mandate,protective,Protective behaviour,Australia_after_mandate_protective,Australia - After mandate - Protective behaviour,PHQ Depressed: N/A,0.0030931898793731096,48
Random Forest,Australia,after_mandate,After mandate,protective,Protective behaviour,Australia_after_mandate_protective,Australia - After mandate - Protective behaviour,State: Tasmania,0.0024370240896339278,49
Random Forest,Australia,after_mandate,After mandate,protective,Protective behaviour,Australia_after_mandate_protective,Australia - After mandate - Protective behaviour,Isolation Willingness: Somewhat Unwilling,0.0016770753818890277,50
Random Forest,Australia,after_mandate,After mandate,protective,Protective behaviour,Australia_after_mandate_protective,Australia - After mandate - Protective behaviour,Confidence in the government: Unknown,0.0016550410258166616,51
Random Forest,Australia,after_mandate,After mandate,protective,Protective behaviour,Australia_after_mandate_protective,Australia - After mandate - Protective behaviour,Comorbidity: Prefer Not Say,0.001088857157648625,52
Random Forest,Australia,after_mandate,After mandate,protective,Protective behaviour,Australia_after_mandate_protective,Australia - After mandate - Protective behaviour,Isolation Willingness: Unsure,0.000769824357643168,53
Random Forest,Australia,after_mandate,After mandate,protective,Protective behaviour,Australia_after_mandate_protective,Australia - After mandate - Protective behaviour,PHQ Worry: Prefer Not Say,0.0003473750140806094,54
Random Forest,Australia,after_mandate,After mandate,protective,Protective behaviour,Australia_after_mandate_protective,Australia - After mandate - Protective behaviour,PHQ Low Interest: Prefer Not Say,0.00028138282809634274,55
Random Forest,Australia,after_mandate,After mandate,protective,Protective behaviour,Australia_after_mandate_protective,Australia - After mandate - Protective behaviour,PHQ Depressed: Prefer Not Say,0.0002532641331786882,56
Random Forest,Australia,after_mandate,After mandate,protective,Protective behaviour,Australia_after_mandate_protective,Australia - After mandate - Protective behaviour,PHQ Anxiety: Prefer Not Say,0.00023212544971304623,57
Random Forest,Australia,after_mandate,After mandate,protective,Protective behaviour,Australia_after_mandate_protective,Australia - After mandate - Protective behaviour,State: Northern Territory,0.00022532958500251062,58
Random Forest,Brazil,before_mandate,Before mandate,mask,Face mask wearing,Brazil_before_mandate_mask,Brazil - Before mandate - Face mask wearing,PHQ Anxiety: N/A,0.08231519013863674,1
Random Forest,Brazil,before_mandate,Before mandate,mask,Face mask wearing,Brazil_before_mandate_mask,Brazil - Before mandate - Face mask wearing,PHQ Worry: N/A,0.07275309368101561,2
Random Forest,Brazil,before_mandate,Before mandate,mask,Face mask wearing,Brazil_before_mandate_mask,Brazil - Before mandate - Face mask wearing,Week,0.06455359759621594,3
Random Forest,Brazil,before_mandate,Before mandate,mask,Face mask wearing,Brazil_before_mandate_mask,Brazil - Before mandate - Face mask wearing,COVID Fear: N/A,0.0591346651837969,4
Random Forest,Brazil,before_mandate,Before mandate,mask,Face mask wearing,Brazil_before_mandate_mask,Brazil - Before mandate - Face mask wearing,Confidence in the government: N/A,0.05905505686346136,5
Random Forest,Brazil,before_mandate,Before mandate,mask,Face mask wearing,Brazil_before_mandate_mask,Brazil - Before mandate - Face mask wearing,PHQ Depressed: N/A,0.0567166106962161,6
Random Forest,Brazil,before_mandate,Before mandate,mask,Face mask wearing,Brazil_before_mandate_mask,Brazil - Before mandate - Face mask wearing,Happiness Change: N/A,0.04459632125730398,7
Random Forest,Brazil,before_mandate,Before mandate,mask,Face mask wearing,Brazil_before_mandate_mask,Brazil - Before mandate - Face mask wearing,PHQ Low Interest: N/A,0.042927907392718914,8
Random Forest,Brazil,before_mandate,Before mandate,mask,Face mask wearing,Brazil_before_mandate_mask,Brazil - Before mandate - Face mask wearing,Non-Mask Protective Behavior Score,0.03637385754303005,9
Random Forest,Brazil,before_mandate,Before mandate,mask,Face mask wearing,Brazil_before_mandate_mask,Brazil - Before mandate - Face mask wearing,COVID Fear: Very Scared,0.03372525321611541,10
Random Forest,Brazil,before_mandate,Before mandate,mask,Face mask wearing,Brazil_before_mandate_mask,Brazil - Before mandate - Face mask wearing,Handwashing Count,0.03283906673114888,11
Random Forest,Brazil,before_mandate,Before mandate,mask,Face mask wearing,Brazil_before_mandate_mask,Brazil - Before mandate - Face mask wearing,Physical contact count (with stranger),0.02737103825182531,12
Random Forest,Brazil,before_mandate,Before mandate,mask,Face mask wearing,Brazil_before_mandate_mask,Brazil - Before mandate - Face mask wearing,Age,0.026089749121072252,13
Random Forest,Brazil,before_mandate,Before mandate,mask,Face mask wearing,Brazil_before_mandate_mask,Brazil - Before mandate - Face mask wearing,PHQ Anxiety: Several Days,0.022997767967885427,14
Random Forest,Brazil,before_mandate,Before mandate,mask,Face mask wearing,Brazil_before_mandate_mask,Brazil - Before mandate - Face mask wearing,PHQ Depressed: Not At All,0.021282143077372716,15
Random Forest,Brazil,before_mandate,Before mandate,mask,Face mask wearing,Brazil_before_mandate_mask,Brazil - Before mandate - Face mask wearing,PHQ Low Interest: Not At All,0.015180519747137808,16
Random Forest,Brazil,before_mandate,Before mandate,mask,Face mask wearing,Brazil_before_mandate_mask,Brazil - Before mandate - Face mask wearing,PHQ Depressed: Several Days,0.014773362956074948,17
Random Forest,Brazil,before_mandate,Before mandate,mask,Face mask wearing,Brazil_before_mandate_mask,Brazil - Before mandate - Face mask wearing,Confidence in the government: Low,0.013649640398454961,18
Random Forest,Brazil,before_mandate,Before mandate,mask,Face mask wearing,Brazil_before_mandate_mask,Brazil - Before mandate - Face mask wearing,PHQ Worry: Several Days,0.012617456762642315,19
Random Forest,Brazil,before_mandate,Before mandate,mask,Face mask wearing,Brazil_before_mandate_mask,Brazil - Before mandate - Face mask wearing,State: Sao Paulo,0.01164056063959379,20
Random Forest,Brazil,before_mandate,Before mandate,mask,Face mask wearing,Brazil_before_mandate_mask,Brazil - Before mandate - Face mask wearing,COVID Fear: Fairly Scared,0.011257845303554153,21
Random Forest,Brazil,before_mandate,Before mandate,mask,Face mask wearing,Brazil_before_mandate_mask,Brazil - Before mandate - Face mask wearing,Household Size,0.011098639862648248,22
Random Forest,Brazil,before_mandate,Before mandate,mask,Face mask wearing,Brazil_before_mandate_mask,Brazil - Before mandate - Face mask wearing,Physical contact count (with family),0.01080918770750527,23
Random Forest,Brazil,before_mandate,Before mandate,mask,Face mask wearing,Brazil_before_mandate_mask,Brazil - Before mandate - Face mask wearing,Household COVID Test: Not done,0.010731972506524825,24
Random Forest,Brazil,before_mandate,Before mandate,mask,Face mask wearing,Brazil_before_mandate_mask,Brazil - Before mandate - Face mask wearing,COVID Test: Not done,0.010125622657312915,25
Random Forest,Brazil,before_mandate,Before mandate,mask,Face mask wearing,Brazil_before_mandate_mask,Brazil - Before mandate - Face mask wearing,PHQ Worry: Not At All,0.009790948984302801,26
Random Forest,Brazil,before_mandate,Before mandate,mask,Face mask wearing,Brazil_before_mandate_mask,Brazil - Before mandate - Face mask wearing,PHQ Low Interest: Several Days,0.008499879956537424,27
Random Forest,Brazil,before_mandate,Before mandate,mask,Face mask wearing,Brazil_before_mandate_mask,Brazil - Before mandate - Face mask wearing,Isolation Willingness: Very Willing,0.007415280923793323,28
Random Forest,Brazil,before_mandate,Before mandate,mask,Face mask wearing,Brazil_before_mandate_mask,Brazil - Before mandate - Face mask wearing,Happiness Change: Somewhat More,0.007362478125822765,29
Random Forest,Brazil,before_mandate,Before mandate,mask,Face mask wearing,Brazil_before_mandate_mask,Brazil - Before mandate - Face mask wearing,Employment: Unemployed,0.007267016644959142,30
Random Forest,Brazil,before_mandate,Before mandate,mask,Face mask wearing,Brazil_before_mandate_mask,Brazil - Before mandate - Face mask wearing,Outings count,0.007019420094634643,31
Random Forest,Brazil,before_mandate,Before mandate,mask,Face mask wearing,Brazil_before_mandate_mask,Brazil - Before mandate - Face mask wearing,Isolation Willingness: Somewhat Willing,0.006225631526178423,32
Random Forest,Brazil,before_mandate,Before mandate,mask,Face mask wearing,Brazil_before_mandate_mask,Brazil - Before mandate - Face mask wearing,PHQ Worry: Daily,0.006142647374819055,33
Random Forest,Brazil,before_mandate,Before mandate,mask,Face mask wearing,Brazil_before_mandate_mask,Brazil - Before mandate - Face mask wearing,PHQ Anxiety: Daily,0.0058969692869834285,34
Random Forest,Brazil,before_mandate,Before mandate,mask,Face mask wearing,Brazil_before_mandate_mask,Brazil - Before mandate - Face mask wearing,PHQ Anxiety: Not At All,0.005103203414102614,35
Random Forest,Brazil,before_mandate,Before mandate,mask,Face mask wearing,Brazil_before_mandate_mask,Brazil - Before mandate - Face mask wearing,Confidence in the government: High,0.005079558043345736,36
Random Forest,Brazil,before_mandate,Before mandate,mask,Face mask wearing,Brazil_before_mandate_mask,Brazil - Before mandate - Face mask wearing,Comorbidity: Yes,0.005051708995994068,37
Random Forest,Brazil,before_mandate,Before mandate,mask,Face mask wearing,Brazil_before_mandate_mask,Brazil - Before mandate - Face mask wearing,State: Parana,0.00483867357810528,38
Random Forest,Brazil,before_mandate,Before mandate,mask,Face mask wearing,Brazil_before_mandate_mask,Brazil - Before mandate - Face mask wearing,COVID Fear: Slightly Scared,0.004802247300200469,39
Random Forest,Brazil,before_mandate,Before mandate,mask,Face mask wearing,Brazil_before_mandate_mask,Brazil - Before mandate - Face mask wearing,Isolation Ease: Very Easy,0.004535928313602988,40
Random Forest,Brazil,before_mandate,Before mandate,mask,Face mask wearing,Brazil_before_mandate_mask,Brazil - Before mandate - Face mask wearing,Isolation Ease: Neutral,0.004518585252507887,41
Random Forest,Brazil,before_mandate,Before mandate,mask,Face mask wearing,Brazil_before_mandate_mask,Brazil - Before mandate - Face mask wearing,Isolation Ease: Somewhat Difficult,0.0038225169747635552,42
Random Forest,Brazil,before_mandate,Before mandate,mask,Face mask wearing,Brazil_before_mandate_mask,Brazil - Before mandate - Face mask wearing,Is a male?,0.0036257488400322406,43
Random Forest,Brazil,before_mandate,Before mandate,mask,Face mask wearing,Brazil_before_mandate_mask,Brazil - Before mandate - Face mask wearing,Comorbidity: No,0.0033649536776377033,44
Random Forest,Brazil,before_mandate,Before mandate,mask,Face mask wearing,Brazil_before_mandate_mask,Brazil - Before mandate - Face mask wearing,Employment: Retired,0.003358027918306957,45
Random Forest,Brazil,before_mandate,Before mandate,mask,Face mask wearing,Brazil_before_mandate_mask,Brazil - Before mandate - Face mask wearing,Isolation Ease: Somewhat Easy,0.0032371970853695337,46
Random Forest,Brazil,before_mandate,Before mandate,mask,Face mask wearing,Brazil_before_mandate_mask,Brazil - Before mandate - Face mask wearing,Employment: Student,0.003044467712605882,47
Random Forest,Brazil,before_mandate,Before mandate,mask,Face mask wearing,Brazil_before_mandate_mask,Brazil - Before mandate - Face mask wearing,No Symptoms: No,0.0030442483722851353,48
Random Forest,Brazil,before_mandate,Before mandate,mask,Face mask wearing,Brazil_before_mandate_mask,Brazil - Before mandate - Face mask wearing,COVID Test: Negative,0.0030244346218323767,49
Random Forest,Brazil,before_mandate,Before mandate,mask,Face mask wearing,Brazil_before_mandate_mask,Brazil - Before mandate - Face mask wearing,Happiness Change: Somewhat Less,0.002799957471958185,50
Random Forest,Brazil,before_mandate,Before mandate,mask,Face mask wearing,Brazil_before_mandate_mask,Brazil - Before mandate - Face mask wearing,Happiness Change: Much Less,0.0027804099309699827,51
Random Forest,Brazil,before_mandate,Before mandate,mask,Face mask wearing,Brazil_before_mandate_mask,Brazil - Before mandate - Face mask wearing,Household COVID Test: Negative,0.002771366131522299,52
Random Forest,Brazil,before_mandate,Before mandate,mask,Face mask wearing,Brazil_before_mandate_mask,Brazil - Before mandate - Face mask wearing,State: Santa Catarina,0.0027445504773182753,53
Random Forest,Brazil,before_mandate,Before mandate,mask,Face mask wearing,Brazil_before_mandate_mask,Brazil - Before mandate - Face mask wearing,COVID Fear: Not Scared,0.0025905678067025917,54
Random Forest,Brazil,before_mandate,Before mandate,mask,Face mask wearing,Brazil_before_mandate_mask,Brazil - Before mandate - Face mask wearing,Fever: No,0.0025847341573883654,55
Random Forest,Brazil,before_mandate,Before mandate,mask,Face mask wearing,Brazil_before_mandate_mask,Brazil - Before mandate - Face mask wearing,No Symptoms: Yes,0.0025480551462729126,56
Random Forest,Brazil,before_mandate,Before mandate,mask,Face mask wearing,Brazil_before_mandate_mask,Brazil - Before mandate - Face mask wearing,Symptom Isolation: No,0.002520021203330506,57
Random Forest,Brazil,before_mandate,Before mandate,mask,Face mask wearing,Brazil_before_mandate_mask,Brazil - Before mandate - Face mask wearing,PHQ Low Interest: Daily,0.0023110465263672065,58
Random Forest,Brazil,before_mandate,Before mandate,mask,Face mask wearing,Brazil_before_mandate_mask,Brazil - Before mandate - Face mask wearing,Dry Cough: No,0.0022510571670706623,59
Random Forest,Brazil,before_mandate,Before mandate,mask,Face mask wearing,Brazil_before_mandate_mask,Brazil - Before mandate - Face mask wearing,Employment: Part Time,0.002154777958959908,60
Random Forest,Brazil,before_mandate,Before mandate,mask,Face mask wearing,Brazil_before_mandate_mask,Brazil - Before mandate - Face mask wearing,State: Sergipe,0.002057695129318477,61
Random Forest,Brazil,before_mandate,Before mandate,mask,Face mask wearing,Brazil_before_mandate_mask,Brazil - Before mandate - Face mask wearing,PHQ Depressed: Daily,0.002048782009024074,62
Random Forest,Brazil,before_mandate,Before mandate,mask,Face mask wearing,Brazil_before_mandate_mask,Brazil - Before mandate - Face mask wearing,Symptom Isolation: Yes,0.0019578627109059056,63
Random Forest,Brazil,before_mandate,Before mandate,mask,Face mask wearing,Brazil_before_mandate_mask,Brazil - Before mandate - Face mask wearing,Shortness of Breath: Yes,0.001692189348107813,64
Random Forest,Brazil,before_mandate,Before mandate,mask,Face mask wearing,Brazil_before_mandate_mask,Brazil - Before mandate - Face mask wearing,State: Rio Grande do Norte,0.001655154172750622,65
Random Forest,Brazil,before_mandate,Before mandate,mask,Face mask wearing,Brazil_before_mandate_mask,Brazil - Before mandate - Face mask wearing,Dry Cough: Yes,0.0016479986534288973,66
Random Forest,Brazil,before_mandate,Before mandate,mask,Face mask wearing,Brazil_before_mandate_mask,Brazil - Before mandate - Face mask wearing,Fever: Yes,0.0016217766444419903,67
Random Forest,Brazil,before_mandate,Before mandate,mask,Face mask wearing,Brazil_before_mandate_mask,Brazil - Before mandate - Face mask wearing,Isolation Ease: Very Difficult,0.0015612832173371785,68
Random Forest,Brazil,before_mandate,Before mandate,mask,Face mask wearing,Brazil_before_mandate_mask,Brazil - Before mandate - Face mask wearing,Loss of Taste: No,0.0015206168990446103,69
Random Forest,Brazil,before_mandate,Before mandate,mask,Face mask wearing,Brazil_before_mandate_mask,Brazil - Before mandate - Face mask wearing,PHQ Low Interest: Prefer Not Say,0.001502295706128357,70
Random Forest,Brazil,before_mandate,Before mandate,mask,Face mask wearing,Brazil_before_mandate_mask,Brazil - Before mandate - Face mask wearing,State: Rio Grande do Sul,0.001485952369408706,71
Random Forest,Brazil,before_mandate,Before mandate,mask,Face mask wearing,Brazil_before_mandate_mask,Brazil - Before mandate - Face mask wearing,State: Bahia,0.0013576840290102172,72
Random Forest,Brazil,before_mandate,Before mandate,mask,Face mask wearing,Brazil_before_mandate_mask,Brazil - Before mandate - Face mask wearing,Loss of Smell: No,0.0013512005029879606,73
Random Forest,Brazil,before_mandate,Before mandate,mask,Face mask wearing,Brazil_before_mandate_mask,Brazil - Before mandate - Face mask wearing,Isolation Willingness: Neutral,0.001272051950720147,74
Random Forest,Brazil,before_mandate,Before mandate,mask,Face mask wearing,Brazil_before_mandate_mask,Brazil - Before mandate - Face mask wearing,State: Rio de Janeiro,0.001262220304979052,75
Random Forest,Brazil,before_mandate,Before mandate,mask,Face mask wearing,Brazil_before_mandate_mask,Brazil - Before mandate - Face mask wearing,Employment: Other,0.0010948264098910852,76
Random Forest,Brazil,before_mandate,Before mandate,mask,Face mask wearing,Brazil_before_mandate_mask,Brazil - Before mandate - Face mask wearing,Loss of Taste: Yes,0.001068170043664924,77
Random Forest,Brazil,before_mandate,Before mandate,mask,Face mask wearing,Brazil_before_mandate_mask,Brazil - Before mandate - Face mask wearing,Confidence in the government: None,0.0010504331742295118,78
Random Forest,Brazil,before_mandate,Before mandate,mask,Face mask wearing,Brazil_before_mandate_mask,Brazil - Before mandate - Face mask wearing,State: Minas Gerais,0.0010261349967931569,79
Random Forest,Brazil,before_mandate,Before mandate,mask,Face mask wearing,Brazil_before_mandate_mask,Brazil - Before mandate - Face mask wearing,Household COVID Test: Unsure,0.0009840946697056755,80
Random Forest,Brazil,before_mandate,Before mandate,mask,Face mask wearing,Brazil_before_mandate_mask,Brazil - Before mandate - Face mask wearing,State: Ceara,0.0009315695688335169,81
Random Forest,Brazil,before_mandate,Before mandate,mask,Face mask wearing,Brazil_before_mandate_mask,Brazil - Before mandate - Face mask wearing,Shortness of Breath: No,0.0009278198709255905,82
Random Forest,Brazil,before_mandate,Before mandate,mask,Face mask wearing,Brazil_before_mandate_mask,Brazil - Before mandate - Face mask wearing,State: Para,0.000912899690322111,83
Random Forest,Brazil,before_mandate,Before mandate,mask,Face mask wearing,Brazil_before_mandate_mask,Brazil - Before mandate - Face mask wearing,State: Alagoas,0.0009117105684411312,84
Random Forest,Brazil,before_mandate,Before mandate,mask,Face mask wearing,Brazil_before_mandate_mask,Brazil - Before mandate - Face mask wearing,State: Distrito Federal,0.0008305196463852447,85
Random Forest,Brazil,before_mandate,Before mandate,mask,Face mask wearing,Brazil_before_mandate_mask,Brazil - Before mandate - Face mask wearing,Isolation Willingness: Somewhat Unwilling,0.0007049185254522272,86
Random Forest,Brazil,before_mandate,Before mandate,mask,Face mask wearing,Brazil_before_mandate_mask,Brazil - Before mandate - Face mask wearing,PHQ Worry: Prefer Not Say,0.0006631605215172512,87
Random Forest,Brazil,before_mandate,Before mandate,mask,Face mask wearing,Brazil_before_mandate_mask,Brazil - Before mandate - Face mask wearing,State: Espirito Santo,0.0006423675192106634,88
Random Forest,Brazil,before_mandate,Before mandate,mask,Face mask wearing,Brazil_before_mandate_mask,Brazil - Before mandate - Face mask wearing,State: Piaui,0.0005841868512457614,89
Random Forest,Brazil,before_mandate,Before mandate,mask,Face mask wearing,Brazil_before_mandate_mask,Brazil - Before mandate - Face mask wearing,State: Pernambuco,0.0005274659359899458,90
Random Forest,Brazil,before_mandate,Before mandate,mask,Face mask wearing,Brazil_before_mandate_mask,Brazil - Before mandate - Face mask wearing,Loss of Smell: Yes,0.0004879206078299057,91
Random Forest,Brazil,before_mandate,Before mandate,mask,Face mask wearing,Brazil_before_mandate_mask,Brazil - Before mandate - Face mask wearing,State: Goias,0.000458871176331979,92
Random Forest,Brazil,before_mandate,Before mandate,mask,Face mask wearing,Brazil_before_mandate_mask,Brazil - Before mandate - Face mask wearing,State: Paraiba,0.0004426982786163917,93
Random Forest,Brazil,before_mandate,Before mandate,mask,Face mask wearing,Brazil_before_mandate_mask,Brazil - Before mandate - Face mask wearing,Isolation Ease: Unsure,0.00042017384165991313,94
Random Forest,Brazil,before_mandate,Before mandate,mask,Face mask wearing,Brazil_before_mandate_mask,Brazil - Before mandate - Face mask wearing,State: Maranhao,0.0004006590861591752,95
Random Forest,Brazil,before_mandate,Before mandate,mask,Face mask wearing,Brazil_before_mandate_mask,Brazil - Before mandate - Face mask wearing,State: Mato Grosso do Sul,0.00033141712811462094,96
Random Forest,Brazil,before_mandate,Before mandate,mask,Face mask wearing,Brazil_before_mandate_mask,Brazil - Before mandate - Face mask wearing,PHQ Depressed: Prefer Not Say,0.0002908868686579981,97
Random Forest,Brazil,before_mandate,Before mandate,mask,Face mask wearing,Brazil_before_mandate_mask,Brazil - Before mandate - Face mask wearing,Employment: Not Working,0.00025899244155264025,98
Random Forest,Brazil,before_mandate,Before mandate,mask,Face mask wearing,Brazil_before_mandate_mask,Brazil - Before mandate - Face mask wearing,Happiness Change: Unknown,0.00021191377882314198,99
Random Forest,Brazil,before_mandate,Before mandate,mask,Face mask wearing,Brazil_before_mandate_mask,Brazil - Before mandate - Face mask wearing,Symptom Isolation: Unsure,0.0001958193083165448,100
Random Forest,Brazil,before_mandate,Before mandate,mask,Face mask wearing,Brazil_before_mandate_mask,Brazil - Before mandate - Face mask wearing,Happiness Change: Much More,0.00019568964134369647,101
Random Forest,Brazil,before_mandate,Before mandate,mask,Face mask wearing,Brazil_before_mandate_mask,Brazil - Before mandate - Face mask wearing,State: Amazonas,0.0001764915162683337,102
Random Forest,Brazil,before_mandate,Before mandate,mask,Face mask wearing,Brazil_before_mandate_mask,Brazil - Before mandate - Face mask wearing,State: Mato Grosso,0.0001763561748247343,103
Random Forest,Brazil,before_mandate,Before mandate,mask,Face mask wearing,Brazil_before_mandate_mask,Brazil - Before mandate - Face mask wearing,Isolation Willingness: Unsure,0.00013960275540776153,104
Random Forest,Brazil,before_mandate,Before mandate,mask,Face mask wearing,Brazil_before_mandate_mask,Brazil - Before mandate - Face mask wearing,Household COVID Test: Pending,0.0001392151048315608,105
Random Forest,Brazil,before_mandate,Before mandate,mask,Face mask wearing,Brazil_before_mandate_mask,Brazil - Before mandate - Face mask wearing,Isolation Willingness: Very Unwilling,3.859311633738502e-05,106
Random Forest,Brazil,before_mandate,Before mandate,mask,Face mask wearing,Brazil_before_mandate_mask,Brazil - Before mandate - Face mask wearing,State: Rondonia,2.404254367031298e-05,107
Random Forest,Brazil,before_mandate,Before mandate,mask,Face mask wearing,Brazil_before_mandate_mask,Brazil - Before mandate - Face mask wearing,PHQ Anxiety: Prefer Not Say,1.1170735202981224e-05,108
Random Forest,Brazil,before_mandate,Before mandate,mask,Face mask wearing,Brazil_before_mandate_mask,Brazil - Before mandate - Face mask wearing,COVID Test: Pending,0.0,109
Random Forest,Brazil,before_mandate,Before mandate,mask,Face mask wearing,Brazil_before_mandate_mask,Brazil - Before mandate - Face mask wearing,State: Tocantins,0.0,110
Random Forest,Brazil,before_mandate,Before mandate,mask,Face mask wearing,Brazil_before_mandate_mask,Brazil - Before mandate - Face mask wearing,State: Amapa,0.0,111
Random Forest,Brazil,before_mandate,Before mandate,mask,Face mask wearing,Brazil_before_mandate_mask,Brazil - Before mandate - Face mask wearing,COVID Test: Positive,0.0,112
Random Forest,Brazil,before_mandate,Before mandate,mask,Face mask wearing,Brazil_before_mandate_mask,Brazil - Before mandate - Face mask wearing,State: Roraima,0.0,113
Random Forest,Brazil,before_mandate,Before mandate,mask,Face mask wearing,Brazil_before_mandate_mask,Brazil - Before mandate - Face mask wearing,Household COVID Test: Positive,0.0,114
Random Forest,Brazil,before_mandate,Before mandate,mask,Face mask wearing,Brazil_before_mandate_mask,Brazil - Before mandate - Face mask wearing,Confidence in the government: Unknown,0.0,115
Random Forest,Brazil,before_mandate,Before mandate,mask,Face mask wearing,Brazil_before_mandate_mask,Brazil - Before mandate - Face mask wearing,COVID Fear: Had COVID,0.0,116
Random Forest,Brazil,before_mandate,Before mandate,mask,Face mask wearing,Brazil_before_mandate_mask,Brazil - Before mandate - Face mask wearing,Gov Response: N/A,0.0,117
Random Forest,Brazil,before_mandate,Before mandate,mask,Face mask wearing,Brazil_before_mandate_mask,Brazil - Before mandate - Face mask wearing,Gov Response: Somewhat Bad,0.0,118
Random Forest,Brazil,before_mandate,Before mandate,mask,Face mask wearing,Brazil_before_mandate_mask,Brazil - Before mandate - Face mask wearing,Gov Response: Very Bad,0.0,119
Random Forest,Brazil,before_mandate,Before mandate,mask,Face mask wearing,Brazil_before_mandate_mask,Brazil - Before mandate - Face mask wearing,Gov Response: Somewhat Good,0.0,120
Random Forest,Brazil,before_mandate,Before mandate,mask,Face mask wearing,Brazil_before_mandate_mask,Brazil - Before mandate - Face mask wearing,Gov Response: Very Good,0.0,121
Random Forest,Brazil,before_mandate,Before mandate,mask,Face mask wearing,Brazil_before_mandate_mask,Brazil - Before mandate - Face mask wearing,Comorbidity: Prefer Not Say,0.0,122
Random Forest,Brazil,before_mandate,Before mandate,protective,Protective behaviour,Brazil_before_mandate_protective,Brazil - Before mandate - Protective behaviour,Handwashing Count,0.14105862318994475,1
Random Forest,Brazil,before_mandate,Before mandate,protective,Protective behaviour,Brazil_before_mandate_protective,Brazil - Before mandate - Protective behaviour,Outings count,0.12670362584245268,2
Random Forest,Brazil,before_mandate,Before mandate,protective,Protective behaviour,Brazil_before_mandate_protective,Brazil - Before mandate - Protective behaviour,Physical contact count (with stranger),0.11878699566744508,3
Random Forest,Brazil,before_mandate,Before mandate,protective,Protective behaviour,Brazil_before_mandate_protective,Brazil - Before mandate - Protective behaviour,Age,0.10972338909161874,4
Random Forest,Brazil,before_mandate,Before mandate,protective,Protective behaviour,Brazil_before_mandate_protective,Brazil - Before mandate - Protective behaviour,Household Size,0.08342008343541742,5
Random Forest,Brazil,before_mandate,Before mandate,protective,Protective behaviour,Brazil_before_mandate_protective,Brazil - Before mandate - Protective behaviour,Isolation Willingness: Very Willing,0.04562007333794929,6
Random Forest,Brazil,before_mandate,Before mandate,protective,Protective behaviour,Brazil_before_mandate_protective,Brazil - Before mandate - Protective behaviour,Comorbidity: No,0.026315844348500164,7
Random Forest,Brazil,before_mandate,Before mandate,protective,Protective behaviour,Brazil_before_mandate_protective,Brazil - Before mandate - Protective behaviour,Symptom Isolation: Yes,0.023941127084132395,8
Random Forest,Brazil,before_mandate,Before mandate,protective,Protective behaviour,Brazil_before_mandate_protective,Brazil - Before mandate - Protective behaviour,State: Distrito Federal,0.022957726640223268,9
Random Forest,Brazil,before_mandate,Before mandate,protective,Protective behaviour,Brazil_before_mandate_protective,Brazil - Before mandate - Protective behaviour,Comorbidity: Yes,0.021826605212290656,10
Random Forest,Brazil,before_mandate,Before mandate,protective,Protective behaviour,Brazil_before_mandate_protective,Brazil - Before mandate - Protective behaviour,Isolation Willingness: Somewhat Willing,0.018791119319738012,11
Random Forest,Brazil,before_mandate,Before mandate,protective,Protective behaviour,Brazil_before_mandate_protective,Brazil - Before mandate - Protective behaviour,State: Sao Paulo,0.01734253928429314,12
Random Forest,Brazil,before_mandate,Before mandate,protective,Protective behaviour,Brazil_before_mandate_protective,Brazil - Before mandate - Protective behaviour,Physical contact count (with family),0.016711135940371363,13
Random Forest,Brazil,before_mandate,Before mandate,protective,Protective behaviour,Brazil_before_mandate_protective,Brazil - Before mandate - Protective behaviour,PHQ Low Interest: Daily,0.015987118703200222,14
Random Forest,Brazil,before_mandate,Before mandate,protective,Protective behaviour,Brazil_before_mandate_protective,Brazil - Before mandate - Protective behaviour,Employment: Other,0.014677160489548768,15
Random Forest,Brazil,before_mandate,Before mandate,protective,Protective behaviour,Brazil_before_mandate_protective,Brazil - Before mandate - Protective behaviour,COVID Test: Negative,0.014611210031307395,16
Random Forest,Brazil,before_mandate,Before mandate,protective,Protective behaviour,Brazil_before_mandate_protective,Brazil - Before mandate - Protective behaviour,State: Rio Grande do Sul,0.010827825547533415,17
Random Forest,Brazil,before_mandate,Before mandate,protective,Protective behaviour,Brazil_before_mandate_protective,Brazil - Before mandate - Protective behaviour,PHQ Anxiety: Daily,0.010070970957958123,18
Random Forest,Brazil,before_mandate,Before mandate,protective,Protective behaviour,Brazil_before_mandate_protective,Brazil - Before mandate - Protective behaviour,Is a male?,0.009567275036577966,19
Random Forest,Brazil,before_mandate,Before mandate,protective,Protective behaviour,Brazil_before_mandate_protective,Brazil - Before mandate - Protective behaviour,No Symptoms: No,0.0083343924972263,20
Random Forest,Brazil,before_mandate,Before mandate,protective,Protective behaviour,Brazil_before_mandate_protective,Brazil - Before mandate - Protective behaviour,Employment: Unemployed,0.007129079580474937,21
Random Forest,Brazil,before_mandate,Before mandate,protective,Protective behaviour,Brazil_before_mandate_protective,Brazil - Before mandate - Protective behaviour,Employment: Part Time,0.007051735080039455,22
Random Forest,Brazil,before_mandate,Before mandate,protective,Protective behaviour,Brazil_before_mandate_protective,Brazil - Before mandate - Protective behaviour,State: Pernambuco,0.006849143015956802,23
Random Forest,Brazil,before_mandate,Before mandate,protective,Protective behaviour,Brazil_before_mandate_protective,Brazil - Before mandate - Protective behaviour,State: Para,0.006500815388970111,24
Random Forest,Brazil,before_mandate,Before mandate,protective,Protective behaviour,Brazil_before_mandate_protective,Brazil - Before mandate - Protective behaviour,No Symptoms: Yes,0.00649065515813899,25
Random Forest,Brazil,before_mandate,Before mandate,protective,Protective behaviour,Brazil_before_mandate_protective,Brazil - Before mandate - Protective behaviour,Week,0.006035022693911836,26
Random Forest,Brazil,before_mandate,Before mandate,protective,Protective behaviour,Brazil_before_mandate_protective,Brazil - Before mandate - Protective behaviour,State: Bahia,0.0058251542262527,27
Random Forest,Brazil,before_mandate,Before mandate,protective,Protective behaviour,Brazil_before_mandate_protective,Brazil - Before mandate - Protective behaviour,Isolation Ease: Somewhat Difficult,0.005644528576671474,28
Random Forest,Brazil,before_mandate,Before mandate,protective,Protective behaviour,Brazil_before_mandate_protective,Brazil - Before mandate - Protective behaviour,Isolation Ease: Somewhat Easy,0.004851675712542143,29
Random Forest,Brazil,before_mandate,Before mandate,protective,Protective behaviour,Brazil_before_mandate_protective,Brazil - Before mandate - Protective behaviour,Happiness Change: Much More,0.004739039144662776,30
Random Forest,Brazil,before_mandate,Before mandate,protective,Protective behaviour,Brazil_before_mandate_protective,Brazil - Before mandate - Protective behaviour,COVID Fear: Not Scared,0.004711335232145831,31
Random Forest,Brazil,before_mandate,Before mandate,protective,Protective behaviour,Brazil_before_mandate_protective,Brazil - Before mandate - Protective behaviour,Comorbidity: Prefer Not Say,0.004056344861886151,32
Random Forest,Brazil,before_mandate,Before mandate,protective,Protective behaviour,Brazil_before_mandate_protective,Brazil - Before mandate - Protective behaviour,Isolation Ease: Very Easy,0.0040550983417955615,33
Random Forest,Brazil,before_mandate,Before mandate,protective,Protective behaviour,Brazil_before_mandate_protective,Brazil - Before mandate - Protective behaviour,Isolation Willingness: Somewhat Unwilling,0.0037210237927387184,34
Random Forest,Brazil,before_mandate,Before mandate,protective,Protective behaviour,Brazil_before_mandate_protective,Brazil - Before mandate - Protective behaviour,Shortness of Breath: Yes,0.003239183911390083,35
Random Forest,Brazil,before_mandate,Before mandate,protective,Protective behaviour,Brazil_before_mandate_protective,Brazil - Before mandate - Protective behaviour,Symptom Isolation: Unsure,0.0031150265677190965,36
Random Forest,Brazil,before_mandate,Before mandate,protective,Protective behaviour,Brazil_before_mandate_protective,Brazil - Before mandate - Protective behaviour,Employment: Not Working,0.0030610633993907654,37
Random Forest,Brazil,before_mandate,Before mandate,protective,Protective behaviour,Brazil_before_mandate_protective,Brazil - Before mandate - Protective behaviour,State: Goias,0.0030231240404674535,38
Random Forest,Brazil,before_mandate,Before mandate,protective,Protective behaviour,Brazil_before_mandate_protective,Brazil - Before mandate - Protective behaviour,PHQ Anxiety: Several Days,0.0029247102810476405,39
Random Forest,Brazil,before_mandate,Before mandate,protective,Protective behaviour,Brazil_before_mandate_protective,Brazil - Before mandate - Protective behaviour,Symptom Isolation: No,0.002552723304089803,40
Random Forest,Brazil,before_mandate,Before mandate,protective,Protective behaviour,Brazil_before_mandate_protective,Brazil - Before mandate - Protective behaviour,COVID Test: Not done,0.0023754402389135603,41
Random Forest,Brazil,before_mandate,Before mandate,protective,Protective behaviour,Brazil_before_mandate_protective,Brazil - Before mandate - Protective behaviour,Household COVID Test: Negative,0.002362089097298492,42
Random Forest,Brazil,before_mandate,Before mandate,protective,Protective behaviour,Brazil_before_mandate_protective,Brazil - Before mandate - Protective behaviour,Fever: Yes,0.0023450554182095646,43
Random Forest,Brazil,before_mandate,Before mandate,protective,Protective behaviour,Brazil_before_mandate_protective,Brazil - Before mandate - Protective behaviour,Happiness Change: Somewhat Less,0.0023385743476961774,44
Random Forest,Brazil,before_mandate,Before mandate,protective,Protective behaviour,Brazil_before_mandate_protective,Brazil - Before mandate - Protective behaviour,Dry Cough: No,0.002120822912898958,45
Random Forest,Brazil,before_mandate,Before mandate,protective,Protective behaviour,Brazil_before_mandate_protective,Brazil - Before mandate - Protective behaviour,PHQ Depressed: Several Days,0.0018608752822971914,46
Random Forest,Brazil,before_mandate,Before mandate,protective,Protective behaviour,Brazil_before_mandate_protective,Brazil - Before mandate - Protective behaviour,PHQ Depressed: Not At All,0.0018250629276908843,47
Random Forest,Brazil,before_mandate,Before mandate,protective,Protective behaviour,Brazil_before_mandate_protective,Brazil - Before mandate - Protective behaviour,State: Parana,0.0017979693396337573,48
Random Forest,Brazil,before_mandate,Before mandate,protective,Protective behaviour,Brazil_before_mandate_protective,Brazil - Before mandate - Protective behaviour,Confidence in the government: Low,0.001745389870466342,49
Random Forest,Brazil,before_mandate,Before mandate,protective,Protective behaviour,Brazil_before_mandate_protective,Brazil - Before mandate - Protective behaviour,Isolation Ease: Neutral,0.0015225256657649764,50
Random Forest,Brazil,before_mandate,Before mandate,protective,Protective behaviour,Brazil_before_mandate_protective,Brazil - Before mandate - Protective behaviour,Fever: No,0.0014300298126475087,51
Random Forest,Brazil,before_mandate,Before mandate,protective,Protective behaviour,Brazil_before_mandate_protective,Brazil - Before mandate - Protective behaviour,Isolation Willingness: Neutral,0.001403142822313465,52
Random Forest,Brazil,before_mandate,Before mandate,protective,Protective behaviour,Brazil_before_mandate_protective,Brazil - Before mandate - Protective behaviour,State: Maranhao,0.0013619033288947676,53
Random Forest,Brazil,before_mandate,Before mandate,protective,Protective behaviour,Brazil_before_mandate_protective,Brazil - Before mandate - Protective behaviour,Dry Cough: Yes,0.0013375912352729267,54
Random Forest,Brazil,before_mandate,Before mandate,protective,Protective behaviour,Brazil_before_mandate_protective,Brazil - Before mandate - Protective behaviour,Loss of Smell: Yes,0.001327014797480119,55
Random Forest,Brazil,before_mandate,Before mandate,protective,Protective behaviour,Brazil_before_mandate_protective,Brazil - Before mandate - Protective behaviour,Loss of Smell: No,0.0012550920968252346,56
Random Forest,Brazil,before_mandate,Before mandate,protective,Protective behaviour,Brazil_before_mandate_protective,Brazil - Before mandate - Protective behaviour,PHQ Low Interest: Not At All,0.001248821306900509,57
Random Forest,Brazil,before_mandate,Before mandate,protective,Protective behaviour,Brazil_before_mandate_protective,Brazil - Before mandate - Protective behaviour,Isolation Ease: Very Difficult,0.0010107930493604529,58
Random Forest,Brazil,before_mandate,Before mandate,protective,Protective behaviour,Brazil_before_mandate_protective,Brazil - Before mandate - Protective behaviour,COVID Fear: Very Scared,0.0009940141600647367,59
Random Forest,Brazil,before_mandate,Before mandate,protective,Protective behaviour,Brazil_before_mandate_protective,Brazil - Before mandate - Protective behaviour,Household COVID Test: Not done,0.0008850003319705834,60
Random Forest,Brazil,before_mandate,Before mandate,protective,Protective behaviour,Brazil_before_mandate_protective,Brazil - Before mandate - Protective behaviour,Happiness Change: Much Less,0.0008296705528103618,61
Random Forest,Brazil,before_mandate,Before mandate,protective,Protective behaviour,Brazil_before_mandate_protective,Brazil - Before mandate - Protective behaviour,Isolation Willingness: Unsure,0.0007488031023785762,62
Random Forest,Brazil,before_mandate,Before mandate,protective,Protective behaviour,Brazil_before_mandate_protective,Brazil - Before mandate - Protective behaviour,State: Piaui,0.0007083205353033749,63
Random Forest,Brazil,before_mandate,Before mandate,protective,Protective behaviour,Brazil_before_mandate_protective,Brazil - Before mandate - Protective behaviour,State: Amazonas,0.0007046663792676625,64
Random Forest,Brazil,before_mandate,Before mandate,protective,Protective behaviour,Brazil_before_mandate_protective,Brazil - Before mandate - Protective behaviour,State: Ceara,0.0006941923847472508,65
Random Forest,Brazil,before_mandate,Before mandate,protective,Protective behaviour,Brazil_before_mandate_protective,Brazil - Before mandate - Protective behaviour,PHQ Low Interest: Several Days,0.000676045053343886,66
Random Forest,Brazil,before_mandate,Before mandate,protective,Protective behaviour,Brazil_before_mandate_protective,Brazil - Before mandate - Protective behaviour,COVID Fear: Fairly Scared,0.0006726545367080807,67
Random Forest,Brazil,before_mandate,Before mandate,protective,Protective behaviour,Brazil_before_mandate_protective,Brazil - Before mandate - Protective behaviour,PHQ Worry: Several Days,0.0006233182844903088,68
Random Forest,Brazil,before_mandate,Before mandate,protective,Protective behaviour,Brazil_before_mandate_protective,Brazil - Before mandate - Protective behaviour,Employment: Retired,0.0005833811100005602,69
Random Forest,Brazil,before_mandate,Before mandate,protective,Protective behaviour,Brazil_before_mandate_protective,Brazil - Before mandate - Protective behaviour,COVID Fear: Slightly Scared,0.000504234841532466,70
Random Forest,Brazil,before_mandate,Before mandate,protective,Protective behaviour,Brazil_before_mandate_protective,Brazil - Before mandate - Protective behaviour,State: Rio de Janeiro,0.0005025865820361566,71
Random Forest,Brazil,before_mandate,Before mandate,protective,Protective behaviour,Brazil_before_mandate_protective,Brazil - Before mandate - Protective behaviour,Confidence in the government: None,0.000497845344090442,72
Random Forest,Brazil,before_mandate,Before mandate,protective,Protective behaviour,Brazil_before_mandate_protective,Brazil - Before mandate - Protective behaviour,Confidence in the government: High,0.000422038991942283,73
Random Forest,Brazil,before_mandate,Before mandate,protective,Protective behaviour,Brazil_before_mandate_protective,Brazil - Before mandate - Protective behaviour,State: Alagoas,0.0003954774697983513,74
Random Forest,Brazil,before_mandate,Before mandate,protective,Protective behaviour,Brazil_before_mandate_protective,Brazil - Before mandate - Protective behaviour,PHQ Worry: Not At All,0.00039213479677319455,75
Random Forest,Brazil,before_mandate,Before mandate,protective,Protective behaviour,Brazil_before_mandate_protective,Brazil - Before mandate - Protective behaviour,State: Amapa,0.0003891110639394469,76
Random Forest,Brazil,before_mandate,Before mandate,protective,Protective behaviour,Brazil_before_mandate_protective,Brazil - Before mandate - Protective behaviour,Confidence in the government: N/A,0.0003816611573316728,77
Random Forest,Brazil,before_mandate,Before mandate,protective,Protective behaviour,Brazil_before_mandate_protective,Brazil - Before mandate - Protective behaviour,State: Espirito Santo,0.00036668591063219807,78
Random Forest,Brazil,before_mandate,Before mandate,protective,Protective behaviour,Brazil_before_mandate_protective,Brazil - Before mandate - Protective behaviour,PHQ Depressed: Daily,0.00036537735925888795,79
Random Forest,Brazil,before_mandate,Before mandate,protective,Protective behaviour,Brazil_before_mandate_protective,Brazil - Before mandate - Protective behaviour,Employment: Student,0.0003608072240250726,80
Random Forest,Brazil,before_mandate,Before mandate,protective,Protective behaviour,Brazil_before_mandate_protective,Brazil - Before mandate - Protective behaviour,State: Rio Grande do Norte,0.0003523086297394061,81
Random Forest,Brazil,before_mandate,Before mandate,protective,Protective behaviour,Brazil_before_mandate_protective,Brazil - Before mandate - Protective behaviour,State: Mato Grosso,0.000331610332359152,82
Random Forest,Brazil,before_mandate,Before mandate,protective,Protective behaviour,Brazil_before_mandate_protective,Brazil - Before mandate - Protective behaviour,Happiness Change: Somewhat More,0.0003310788972285961,83
Random Forest,Brazil,before_mandate,Before mandate,protective,Protective behaviour,Brazil_before_mandate_protective,Brazil - Before mandate - Protective behaviour,PHQ Depressed: N/A,0.0003248742709292451,84
Random Forest,Brazil,before_mandate,Before mandate,protective,Protective behaviour,Brazil_before_mandate_protective,Brazil - Before mandate - Protective behaviour,PHQ Anxiety: Not At All,0.0003083114719279773,85
Random Forest,Brazil,before_mandate,Before mandate,protective,Protective behaviour,Brazil_before_mandate_protective,Brazil - Before mandate - Protective behaviour,Shortness of Breath: No,0.0002652893310597262,86
Random Forest,Brazil,before_mandate,Before mandate,protective,Protective behaviour,Brazil_before_mandate_protective,Brazil - Before mandate - Protective behaviour,Loss of Taste: No,0.00021739227358564224,87
Random Forest,Brazil,before_mandate,Before mandate,protective,Protective behaviour,Brazil_before_mandate_protective,Brazil - Before mandate - Protective behaviour,State: Minas Gerais,0.0002166445051867853,88
Random Forest,Brazil,before_mandate,Before mandate,protective,Protective behaviour,Brazil_before_mandate_protective,Brazil - Before mandate - Protective behaviour,PHQ Anxiety: N/A,0.0002040132629176611,89
Random Forest,Brazil,before_mandate,Before mandate,protective,Protective behaviour,Brazil_before_mandate_protective,Brazil - Before mandate - Protective behaviour,Isolation Ease: Unsure,0.00017005039316027906,90
Random Forest,Brazil,before_mandate,Before mandate,protective,Protective behaviour,Brazil_before_mandate_protective,Brazil - Before mandate - Protective behaviour,State: Paraiba,0.00016350722822705698,91
Random Forest,Brazil,before_mandate,Before mandate,protective,Protective behaviour,Brazil_before_mandate_protective,Brazil - Before mandate - Protective behaviour,State: Santa Catarina,0.00014773875205318631,92
Random Forest,Brazil,before_mandate,Before mandate,protective,Protective behaviour,Brazil_before_mandate_protective,Brazil - Before mandate - Protective behaviour,Household COVID Test: Unsure,0.00013849594384782052,93
Random Forest,Brazil,before_mandate,Before mandate,protective,Protective behaviour,Brazil_before_mandate_protective,Brazil - Before mandate - Protective behaviour,State: Mato Grosso do Sul,0.00011972205379668427,94
Random Forest,Brazil,before_mandate,Before mandate,protective,Protective behaviour,Brazil_before_mandate_protective,Brazil - Before mandate - Protective behaviour,PHQ Low Interest: N/A,0.00010830934613536666,95
Random Forest,Brazil,before_mandate,Before mandate,protective,Protective behaviour,Brazil_before_mandate_protective,Brazil - Before mandate - Protective behaviour,Loss of Taste: Yes,8.6529109662018e-05,96
Random Forest,Brazil,before_mandate,Before mandate,protective,Protective behaviour,Brazil_before_mandate_protective,Brazil - Before mandate - Protective behaviour,PHQ Worry: Daily,5.948641677377633e-05,97
Random Forest,Brazil,before_mandate,Before mandate,protective,Protective behaviour,Brazil_before_mandate_protective,Brazil - Before mandate - Protective behaviour,Happiness Change: N/A,5.687706064232956e-05,98
Random Forest,Brazil,before_mandate,Before mandate,protective,Protective behaviour,Brazil_before_mandate_protective,Brazil - Before mandate - Protective behaviour,PHQ Worry: N/A,5.120776554693107e-05,99
Random Forest,Brazil,before_mandate,Before mandate,protective,Protective behaviour,Brazil_before_mandate_protective,Brazil - Before mandate - Protective behaviour,Isolation Willingness: Very Unwilling,3.714259788884873e-05,100
Random Forest,Brazil,before_mandate,Before mandate,protective,Protective behaviour,Brazil_before_mandate_protective,Brazil - Before mandate - Protective behaviour,PHQ Worry: Prefer Not Say,3.2717784759588305e-05,101
Random Forest,Brazil,before_mandate,Before mandate,protective,Protective behaviour,Brazil_before_mandate_protective,Brazil - Before mandate - Protective behaviour,COVID Fear: N/A,2.969903078879795e-05,102
Random Forest,Brazil,before_mandate,Before mandate,protective,Protective behaviour,Brazil_before_mandate_protective,Brazil - Before mandate - Protective behaviour,PHQ Depressed: Prefer Not Say,2.6996578492238237e-05,103
Random Forest,Brazil,before_mandate,Before mandate,protective,Protective behaviour,Brazil_before_mandate_protective,Brazil - Before mandate - Protective behaviour,COVID Test: Pending,2.452272258807893e-06,104
Random Forest,Brazil,before_mandate,Before mandate,protective,Protective behaviour,Brazil_before_mandate_protective,Brazil - Before mandate - Protective behaviour,State: Roraima,0.0,105
Random Forest,Brazil,before_mandate,Before mandate,protective,Protective behaviour,Brazil_before_mandate_protective,Brazil - Before mandate - Protective behaviour,Household COVID Test: Pending,0.0,106
Random Forest,Brazil,before_mandate,Before mandate,protective,Protective behaviour,Brazil_before_mandate_protective,Brazil - Before mandate - Protective behaviour,COVID Test: Positive,0.0,107
Random Forest,Brazil,before_mandate,Before mandate,protective,Protective behaviour,Brazil_before_mandate_protective,Brazil - Before mandate - Protective behaviour,State: Rondonia,0.0,108
Random Forest,Brazil,before_mandate,Before mandate,protective,Protective behaviour,Brazil_before_mandate_protective,Brazil - Before mandate - Protective behaviour,State: Tocantins,0.0,109
Random Forest,Brazil,before_mandate,Before mandate,protective,Protective behaviour,Brazil_before_mandate_protective,Brazil - Before mandate - Protective behaviour,State: Sergipe,0.0,110
Random Forest,Brazil,before_mandate,Before mandate,protective,Protective behaviour,Brazil_before_mandate_protective,Brazil - Before mandate - Protective behaviour,Household COVID Test: Positive,0.0,111
Random Forest,Brazil,before_mandate,Before mandate,protective,Protective behaviour,Brazil_before_mandate_protective,Brazil - Before mandate - Protective behaviour,PHQ Low Interest: Prefer Not Say,0.0,112
Random Forest,Brazil,before_mandate,Before mandate,protective,Protective behaviour,Brazil_before_mandate_protective,Brazil - Before mandate - Protective behaviour,PHQ Anxiety: Prefer Not Say,0.0,113
Random Forest,Brazil,before_mandate,Before mandate,protective,Protective behaviour,Brazil_before_mandate_protective,Brazil - Before mandate - Protective behaviour,Confidence in the government: Unknown,0.0,114
Random Forest,Brazil,before_mandate,Before mandate,protective,Protective behaviour,Brazil_before_mandate_protective,Brazil - Before mandate - Protective behaviour,Happiness Change: Unknown,0.0,115
Random Forest,Brazil,before_mandate,Before mandate,protective,Protective behaviour,Brazil_before_mandate_protective,Brazil - Before mandate - Protective behaviour,COVID Fear: Had COVID,0.0,116
Random Forest,Brazil,before_mandate,Before mandate,protective,Protective behaviour,Brazil_before_mandate_protective,Brazil - Before mandate - Protective behaviour,Gov Response: N/A,0.0,117
Random Forest,Brazil,before_mandate,Before mandate,protective,Protective behaviour,Brazil_before_mandate_protective,Brazil - Before mandate - Protective behaviour,Gov Response: Very Bad,0.0,118
Random Forest,Brazil,before_mandate,Before mandate,protective,Protective behaviour,Brazil_before_mandate_protective,Brazil - Before mandate - Protective behaviour,Gov Response: Somewhat Good,0.0,119
Random Forest,Brazil,before_mandate,Before mandate,protective,Protective behaviour,Brazil_before_mandate_protective,Brazil - Before mandate - Protective behaviour,Gov Response: Somewhat Bad,0.0,120
Random Forest,Brazil,before_mandate,Before mandate,protective,Protective behaviour,Brazil_before_mandate_protective,Brazil - Before mandate - Protective behaviour,Gov Response: Very Good,0.0,121
Random Forest,Brazil,after_mandate,After mandate,mask,Face mask wearing,Brazil_after_mandate_mask,Brazil - After mandate - Face mask wearing,Non-Mask Protective Behavior Score,0.42463703486472276,1
Random Forest,Brazil,after_mandate,After mandate,mask,Face mask wearing,Brazil_after_mandate_mask,Brazil - After mandate - Face mask wearing,Handwashing Count,0.10814312170091837,2
Random Forest,Brazil,after_mandate,After mandate,mask,Face mask wearing,Brazil_after_mandate_mask,Brazil - After mandate - Face mask wearing,Isolation Willingness: Very Willing,0.0924932155573007,3
Random Forest,Brazil,after_mandate,After mandate,mask,Face mask wearing,Brazil_after_mandate_mask,Brazil - After mandate - Face mask wearing,Age,0.038101759841035386,4
Random Forest,Brazil,after_mandate,After mandate,mask,Face mask wearing,Brazil_after_mandate_mask,Brazil - After mandate - Face mask wearing,Outings count,0.020491343093549528,5
Random Forest,Brazil,after_mandate,After mandate,mask,Face mask wearing,Brazil_after_mandate_mask,Brazil - After mandate - Face mask wearing,COVID Fear: Fairly Scared,0.020109751785956316,6
Random Forest,Brazil,after_mandate,After mandate,mask,Face mask wearing,Brazil_after_mandate_mask,Brazil - After mandate - Face mask wearing,Week,0.017385400754831686,7
Random Forest,Brazil,after_mandate,After mandate,mask,Face mask wearing,Brazil_after_mandate_mask,Brazil - After mandate - Face mask wearing,Symptom Isolation: Yes,0.017112573056153317,8
Random Forest,Brazil,after_mandate,After mandate,mask,Face mask wearing,Brazil_after_mandate_mask,Brazil - After mandate - Face mask wearing,State: Pernambuco,0.01570888383252196,9
Random Forest,Brazil,after_mandate,After mandate,mask,Face mask wearing,Brazil_after_mandate_mask,Brazil - After mandate - Face mask wearing,Employment: Not Working,0.014884743555076461,10
Random Forest,Brazil,after_mandate,After mandate,mask,Face mask wearing,Brazil_after_mandate_mask,Brazil - After mandate - Face mask wearing,COVID Fear: Not Scared,0.013463223660379046,11
Random Forest,Brazil,after_mandate,After mandate,mask,Face mask wearing,Brazil_after_mandate_mask,Brazil - After mandate - Face mask wearing,Physical contact count (with family),0.011320602188222867,12
Random Forest,Brazil,after_mandate,After mandate,mask,Face mask wearing,Brazil_after_mandate_mask,Brazil - After mandate - Face mask wearing,PHQ Low Interest: Several Days,0.011073759619610166,13
Random Forest,Brazil,after_mandate,After mandate,mask,Face mask wearing,Brazil_after_mandate_mask,Brazil - After mandate - Face mask wearing,Isolation Ease: Somewhat Easy,0.01086791747080701,14
Random Forest,Brazil,after_mandate,After mandate,mask,Face mask wearing,Brazil_after_mandate_mask,Brazil - After mandate - Face mask wearing,Physical contact count (with stranger),0.010522771063539755,15
Random Forest,Brazil,after_mandate,After mandate,mask,Face mask wearing,Brazil_after_mandate_mask,Brazil - After mandate - Face mask wearing,State: Bahia,0.009316460040693576,16
Random Forest,Brazil,after_mandate,After mandate,mask,Face mask wearing,Brazil_after_mandate_mask,Brazil - After mandate - Face mask wearing,Household Size,0.00887360964989711,17
Random Forest,Brazil,after_mandate,After mandate,mask,Face mask wearing,Brazil_after_mandate_mask,Brazil - After mandate - Face mask wearing,Isolation Willingness: Very Unwilling,0.008312992400873992,18
Random Forest,Brazil,after_mandate,After mandate,mask,Face mask wearing,Brazil_after_mandate_mask,Brazil - After mandate - Face mask wearing,Happiness Change: N/A,0.0066565607815267476,19
Random Forest,Brazil,after_mandate,After mandate,mask,Face mask wearing,Brazil_after_mandate_mask,Brazil - After mandate - Face mask wearing,Gov Response: Somewhat Good,0.0057831688131334364,20
Random Forest,Brazil,after_mandate,After mandate,mask,Face mask wearing,Brazil_after_mandate_mask,Brazil - After mandate - Face mask wearing,Isolation Ease: Very Easy,0.005616124135463644,21
Random Forest,Brazil,after_mandate,After mandate,mask,Face mask wearing,Brazil_after_mandate_mask,Brazil - After mandate - Face mask wearing,PHQ Worry: Several Days,0.004981457893148732,22
Random Forest,Brazil,after_mandate,After mandate,mask,Face mask wearing,Brazil_after_mandate_mask,Brazil - After mandate - Face mask wearing,No Symptoms: Yes,0.004830018311006325,23
Random Forest,Brazil,after_mandate,After mandate,mask,Face mask wearing,Brazil_after_mandate_mask,Brazil - After mandate - Face mask wearing,Isolation Willingness: Somewhat Willing,0.00427334053410786,24
Random Forest,Brazil,after_mandate,After mandate,mask,Face mask wearing,Brazil_after_mandate_mask,Brazil - After mandate - Face mask wearing,COVID Fear: Very Scared,0.0038889683624975203,25
Random Forest,Brazil,after_mandate,After mandate,mask,Face mask wearing,Brazil_after_mandate_mask,Brazil - After mandate - Face mask wearing,Symptom Isolation: No,0.0036897026993492825,26
Random Forest,Brazil,after_mandate,After mandate,mask,Face mask wearing,Brazil_after_mandate_mask,Brazil - After mandate - Face mask wearing,Is a male?,0.0036855490670108576,27
Random Forest,Brazil,after_mandate,After mandate,mask,Face mask wearing,Brazil_after_mandate_mask,Brazil - After mandate - Face mask wearing,Confidence in the government: Low,0.0036038336338855893,28
Random Forest,Brazil,after_mandate,After mandate,mask,Face mask wearing,Brazil_after_mandate_mask,Brazil - After mandate - Face mask wearing,Gov Response: N/A,0.003460907606137692,29
Random Forest,Brazil,after_mandate,After mandate,mask,Face mask wearing,Brazil_after_mandate_mask,Brazil - After mandate - Face mask wearing,Household COVID Test: Not done,0.003429293909617401,30
Random Forest,Brazil,after_mandate,After mandate,mask,Face mask wearing,Brazil_after_mandate_mask,Brazil - After mandate - Face mask wearing,State: Rio Grande do Sul,0.003121017807120219,31
Random Forest,Brazil,after_mandate,After mandate,mask,Face mask wearing,Brazil_after_mandate_mask,Brazil - After mandate - Face mask wearing,PHQ Worry: Daily,0.0029238504319912865,32
Random Forest,Brazil,after_mandate,After mandate,mask,Face mask wearing,Brazil_after_mandate_mask,Brazil - After mandate - Face mask wearing,Employment: Unemployed,0.0028911208935706277,33
Random Forest,Brazil,after_mandate,After mandate,mask,Face mask wearing,Brazil_after_mandate_mask,Brazil - After mandate - Face mask wearing,PHQ Low Interest: Daily,0.0028290817336723887,34
Random Forest,Brazil,after_mandate,After mandate,mask,Face mask wearing,Brazil_after_mandate_mask,Brazil - After mandate - Face mask wearing,Confidence in the government: None,0.002818135731582907,35
Random Forest,Brazil,after_mandate,After mandate,mask,Face mask wearing,Brazil_after_mandate_mask,Brazil - After mandate - Face mask wearing,Gov Response: Somewhat Bad,0.002766608680852934,36
Random Forest,Brazil,after_mandate,After mandate,mask,Face mask wearing,Brazil_after_mandate_mask,Brazil - After mandate - Face mask wearing,State: Minas Gerais,0.0026816784849401053,37
Random Forest,Brazil,after_mandate,After mandate,mask,Face mask wearing,Brazil_after_mandate_mask,Brazil - After mandate - Face mask wearing,Household COVID Test: Unsure,0.0026621156601669936,38
Random Forest,Brazil,after_mandate,After mandate,mask,Face mask wearing,Brazil_after_mandate_mask,Brazil - After mandate - Face mask wearing,Happiness Change: Unknown,0.0025647568754095687,39
Random Forest,Brazil,after_mandate,After mandate,mask,Face mask wearing,Brazil_after_mandate_mask,Brazil - After mandate - Face mask wearing,PHQ Anxiety: Several Days,0.00254036766256465,40
Random Forest,Brazil,after_mandate,After mandate,mask,Face mask wearing,Brazil_after_mandate_mask,Brazil - After mandate - Face mask wearing,PHQ Low Interest: Prefer Not Say,0.002461257768307273,41
Random Forest,Brazil,after_mandate,After mandate,mask,Face mask wearing,Brazil_after_mandate_mask,Brazil - After mandate - Face mask wearing,Isolation Ease: Very Difficult,0.002430113722994229,42
Random Forest,Brazil,after_mandate,After mandate,mask,Face mask wearing,Brazil_after_mandate_mask,Brazil - After mandate - Face mask wearing,COVID Fear: Slightly Scared,0.002171467971726313,43
Random Forest,Brazil,after_mandate,After mandate,mask,Face mask wearing,Brazil_after_mandate_mask,Brazil - After mandate - Face mask wearing,Loss of Smell: No,0.002028378671407286,44
Random Forest,Brazil,after_mandate,After mandate,mask,Face mask wearing,Brazil_after_mandate_mask,Brazil - After mandate - Face mask wearing,Employment: Part Time,0.001975865025736579,45
Random Forest,Brazil,after_mandate,After mandate,mask,Face mask wearing,Brazil_after_mandate_mask,Brazil - After mandate - Face mask wearing,PHQ Depressed: Not At All,0.001965099158596836,46
Random Forest,Brazil,after_mandate,After mandate,mask,Face mask wearing,Brazil_after_mandate_mask,Brazil - After mandate - Face mask wearing,Happiness Change: Somewhat More,0.0019584370225635777,47
Random Forest,Brazil,after_mandate,After mandate,mask,Face mask wearing,Brazil_after_mandate_mask,Brazil - After mandate - Face mask wearing,Happiness Change: Much More,0.0018308251218836242,48
Random Forest,Brazil,after_mandate,After mandate,mask,Face mask wearing,Brazil_after_mandate_mask,Brazil - After mandate - Face mask wearing,Symptom Isolation: Unsure,0.0017975133832943014,49
Random Forest,Brazil,after_mandate,After mandate,mask,Face mask wearing,Brazil_after_mandate_mask,Brazil - After mandate - Face mask wearing,No Symptoms: No,0.0017895479536696988,50
Random Forest,Brazil,after_mandate,After mandate,mask,Face mask wearing,Brazil_after_mandate_mask,Brazil - After mandate - Face mask wearing,State: Sao Paulo,0.0016201083513657467,51
Random Forest,Brazil,after_mandate,After mandate,mask,Face mask wearing,Brazil_after_mandate_mask,Brazil - After mandate - Face mask wearing,COVID Fear: Had COVID,0.0016196622957961877,52
Random Forest,Brazil,after_mandate,After mandate,mask,Face mask wearing,Brazil_after_mandate_mask,Brazil - After mandate - Face mask wearing,Isolation Ease: Unsure,0.00159932514536037,53
Random Forest,Brazil,after_mandate,After mandate,mask,Face mask wearing,Brazil_after_mandate_mask,Brazil - After mandate - Face mask wearing,Confidence in the government: Unknown,0.0015847913114003908,54
Random Forest,Brazil,after_mandate,After mandate,mask,Face mask wearing,Brazil_after_mandate_mask,Brazil - After mandate - Face mask wearing,Gov Response: Very Bad,0.0015716331777225238,55
Random Forest,Brazil,after_mandate,After mandate,mask,Face mask wearing,Brazil_after_mandate_mask,Brazil - After mandate - Face mask wearing,Comorbidity: No,0.0015500715906893983,56
Random Forest,Brazil,after_mandate,After mandate,mask,Face mask wearing,Brazil_after_mandate_mask,Brazil - After mandate - Face mask wearing,PHQ Low Interest: Not At All,0.0015095103735187122,57
Random Forest,Brazil,after_mandate,After mandate,mask,Face mask wearing,Brazil_after_mandate_mask,Brazil - After mandate - Face mask wearing,PHQ Depressed: Several Days,0.0014850735598206579,58
Random Forest,Brazil,after_mandate,After mandate,mask,Face mask wearing,Brazil_after_mandate_mask,Brazil - After mandate - Face mask wearing,Comorbidity: Yes,0.0014348123312751193,59
Random Forest,Brazil,after_mandate,After mandate,mask,Face mask wearing,Brazil_after_mandate_mask,Brazil - After mandate - Face mask wearing,Happiness Change: Much Less,0.0014091146435056166,60
Random Forest,Brazil,after_mandate,After mandate,mask,Face mask wearing,Brazil_after_mandate_mask,Brazil - After mandate - Face mask wearing,PHQ Anxiety: Not At All,0.0014026598241417077,61
Random Forest,Brazil,after_mandate,After mandate,mask,Face mask wearing,Brazil_after_mandate_mask,Brazil - After mandate - Face mask wearing,State: Mato Grosso,0.0013661594756411086,62
Random Forest,Brazil,after_mandate,After mandate,mask,Face mask wearing,Brazil_after_mandate_mask,Brazil - After mandate - Face mask wearing,Loss of Taste: No,0.001282695348832764,63
Random Forest,Brazil,after_mandate,After mandate,mask,Face mask wearing,Brazil_after_mandate_mask,Brazil - After mandate - Face mask wearing,Isolation Ease: Somewhat Difficult,0.0012443947697898725,64
Random Forest,Brazil,after_mandate,After mandate,mask,Face mask wearing,Brazil_after_mandate_mask,Brazil - After mandate - Face mask wearing,PHQ Depressed: Daily,0.0012044958567006656,65
Random Forest,Brazil,after_mandate,After mandate,mask,Face mask wearing,Brazil_after_mandate_mask,Brazil - After mandate - Face mask wearing,Employment: Retired,0.001126731724322839,66
Random Forest,Brazil,after_mandate,After mandate,mask,Face mask wearing,Brazil_after_mandate_mask,Brazil - After mandate - Face mask wearing,Isolation Willingness: Neutral,0.0010861110017899855,67
Random Forest,Brazil,after_mandate,After mandate,mask,Face mask wearing,Brazil_after_mandate_mask,Brazil - After mandate - Face mask wearing,State: Rio de Janeiro,0.0010230063994188165,68
Random Forest,Brazil,after_mandate,After mandate,mask,Face mask wearing,Brazil_after_mandate_mask,Brazil - After mandate - Face mask wearing,Isolation Willingness: Somewhat Unwilling,0.0009318357963823479,69
Random Forest,Brazil,after_mandate,After mandate,mask,Face mask wearing,Brazil_after_mandate_mask,Brazil - After mandate - Face mask wearing,COVID Test: Not done,0.0008773923564655024,70
Random Forest,Brazil,after_mandate,After mandate,mask,Face mask wearing,Brazil_after_mandate_mask,Brazil - After mandate - Face mask wearing,State: Alagoas,0.0008724900196620509,71
Random Forest,Brazil,after_mandate,After mandate,mask,Face mask wearing,Brazil_after_mandate_mask,Brazil - After mandate - Face mask wearing,Isolation Ease: Neutral,0.0007843886989669132,72
Random Forest,Brazil,after_mandate,After mandate,mask,Face mask wearing,Brazil_after_mandate_mask,Brazil - After mandate - Face mask wearing,PHQ Anxiety: Daily,0.0007617555724025091,73
Random Forest,Brazil,after_mandate,After mandate,mask,Face mask wearing,Brazil_after_mandate_mask,Brazil - After mandate - Face mask wearing,Dry Cough: No,0.0007311854547967508,74
Random Forest,Brazil,after_mandate,After mandate,mask,Face mask wearing,Brazil_after_mandate_mask,Brazil - After mandate - Face mask wearing,PHQ Depressed: Prefer Not Say,0.0007286462428166069,75
Random Forest,Brazil,after_mandate,After mandate,mask,Face mask wearing,Brazil_after_mandate_mask,Brazil - After mandate - Face mask wearing,Household COVID Test: Negative,0.0007269681599078696,76
Random Forest,Brazil,after_mandate,After mandate,mask,Face mask wearing,Brazil_after_mandate_mask,Brazil - After mandate - Face mask wearing,PHQ Worry: Not At All,0.0006988913944452852,77
Random Forest,Brazil,after_mandate,After mandate,mask,Face mask wearing,Brazil_after_mandate_mask,Brazil - After mandate - Face mask wearing,Employment: Student,0.0006759442900422695,78
Random Forest,Brazil,after_mandate,After mandate,mask,Face mask wearing,Brazil_after_mandate_mask,Brazil - After mandate - Face mask wearing,State: Amazonas,0.000674256020567821,79
Random Forest,Brazil,after_mandate,After mandate,mask,Face mask wearing,Brazil_after_mandate_mask,Brazil - After mandate - Face mask wearing,Fever: Yes,0.0006719877079955053,80
Random Forest,Brazil,after_mandate,After mandate,mask,Face mask wearing,Brazil_after_mandate_mask,Brazil - After mandate - Face mask wearing,State: Rondonia,0.000639432630545357,81
Random Forest,Brazil,after_mandate,After mandate,mask,Face mask wearing,Brazil_after_mandate_mask,Brazil - After mandate - Face mask wearing,State: Santa Catarina,0.0006263900510057357,82
Random Forest,Brazil,after_mandate,After mandate,mask,Face mask wearing,Brazil_after_mandate_mask,Brazil - After mandate - Face mask wearing,Gov Response: Very Good,0.0006147999376725475,83
Random Forest,Brazil,after_mandate,After mandate,mask,Face mask wearing,Brazil_after_mandate_mask,Brazil - After mandate - Face mask wearing,State: Rio Grande do Norte,0.0006044388918702218,84
Random Forest,Brazil,after_mandate,After mandate,mask,Face mask wearing,Brazil_after_mandate_mask,Brazil - After mandate - Face mask wearing,State: Ceara,0.0006006776056660078,85
Random Forest,Brazil,after_mandate,After mandate,mask,Face mask wearing,Brazil_after_mandate_mask,Brazil - After mandate - Face mask wearing,Confidence in the government: High,0.0005306137921033269,86
Random Forest,Brazil,after_mandate,After mandate,mask,Face mask wearing,Brazil_after_mandate_mask,Brazil - After mandate - Face mask wearing,State: Distrito Federal,0.000493791288558073,87
Random Forest,Brazil,after_mandate,After mandate,mask,Face mask wearing,Brazil_after_mandate_mask,Brazil - After mandate - Face mask wearing,PHQ Worry: Prefer Not Say,0.0004932313276818562,88
Random Forest,Brazil,after_mandate,After mandate,mask,Face mask wearing,Brazil_after_mandate_mask,Brazil - After mandate - Face mask wearing,State: Parana,0.0004912094568134358,89
Random Forest,Brazil,after_mandate,After mandate,mask,Face mask wearing,Brazil_after_mandate_mask,Brazil - After mandate - Face mask wearing,Employment: Other,0.00048429388439533985,90
Random Forest,Brazil,after_mandate,After mandate,mask,Face mask wearing,Brazil_after_mandate_mask,Brazil - After mandate - Face mask wearing,Household COVID Test: Positive,0.0004796529507760046,91
Random Forest,Brazil,after_mandate,After mandate,mask,Face mask wearing,Brazil_after_mandate_mask,Brazil - After mandate - Face mask wearing,COVID Test: Negative,0.0004356800149222121,92
Random Forest,Brazil,after_mandate,After mandate,mask,Face mask wearing,Brazil_after_mandate_mask,Brazil - After mandate - Face mask wearing,Loss of Smell: Yes,0.00040601174680940036,93
Random Forest,Brazil,after_mandate,After mandate,mask,Face mask wearing,Brazil_after_mandate_mask,Brazil - After mandate - Face mask wearing,State: Para,0.0003732807529106358,94
Random Forest,Brazil,after_mandate,After mandate,mask,Face mask wearing,Brazil_after_mandate_mask,Brazil - After mandate - Face mask wearing,Happiness Change: Somewhat Less,0.00035857845045571675,95
Random Forest,Brazil,after_mandate,After mandate,mask,Face mask wearing,Brazil_after_mandate_mask,Brazil - After mandate - Face mask wearing,Shortness of Breath: No,0.00031672289502964325,96
Random Forest,Brazil,after_mandate,After mandate,mask,Face mask wearing,Brazil_after_mandate_mask,Brazil - After mandate - Face mask wearing,Comorbidity: Prefer Not Say,0.0002954318429946817,97
Random Forest,Brazil,after_mandate,After mandate,mask,Face mask wearing,Brazil_after_mandate_mask,Brazil - After mandate - Face mask wearing,Shortness of Breath: Yes,0.00028317958575151684,98
Random Forest,Brazil,after_mandate,After mandate,mask,Face mask wearing,Brazil_after_mandate_mask,Brazil - After mandate - Face mask wearing,State: Piaui,0.0002713352844124344,99
Random Forest,Brazil,after_mandate,After mandate,mask,Face mask wearing,Brazil_after_mandate_mask,Brazil - After mandate - Face mask wearing,Loss of Taste: Yes,0.0002639373871315262,100
Random Forest,Brazil,after_mandate,After mandate,mask,Face mask wearing,Brazil_after_mandate_mask,Brazil - After mandate - Face mask wearing,Dry Cough: Yes,0.00021179886444449832,101
Random Forest,Brazil,after_mandate,After mandate,mask,Face mask wearing,Brazil_after_mandate_mask,Brazil - After mandate - Face mask wearing,State: Tocantins,0.00018561068221754445,102
Random Forest,Brazil,after_mandate,After mandate,mask,Face mask wearing,Brazil_after_mandate_mask,Brazil - After mandate - Face mask wearing,State: Espirito Santo,0.00017974297801864723,103
Random Forest,Brazil,after_mandate,After mandate,mask,Face mask wearing,Brazil_after_mandate_mask,Brazil - After mandate - Face mask wearing,Fever: No,0.00016361156892498772,104
Random Forest,Brazil,after_mandate,After mandate,mask,Face mask wearing,Brazil_after_mandate_mask,Brazil - After mandate - Face mask wearing,State: Paraiba,0.0001544764656685396,105
Random Forest,Brazil,after_mandate,After mandate,mask,Face mask wearing,Brazil_after_mandate_mask,Brazil - After mandate - Face mask wearing,State: Mato Grosso do Sul,0.00013539624962179082,106
Random Forest,Brazil,after_mandate,After mandate,mask,Face mask wearing,Brazil_after_mandate_mask,Brazil - After mandate - Face mask wearing,State: Maranhao,0.00012731083399658108,107
Random Forest,Brazil,after_mandate,After mandate,mask,Face mask wearing,Brazil_after_mandate_mask,Brazil - After mandate - Face mask wearing,Household COVID Test: Pending,0.00011853919635760166,108
Random Forest,Brazil,after_mandate,After mandate,mask,Face mask wearing,Brazil_after_mandate_mask,Brazil - After mandate - Face mask wearing,Isolation Willingness: Unsure,0.00010371287703148093,109
Random Forest,Brazil,after_mandate,After mandate,mask,Face mask wearing,Brazil_after_mandate_mask,Brazil - After mandate - Face mask wearing,COVID Test: Pending,9.990479041882291e-05,110
Random Forest,Brazil,after_mandate,After mandate,mask,Face mask wearing,Brazil_after_mandate_mask,Brazil - After mandate - Face mask wearing,State: Sergipe,9.49796121869892e-05,111
Random Forest,Brazil,after_mandate,After mandate,mask,Face mask wearing,Brazil_after_mandate_mask,Brazil - After mandate - Face mask wearing,State: Goias,8.431215649920078e-05,112
Random Forest,Brazil,after_mandate,After mandate,mask,Face mask wearing,Brazil_after_mandate_mask,Brazil - After mandate - Face mask wearing,COVID Test: Positive,7.287946053677056e-05,113
Random Forest,Brazil,after_mandate,After mandate,mask,Face mask wearing,Brazil_after_mandate_mask,Brazil - After mandate - Face mask wearing,PHQ Anxiety: Prefer Not Say,2.3605946000569213e-05,114
Random Forest,Brazil,after_mandate,After mandate,mask,Face mask wearing,Brazil_after_mandate_mask,Brazil - After mandate - Face mask wearing,State: Roraima,0.0,115
Random Forest,Brazil,after_mandate,After mandate,mask,Face mask wearing,Brazil_after_mandate_mask,Brazil - After mandate - Face mask wearing,State: Amapa,0.0,116
Random Forest,Brazil,after_mandate,After mandate,mask,Face mask wearing,Brazil_after_mandate_mask,Brazil - After mandate - Face mask wearing,PHQ Low Interest: N/A,0.0,117
Random Forest,Brazil,after_mandate,After mandate,mask,Face mask wearing,Brazil_after_mandate_mask,Brazil - After mandate - Face mask wearing,PHQ Depressed: N/A,0.0,118
Random Forest,Brazil,after_mandate,After mandate,mask,Face mask wearing,Brazil_after_mandate_mask,Brazil - After mandate - Face mask wearing,PHQ Anxiety: N/A,0.0,119
Random Forest,Brazil,after_mandate,After mandate,mask,Face mask wearing,Brazil_after_mandate_mask,Brazil - After mandate - Face mask wearing,PHQ Worry: N/A,0.0,120
Random Forest,Brazil,after_mandate,After mandate,mask,Face mask wearing,Brazil_after_mandate_mask,Brazil - After mandate - Face mask wearing,Confidence in the government: N/A,0.0,121
Random Forest,Brazil,after_mandate,After mandate,mask,Face mask wearing,Brazil_after_mandate_mask,Brazil - After mandate - Face mask wearing,COVID Fear: N/A,0.0,122
Random Forest,Brazil,after_mandate,After mandate,protective,Protective behaviour,Brazil_after_mandate_protective,Brazil - After mandate - Protective behaviour,Handwashing Count,0.09454581107186835,1
Random Forest,Brazil,after_mandate,After mandate,protective,Protective behaviour,Brazil_after_mandate_protective,Brazil - After mandate - Protective behaviour,Outings count,0.07299743633141176,2
Random Forest,Brazil,after_mandate,After mandate,protective,Protective behaviour,Brazil_after_mandate_protective,Brazil - After mandate - Protective behaviour,Physical contact count (with stranger),0.07260558447948695,3
Random Forest,Brazil,after_mandate,After mandate,protective,Protective behaviour,Brazil_after_mandate_protective,Brazil - After mandate - Protective behaviour,Isolation Willingness: Very Willing,0.0718506901766997,4
Random Forest,Brazil,after_mandate,After mandate,protective,Protective behaviour,Brazil_after_mandate_protective,Brazil - After mandate - Protective behaviour,Age,0.05157548367661414,5
Random Forest,Brazil,after_mandate,After mandate,protective,Protective behaviour,Brazil_after_mandate_protective,Brazil - After mandate - Protective behaviour,COVID Fear: Not Scared,0.04036985578097441,6
Random Forest,Brazil,after_mandate,After mandate,protective,Protective behaviour,Brazil_after_mandate_protective,Brazil - After mandate - Protective behaviour,COVID Fear: Very Scared,0.03284390550142985,7
Random Forest,Brazil,after_mandate,After mandate,protective,Protective behaviour,Brazil_after_mandate_protective,Brazil - After mandate - Protective behaviour,Symptom Isolation: Yes,0.030909858951532535,8
Random Forest,Brazil,after_mandate,After mandate,protective,Protective behaviour,Brazil_after_mandate_protective,Brazil - After mandate - Protective behaviour,Week,0.030254074322732655,9
Random Forest,Brazil,after_mandate,After mandate,protective,Protective behaviour,Brazil_after_mandate_protective,Brazil - After mandate - Protective behaviour,Physical contact count (with family),0.02886212109513985,10
Random Forest,Brazil,after_mandate,After mandate,protective,Protective behaviour,Brazil_after_mandate_protective,Brazil - After mandate - Protective behaviour,Household Size,0.022346306699206883,11
Random Forest,Brazil,after_mandate,After mandate,protective,Protective behaviour,Brazil_after_mandate_protective,Brazil - After mandate - Protective behaviour,Is a male?,0.020307669869425907,12
Random Forest,Brazil,after_mandate,After mandate,protective,Protective behaviour,Brazil_after_mandate_protective,Brazil - After mandate - Protective behaviour,COVID Fear: Fairly Scared,0.018141106287979478,13
Random Forest,Brazil,after_mandate,After mandate,protective,Protective behaviour,Brazil_after_mandate_protective,Brazil - After mandate - Protective behaviour,Symptom Isolation: No,0.01676754603379548,14
Random Forest,Brazil,after_mandate,After mandate,protective,Protective behaviour,Brazil_after_mandate_protective,Brazil - After mandate - Protective behaviour,COVID Fear: Slightly Scared,0.01569780009693998,15
Random Forest,Brazil,after_mandate,After mandate,protective,Protective behaviour,Brazil_after_mandate_protective,Brazil - After mandate - Protective behaviour,Isolation Willingness: Neutral,0.014554787338539828,16
Random Forest,Brazil,after_mandate,After mandate,protective,Protective behaviour,Brazil_after_mandate_protective,Brazil - After mandate - Protective behaviour,Symptom Isolation: Unsure,0.010647811046440598,17
Random Forest,Brazil,after_mandate,After mandate,protective,Protective behaviour,Brazil_after_mandate_protective,Brazil - After mandate - Protective behaviour,Isolation Ease: Very Difficult,0.01054564848548748,18
Random Forest,Brazil,after_mandate,After mandate,protective,Protective behaviour,Brazil_after_mandate_protective,Brazil - After mandate - Protective behaviour,Isolation Ease: Very Easy,0.010021564014329609,19
Random Forest,Brazil,after_mandate,After mandate,protective,Protective behaviour,Brazil_after_mandate_protective,Brazil - After mandate - Protective behaviour,Gov Response: Somewhat Good,0.00847877539588054,20
Random Forest,Brazil,after_mandate,After mandate,protective,Protective behaviour,Brazil_after_mandate_protective,Brazil - After mandate - Protective behaviour,PHQ Worry: Several Days,0.007968664373401924,21
Random Forest,Brazil,after_mandate,After mandate,protective,Protective behaviour,Brazil_after_mandate_protective,Brazil - After mandate - Protective behaviour,Confidence in the government: Low,0.007661872264473528,22
Random Forest,Brazil,after_mandate,After mandate,protective,Protective behaviour,Brazil_after_mandate_protective,Brazil - After mandate - Protective behaviour,PHQ Anxiety: Several Days,0.007400300647115491,23
Random Forest,Brazil,after_mandate,After mandate,protective,Protective behaviour,Brazil_after_mandate_protective,Brazil - After mandate - Protective behaviour,Household COVID Test: Not done,0.00714077174793898,24
Random Forest,Brazil,after_mandate,After mandate,protective,Protective behaviour,Brazil_after_mandate_protective,Brazil - After mandate - Protective behaviour,Confidence in the government: None,0.007102602774469864,25
Random Forest,Brazil,after_mandate,After mandate,protective,Protective behaviour,Brazil_after_mandate_protective,Brazil - After mandate - Protective behaviour,Comorbidity: Yes,0.0070344934726698305,26
Random Forest,Brazil,after_mandate,After mandate,protective,Protective behaviour,Brazil_after_mandate_protective,Brazil - After mandate - Protective behaviour,PHQ Low Interest: Several Days,0.00697419857964631,27
Random Forest,Brazil,after_mandate,After mandate,protective,Protective behaviour,Brazil_after_mandate_protective,Brazil - After mandate - Protective behaviour,PHQ Depressed: Not At All,0.0069437613651016725,28
Random Forest,Brazil,after_mandate,After mandate,protective,Protective behaviour,Brazil_after_mandate_protective,Brazil - After mandate - Protective behaviour,Employment: Unemployed,0.006922195631667981,29
Random Forest,Brazil,after_mandate,After mandate,protective,Protective behaviour,Brazil_after_mandate_protective,Brazil - After mandate - Protective behaviour,Happiness Change: N/A,0.006802294137397975,30
Random Forest,Brazil,after_mandate,After mandate,protective,Protective behaviour,Brazil_after_mandate_protective,Brazil - After mandate - Protective behaviour,State: Sao Paulo,0.006765759084403366,31
Random Forest,Brazil,after_mandate,After mandate,protective,Protective behaviour,Brazil_after_mandate_protective,Brazil - After mandate - Protective behaviour,Comorbidity: No,0.006693432299136051,32
Random Forest,Brazil,after_mandate,After mandate,protective,Protective behaviour,Brazil_after_mandate_protective,Brazil - After mandate - Protective behaviour,Isolation Willingness: Somewhat Unwilling,0.00645095997352018,33
Random Forest,Brazil,after_mandate,After mandate,protective,Protective behaviour,Brazil_after_mandate_protective,Brazil - After mandate - Protective behaviour,Isolation Willingness: Somewhat Willing,0.006295586308008247,34
Random Forest,Brazil,after_mandate,After mandate,protective,Protective behaviour,Brazil_after_mandate_protective,Brazil - After mandate - Protective behaviour,PHQ Low Interest: Not At All,0.006294474282955719,35
Random Forest,Brazil,after_mandate,After mandate,protective,Protective behaviour,Brazil_after_mandate_protective,Brazil - After mandate - Protective behaviour,PHQ Depressed: Several Days,0.006141829556214185,36
Random Forest,Brazil,after_mandate,After mandate,protective,Protective behaviour,Brazil_after_mandate_protective,Brazil - After mandate - Protective behaviour,PHQ Worry: Not At All,0.006116541069042268,37
Random Forest,Brazil,after_mandate,After mandate,protective,Protective behaviour,Brazil_after_mandate_protective,Brazil - After mandate - Protective behaviour,Gov Response: Very Bad,0.006078126528058689,38
Random Forest,Brazil,after_mandate,After mandate,protective,Protective behaviour,Brazil_after_mandate_protective,Brazil - After mandate - Protective behaviour,PHQ Worry: Daily,0.00592169786363272,39
Random Forest,Brazil,after_mandate,After mandate,protective,Protective behaviour,Brazil_after_mandate_protective,Brazil - After mandate - Protective behaviour,PHQ Anxiety: Not At All,0.005697270545259034,40
Random Forest,Brazil,after_mandate,After mandate,protective,Protective behaviour,Brazil_after_mandate_protective,Brazil - After mandate - Protective behaviour,Isolation Willingness: Very Unwilling,0.005684522824762769,41
Random Forest,Brazil,after_mandate,After mandate,protective,Protective behaviour,Brazil_after_mandate_protective,Brazil - After mandate - Protective behaviour,Gov Response: Somewhat Bad,0.005452432981311494,42
Random Forest,Brazil,after_mandate,After mandate,protective,Protective behaviour,Brazil_after_mandate_protective,Brazil - After mandate - Protective behaviour,Happiness Change: Somewhat More,0.005235785884238255,43
Random Forest,Brazil,after_mandate,After mandate,protective,Protective behaviour,Brazil_after_mandate_protective,Brazil - After mandate - Protective behaviour,Gov Response: Very Good,0.005064105820977285,44
Random Forest,Brazil,after_mandate,After mandate,protective,Protective behaviour,Brazil_after_mandate_protective,Brazil - After mandate - Protective behaviour,PHQ Anxiety: Daily,0.005032741293248554,45
Random Forest,Brazil,after_mandate,After mandate,protective,Protective behaviour,Brazil_after_mandate_protective,Brazil - After mandate - Protective behaviour,Isolation Ease: Neutral,0.004968259149109235,46
Random Forest,Brazil,after_mandate,After mandate,protective,Protective behaviour,Brazil_after_mandate_protective,Brazil - After mandate - Protective behaviour,No Symptoms: Yes,0.004927228669072261,47
Random Forest,Brazil,after_mandate,After mandate,protective,Protective behaviour,Brazil_after_mandate_protective,Brazil - After mandate - Protective behaviour,Isolation Ease: Somewhat Easy,0.004854666624861283,48
Random Forest,Brazil,after_mandate,After mandate,protective,Protective behaviour,Brazil_after_mandate_protective,Brazil - After mandate - Protective behaviour,Employment: Part Time,0.00480840694117581,49
Random Forest,Brazil,after_mandate,After mandate,protective,Protective behaviour,Brazil_after_mandate_protective,Brazil - After mandate - Protective behaviour,PHQ Low Interest: Daily,0.004786897271932061,50
Random Forest,Brazil,after_mandate,After mandate,protective,Protective behaviour,Brazil_after_mandate_protective,Brazil - After mandate - Protective behaviour,Employment: Retired,0.004532532853706716,51
Random Forest,Brazil,after_mandate,After mandate,protective,Protective behaviour,Brazil_after_mandate_protective,Brazil - After mandate - Protective behaviour,Confidence in the government: High,0.004514500145538739,52
Random Forest,Brazil,after_mandate,After mandate,protective,Protective behaviour,Brazil_after_mandate_protective,Brazil - After mandate - Protective behaviour,Gov Response: N/A,0.004511623134093713,53
Random Forest,Brazil,after_mandate,After mandate,protective,Protective behaviour,Brazil_after_mandate_protective,Brazil - After mandate - Protective behaviour,State: Bahia,0.004450964500316621,54
Random Forest,Brazil,after_mandate,After mandate,protective,Protective behaviour,Brazil_after_mandate_protective,Brazil - After mandate - Protective behaviour,No Symptoms: No,0.004433233635724478,55
Random Forest,Brazil,after_mandate,After mandate,protective,Protective behaviour,Brazil_after_mandate_protective,Brazil - After mandate - Protective behaviour,PHQ Depressed: Daily,0.0043839853568358985,56
Random Forest,Brazil,after_mandate,After mandate,protective,Protective behaviour,Brazil_after_mandate_protective,Brazil - After mandate - Protective behaviour,Isolation Ease: Somewhat Difficult,0.0043342738611496165,57
Random Forest,Brazil,after_mandate,After mandate,protective,Protective behaviour,Brazil_after_mandate_protective,Brazil - After mandate - Protective behaviour,State: Minas Gerais,0.004193036977436943,58
Random Forest,Brazil,after_mandate,After mandate,protective,Protective behaviour,Brazil_after_mandate_protective,Brazil - After mandate - Protective behaviour,State: Parana,0.003517391304988442,59
Random Forest,Brazil,after_mandate,After mandate,protective,Protective behaviour,Brazil_after_mandate_protective,Brazil - After mandate - Protective behaviour,COVID Test: Not done,0.003511755177008821,60
Random Forest,Brazil,after_mandate,After mandate,protective,Protective behaviour,Brazil_after_mandate_protective,Brazil - After mandate - Protective behaviour,Confidence in the government: Unknown,0.003466138236823381,61
Random Forest,Brazil,after_mandate,After mandate,protective,Protective behaviour,Brazil_after_mandate_protective,Brazil - After mandate - Protective behaviour,Happiness Change: Much More,0.0034204098826655614,62
Random Forest,Brazil,after_mandate,After mandate,protective,Protective behaviour,Brazil_after_mandate_protective,Brazil - After mandate - Protective behaviour,State: Amazonas,0.003368722755918799,63
Random Forest,Brazil,after_mandate,After mandate,protective,Protective behaviour,Brazil_after_mandate_protective,Brazil - After mandate - Protective behaviour,Shortness of Breath: No,0.003289102745596841,64
Random Forest,Brazil,after_mandate,After mandate,protective,Protective behaviour,Brazil_after_mandate_protective,Brazil - After mandate - Protective behaviour,Employment: Not Working,0.0032508160173103985,65
Random Forest,Brazil,after_mandate,After mandate,protective,Protective behaviour,Brazil_after_mandate_protective,Brazil - After mandate - Protective behaviour,State: Ceara,0.0031075698894374964,66
Random Forest,Brazil,after_mandate,After mandate,protective,Protective behaviour,Brazil_after_mandate_protective,Brazil - After mandate - Protective behaviour,Happiness Change: Somewhat Less,0.0030999627272328394,67
Random Forest,Brazil,after_mandate,After mandate,protective,Protective behaviour,Brazil_after_mandate_protective,Brazil - After mandate - Protective behaviour,Household COVID Test: Negative,0.0030889466277538003,68
Random Forest,Brazil,after_mandate,After mandate,protective,Protective behaviour,Brazil_after_mandate_protective,Brazil - After mandate - Protective behaviour,State: Para,0.003067015495042584,69
Random Forest,Brazil,after_mandate,After mandate,protective,Protective behaviour,Brazil_after_mandate_protective,Brazil - After mandate - Protective behaviour,State: Rio de Janeiro,0.0030630215837250036,70
Random Forest,Brazil,after_mandate,After mandate,protective,Protective behaviour,Brazil_after_mandate_protective,Brazil - After mandate - Protective behaviour,Household COVID Test: Unsure,0.003004334931201941,71
Random Forest,Brazil,after_mandate,After mandate,protective,Protective behaviour,Brazil_after_mandate_protective,Brazil - After mandate - Protective behaviour,Dry Cough: No,0.0029404171677682757,72
Random Forest,Brazil,after_mandate,After mandate,protective,Protective behaviour,Brazil_after_mandate_protective,Brazil - After mandate - Protective behaviour,PHQ Depressed: Prefer Not Say,0.002913741085483056,73
Random Forest,Brazil,after_mandate,After mandate,protective,Protective behaviour,Brazil_after_mandate_protective,Brazil - After mandate - Protective behaviour,Isolation Willingness: Unsure,0.00285204002590087,74
Random Forest,Brazil,after_mandate,After mandate,protective,Protective behaviour,Brazil_after_mandate_protective,Brazil - After mandate - Protective behaviour,COVID Test: Negative,0.002757551250429056,75
Random Forest,Brazil,after_mandate,After mandate,protective,Protective behaviour,Brazil_after_mandate_protective,Brazil - After mandate - Protective behaviour,State: Maranhao,0.0027219864219282523,76
Random Forest,Brazil,after_mandate,After mandate,protective,Protective behaviour,Brazil_after_mandate_protective,Brazil - After mandate - Protective behaviour,State: Pernambuco,0.002534410776488323,77
Random Forest,Brazil,after_mandate,After mandate,protective,Protective behaviour,Brazil_after_mandate_protective,Brazil - After mandate - Protective behaviour,Shortness of Breath: Yes,0.002433796945028245,78
Random Forest,Brazil,after_mandate,After mandate,protective,Protective behaviour,Brazil_after_mandate_protective,Brazil - After mandate - Protective behaviour,PHQ Low Interest: Prefer Not Say,0.0022262538656570895,79
Random Forest,Brazil,after_mandate,After mandate,protective,Protective behaviour,Brazil_after_mandate_protective,Brazil - After mandate - Protective behaviour,Isolation Ease: Unsure,0.0022018715979724227,80
Random Forest,Brazil,after_mandate,After mandate,protective,Protective behaviour,Brazil_after_mandate_protective,Brazil - After mandate - Protective behaviour,PHQ Worry: Prefer Not Say,0.0021819996862475705,81
Random Forest,Brazil,after_mandate,After mandate,protective,Protective behaviour,Brazil_after_mandate_protective,Brazil - After mandate - Protective behaviour,Happiness Change: Much Less,0.002157619220147271,82
Random Forest,Brazil,after_mandate,After mandate,protective,Protective behaviour,Brazil_after_mandate_protective,Brazil - After mandate - Protective behaviour,State: Rio Grande do Sul,0.002120397137631332,83
Random Forest,Brazil,after_mandate,After mandate,protective,Protective behaviour,Brazil_after_mandate_protective,Brazil - After mandate - Protective behaviour,Dry Cough: Yes,0.002118123747193501,84
Random Forest,Brazil,after_mandate,After mandate,protective,Protective behaviour,Brazil_after_mandate_protective,Brazil - After mandate - Protective behaviour,Fever: No,0.0020907732284782482,85
Random Forest,Brazil,after_mandate,After mandate,protective,Protective behaviour,Brazil_after_mandate_protective,Brazil - After mandate - Protective behaviour,Household COVID Test: Positive,0.0019743909317905192,86
Random Forest,Brazil,after_mandate,After mandate,protective,Protective behaviour,Brazil_after_mandate_protective,Brazil - After mandate - Protective behaviour,Employment: Student,0.001960004594280557,87
Random Forest,Brazil,after_mandate,After mandate,protective,Protective behaviour,Brazil_after_mandate_protective,Brazil - After mandate - Protective behaviour,State: Santa Catarina,0.001938374858212173,88
Random Forest,Brazil,after_mandate,After mandate,protective,Protective behaviour,Brazil_after_mandate_protective,Brazil - After mandate - Protective behaviour,State: Goias,0.0019091358302517002,89
Random Forest,Brazil,after_mandate,After mandate,protective,Protective behaviour,Brazil_after_mandate_protective,Brazil - After mandate - Protective behaviour,Loss of Smell: No,0.0017437656351715748,90
Random Forest,Brazil,after_mandate,After mandate,protective,Protective behaviour,Brazil_after_mandate_protective,Brazil - After mandate - Protective behaviour,PHQ Anxiety: Prefer Not Say,0.0015392170551777285,91
Random Forest,Brazil,after_mandate,After mandate,protective,Protective behaviour,Brazil_after_mandate_protective,Brazil - After mandate - Protective behaviour,Loss of Smell: Yes,0.001483906842880518,92
Random Forest,Brazil,after_mandate,After mandate,protective,Protective behaviour,Brazil_after_mandate_protective,Brazil - After mandate - Protective behaviour,Employment: Other,0.0014456473458310747,93
Random Forest,Brazil,after_mandate,After mandate,protective,Protective behaviour,Brazil_after_mandate_protective,Brazil - After mandate - Protective behaviour,State: Alagoas,0.0014104450408832828,94
Random Forest,Brazil,after_mandate,After mandate,protective,Protective behaviour,Brazil_after_mandate_protective,Brazil - After mandate - Protective behaviour,Loss of Taste: No,0.001360634400448094,95
Random Forest,Brazil,after_mandate,After mandate,protective,Protective behaviour,Brazil_after_mandate_protective,Brazil - After mandate - Protective behaviour,State: Paraiba,0.001220561736810481,96
Random Forest,Brazil,after_mandate,After mandate,protective,Protective behaviour,Brazil_after_mandate_protective,Brazil - After mandate - Protective behaviour,Fever: Yes,0.0011829717461133494,97
Random Forest,Brazil,after_mandate,After mandate,protective,Protective behaviour,Brazil_after_mandate_protective,Brazil - After mandate - Protective behaviour,COVID Fear: Had COVID,0.001078883513228918,98
Random Forest,Brazil,after_mandate,After mandate,protective,Protective behaviour,Brazil_after_mandate_protective,Brazil - After mandate - Protective behaviour,Loss of Taste: Yes,0.0010019645548916014,99
Random Forest,Brazil,after_mandate,After mandate,protective,Protective behaviour,Brazil_after_mandate_protective,Brazil - After mandate - Protective behaviour,State: Mato Grosso do Sul,0.0009249015060406623,100
Random Forest,Brazil,after_mandate,After mandate,protective,Protective behaviour,Brazil_after_mandate_protective,Brazil - After mandate - Protective behaviour,State: Rio Grande do Norte,0.0008382637618139138,101
Random Forest,Brazil,after_mandate,After mandate,protective,Protective behaviour,Brazil_after_mandate_protective,Brazil - After mandate - Protective behaviour,Comorbidity: Prefer Not Say,0.0008366127667222567,102
Random Forest,Brazil,after_mandate,After mandate,protective,Protective behaviour,Brazil_after_mandate_protective,Brazil - After mandate - Protective behaviour,Household COVID Test: Pending,0.0006882215710400347,103
Random Forest,Brazil,after_mandate,After mandate,protective,Protective behaviour,Brazil_after_mandate_protective,Brazil - After mandate - Protective behaviour,COVID Test: Pending,0.0006672422190609873,104
Random Forest,Brazil,after_mandate,After mandate,protective,Protective behaviour,Brazil_after_mandate_protective,Brazil - After mandate - Protective behaviour,State: Distrito Federal,0.0006358841010259357,105
Random Forest,Brazil,after_mandate,After mandate,protective,Protective behaviour,Brazil_after_mandate_protective,Brazil - After mandate - Protective behaviour,State: Espirito Santo,0.0005029425671556466,106
Random Forest,Brazil,after_mandate,After mandate,protective,Protective behaviour,Brazil_after_mandate_protective,Brazil - After mandate - Protective behaviour,Happiness Change: Unknown,0.0005002423104174155,107
Random Forest,Brazil,after_mandate,After mandate,protective,Protective behaviour,Brazil_after_mandate_protective,Brazil - After mandate - Protective behaviour,State: Tocantins,0.0004532278337724194,108
Random Forest,Brazil,after_mandate,After mandate,protective,Protective behaviour,Brazil_after_mandate_protective,Brazil - After mandate - Protective behaviour,State: Piaui,0.0003961488164559349,109
Random Forest,Brazil,after_mandate,After mandate,protective,Protective behaviour,Brazil_after_mandate_protective,Brazil - After mandate - Protective behaviour,COVID Test: Positive,0.00037193180602091,110
Random Forest,Brazil,after_mandate,After mandate,protective,Protective behaviour,Brazil_after_mandate_protective,Brazil - After mandate - Protective behaviour,State: Rondonia,0.000241723925781948,111
Random Forest,Brazil,after_mandate,After mandate,protective,Protective behaviour,Brazil_after_mandate_protective,Brazil - After mandate - Protective behaviour,State: Mato Grosso,0.00017320390309237394,112
Random Forest,Brazil,after_mandate,After mandate,protective,Protective behaviour,Brazil_after_mandate_protective,Brazil - After mandate - Protective behaviour,State: Sergipe,6.554380316282225e-05,113
Random Forest,Brazil,after_mandate,After mandate,protective,Protective behaviour,Brazil_after_mandate_protective,Brazil - After mandate - Protective behaviour,State: Amapa,4.796840588389395e-05,114
Random Forest,Brazil,after_mandate,After mandate,protective,Protective behaviour,Brazil_after_mandate_protective,Brazil - After mandate - Protective behaviour,State: Roraima,0.0,115
Random Forest,Brazil,after_mandate,After mandate,protective,Protective behaviour,Brazil_after_mandate_protective,Brazil - After mandate - Protective behaviour,PHQ Low Interest: N/A,0.0,116
Random Forest,Brazil,after_mandate,After mandate,protective,Protective behaviour,Brazil_after_mandate_protective,Brazil - After mandate - Protective behaviour,PHQ Depressed: N/A,0.0,117
Random Forest,Brazil,after_mandate,After mandate,protective,Protective behaviour,Brazil_after_mandate_protective,Brazil - After mandate - Protective behaviour,PHQ Anxiety: N/A,0.0,118
Random Forest,Brazil,after_mandate,After mandate,protective,Protective behaviour,Brazil_after_mandate_protective,Brazil - After mandate - Protective behaviour,PHQ Worry: N/A,0.0,119
Random Forest,Brazil,after_mandate,After mandate,protective,Protective behaviour,Brazil_after_mandate_protective,Brazil - After mandate - Protective behaviour,Confidence in the government: N/A,0.0,120
Random Forest,Brazil,after_mandate,After mandate,protective,Protective behaviour,Brazil_after_mandate_protective,Brazil - After mandate - Protective behaviour,COVID Fear: N/A,0.0,121
Random Forest,Canada,before_mandate,Before mandate,mask,Face mask wearing,Canada_before_mandate_mask,Canada - Before mandate - Face mask wearing,Week,0.165873403111271,1
Random Forest,Canada,before_mandate,Before mandate,mask,Face mask wearing,Canada_before_mandate_mask,Canada - Before mandate - Face mask wearing,Non-Mask Protective Behavior Score,0.14120416892966917,2
Random Forest,Canada,before_mandate,Before mandate,mask,Face mask wearing,Canada_before_mandate_mask,Canada - Before mandate - Face mask wearing,State: Ontario,0.07524581655999667,3
Random Forest,Canada,before_mandate,Before mandate,mask,Face mask wearing,Canada_before_mandate_mask,Canada - Before mandate - Face mask wearing,COVID Severity,0.06644071528861749,4
Random Forest,Canada,before_mandate,Before mandate,mask,Face mask wearing,Canada_before_mandate_mask,Canada - Before mandate - Face mask wearing,Age,0.05809508709238232,5
Random Forest,Canada,before_mandate,Before mandate,mask,Face mask wearing,Canada_before_mandate_mask,Canada - Before mandate - Face mask wearing,Physical contact count (with stranger),0.0495497352568924,6
Random Forest,Canada,before_mandate,Before mandate,mask,Face mask wearing,Canada_before_mandate_mask,Canada - Before mandate - Face mask wearing,Isolation Willingness: Very Willing,0.04561486515857342,7
Random Forest,Canada,before_mandate,Before mandate,mask,Face mask wearing,Canada_before_mandate_mask,Canada - Before mandate - Face mask wearing,Household Size,0.02889253707463625,8
Random Forest,Canada,before_mandate,Before mandate,mask,Face mask wearing,Canada_before_mandate_mask,Canada - Before mandate - Face mask wearing,COVID Infection Risk,0.028526001584237064,9
Random Forest,Canada,before_mandate,Before mandate,mask,Face mask wearing,Canada_before_mandate_mask,Canada - Before mandate - Face mask wearing,Confidence in the government: None,0.015219755498122932,10
Random Forest,Canada,before_mandate,Before mandate,mask,Face mask wearing,Canada_before_mandate_mask,Canada - Before mandate - Face mask wearing,Gov Response: Very Bad,0.014881539461117466,11
Random Forest,Canada,before_mandate,Before mandate,mask,Face mask wearing,Canada_before_mandate_mask,Canada - Before mandate - Face mask wearing,Is a male?,0.013841268843375316,12
Random Forest,Canada,before_mandate,Before mandate,mask,Face mask wearing,Canada_before_mandate_mask,Canada - Before mandate - Face mask wearing,Symptom Isolation: Yes,0.013178538974776135,13
Random Forest,Canada,before_mandate,Before mandate,mask,Face mask wearing,Canada_before_mandate_mask,Canada - Before mandate - Face mask wearing,Gov Response: Somewhat Good,0.012230839382557432,14
Random Forest,Canada,before_mandate,Before mandate,mask,Face mask wearing,Canada_before_mandate_mask,Canada - Before mandate - Face mask wearing,State: British Columbia,0.012221512522301102,15
Random Forest,Canada,before_mandate,Before mandate,mask,Face mask wearing,Canada_before_mandate_mask,Canada - Before mandate - Face mask wearing,Confidence in the government: High,0.010979134944458286,16
Random Forest,Canada,before_mandate,Before mandate,mask,Face mask wearing,Canada_before_mandate_mask,Canada - Before mandate - Face mask wearing,Employment: Not Working,0.010722060788277308,17
Random Forest,Canada,before_mandate,Before mandate,mask,Face mask wearing,Canada_before_mandate_mask,Canada - Before mandate - Face mask wearing,PHQ Depressed: N/A,0.010672920469091591,18
Random Forest,Canada,before_mandate,Before mandate,mask,Face mask wearing,Canada_before_mandate_mask,Canada - Before mandate - Face mask wearing,Symptom Isolation: Unsure,0.010507273087509083,19
Random Forest,Canada,before_mandate,Before mandate,mask,Face mask wearing,Canada_before_mandate_mask,Canada - Before mandate - Face mask wearing,PHQ Low Interest: N/A,0.0092858064348104,20
Random Forest,Canada,before_mandate,Before mandate,mask,Face mask wearing,Canada_before_mandate_mask,Canada - Before mandate - Face mask wearing,PHQ Anxiety: N/A,0.009204684814900334,21
Random Forest,Canada,before_mandate,Before mandate,mask,Face mask wearing,Canada_before_mandate_mask,Canada - Before mandate - Face mask wearing,Employment: Retired,0.008699640488283795,22
Random Forest,Canada,before_mandate,Before mandate,mask,Face mask wearing,Canada_before_mandate_mask,Canada - Before mandate - Face mask wearing,Gov Response: Very Good,0.008185962739090584,23
Random Forest,Canada,before_mandate,Before mandate,mask,Face mask wearing,Canada_before_mandate_mask,Canada - Before mandate - Face mask wearing,Isolation Willingness: Somewhat Willing,0.008012494905700052,24
Random Forest,Canada,before_mandate,Before mandate,mask,Face mask wearing,Canada_before_mandate_mask,Canada - Before mandate - Face mask wearing,Isolation Willingness: Neutral,0.007616483012872532,25
Random Forest,Canada,before_mandate,Before mandate,mask,Face mask wearing,Canada_before_mandate_mask,Canada - Before mandate - Face mask wearing,Gov Response: Somewhat Bad,0.007445545391321472,26
Random Forest,Canada,before_mandate,Before mandate,mask,Face mask wearing,Canada_before_mandate_mask,Canada - Before mandate - Face mask wearing,PHQ Low Interest: Not At All,0.007443262167481023,27
Random Forest,Canada,before_mandate,Before mandate,mask,Face mask wearing,Canada_before_mandate_mask,Canada - Before mandate - Face mask wearing,PHQ Worry: Not At All,0.0073146085269849455,28
Random Forest,Canada,before_mandate,Before mandate,mask,Face mask wearing,Canada_before_mandate_mask,Canada - Before mandate - Face mask wearing,Confidence in the government: Low,0.007203753358810728,29
Random Forest,Canada,before_mandate,Before mandate,mask,Face mask wearing,Canada_before_mandate_mask,Canada - Before mandate - Face mask wearing,PHQ Depressed: Several Days,0.007106934493430003,30
Random Forest,Canada,before_mandate,Before mandate,mask,Face mask wearing,Canada_before_mandate_mask,Canada - Before mandate - Face mask wearing,State: Quebec,0.007036078140705137,31
Random Forest,Canada,before_mandate,Before mandate,mask,Face mask wearing,Canada_before_mandate_mask,Canada - Before mandate - Face mask wearing,Isolation Willingness: Somewhat Unwilling,0.006972364615091365,32
Random Forest,Canada,before_mandate,Before mandate,mask,Face mask wearing,Canada_before_mandate_mask,Canada - Before mandate - Face mask wearing,PHQ Worry: Several Days,0.006963802072857597,33
Random Forest,Canada,before_mandate,Before mandate,mask,Face mask wearing,Canada_before_mandate_mask,Canada - Before mandate - Face mask wearing,PHQ Worry: N/A,0.006860194685040138,34
Random Forest,Canada,before_mandate,Before mandate,mask,Face mask wearing,Canada_before_mandate_mask,Canada - Before mandate - Face mask wearing,PHQ Depressed: Not At All,0.0067078110601116216,35
Random Forest,Canada,before_mandate,Before mandate,mask,Face mask wearing,Canada_before_mandate_mask,Canada - Before mandate - Face mask wearing,PHQ Low Interest: Several Days,0.006564975027049295,36
Random Forest,Canada,before_mandate,Before mandate,mask,Face mask wearing,Canada_before_mandate_mask,Canada - Before mandate - Face mask wearing,PHQ Anxiety: Several Days,0.006413566663850128,37
Random Forest,Canada,before_mandate,Before mandate,mask,Face mask wearing,Canada_before_mandate_mask,Canada - Before mandate - Face mask wearing,Employment: Part Time,0.006274670517478704,38
Random Forest,Canada,before_mandate,Before mandate,mask,Face mask wearing,Canada_before_mandate_mask,Canada - Before mandate - Face mask wearing,PHQ Anxiety: Not At All,0.006237301890099518,39
Random Forest,Canada,before_mandate,Before mandate,mask,Face mask wearing,Canada_before_mandate_mask,Canada - Before mandate - Face mask wearing,Symptom Isolation: No,0.006228088112803873,40
Random Forest,Canada,before_mandate,Before mandate,mask,Face mask wearing,Canada_before_mandate_mask,Canada - Before mandate - Face mask wearing,Isolation Willingness: Very Unwilling,0.0058805421299108875,41
Random Forest,Canada,before_mandate,Before mandate,mask,Face mask wearing,Canada_before_mandate_mask,Canada - Before mandate - Face mask wearing,Employment: Unemployed,0.005694736964987645,42
Random Forest,Canada,before_mandate,Before mandate,mask,Face mask wearing,Canada_before_mandate_mask,Canada - Before mandate - Face mask wearing,State: Manitoba,0.004873668704171601,43
Random Forest,Canada,before_mandate,Before mandate,mask,Face mask wearing,Canada_before_mandate_mask,Canada - Before mandate - Face mask wearing,PHQ Anxiety: Daily,0.004753352003735836,44
Random Forest,Canada,before_mandate,Before mandate,mask,Face mask wearing,Canada_before_mandate_mask,Canada - Before mandate - Face mask wearing,PHQ Low Interest: Daily,0.004663460118542134,45
Random Forest,Canada,before_mandate,Before mandate,mask,Face mask wearing,Canada_before_mandate_mask,Canada - Before mandate - Face mask wearing,PHQ Worry: Daily,0.004566914325000167,46
Random Forest,Canada,before_mandate,Before mandate,mask,Face mask wearing,Canada_before_mandate_mask,Canada - Before mandate - Face mask wearing,PHQ Depressed: Daily,0.004255641734238063,47
Random Forest,Canada,before_mandate,Before mandate,mask,Face mask wearing,Canada_before_mandate_mask,Canada - Before mandate - Face mask wearing,Isolation Willingness: Unsure,0.0039309430068211635,48
Random Forest,Canada,before_mandate,Before mandate,mask,Face mask wearing,Canada_before_mandate_mask,Canada - Before mandate - Face mask wearing,Employment: Student,0.00357767036242511,49
Random Forest,Canada,before_mandate,Before mandate,mask,Face mask wearing,Canada_before_mandate_mask,Canada - Before mandate - Face mask wearing,Confidence in the government: Unknown,0.0035696023602901934,50
Random Forest,Canada,before_mandate,Before mandate,mask,Face mask wearing,Canada_before_mandate_mask,Canada - Before mandate - Face mask wearing,State: Saskatchewan,0.0031651707579648074,51
Random Forest,Canada,before_mandate,Before mandate,mask,Face mask wearing,Canada_before_mandate_mask,Canada - Before mandate - Face mask wearing,Employment: Other,0.0028069925307084333,52
Random Forest,Canada,before_mandate,Before mandate,mask,Face mask wearing,Canada_before_mandate_mask,Canada - Before mandate - Face mask wearing,State: Newfoundland and Labrador,0.002642875594774898,53
Random Forest,Canada,before_mandate,Before mandate,mask,Face mask wearing,Canada_before_mandate_mask,Canada - Before mandate - Face mask wearing,State: New Brunswick,0.0020649695439061344,54
Random Forest,Canada,before_mandate,Before mandate,mask,Face mask wearing,Canada_before_mandate_mask,Canada - Before mandate - Face mask wearing,PHQ Worry: Prefer Not Say,0.0016677569820215733,55
Random Forest,Canada,before_mandate,Before mandate,mask,Face mask wearing,Canada_before_mandate_mask,Canada - Before mandate - Face mask wearing,PHQ Depressed: Prefer Not Say,0.0014250378956625334,56
Random Forest,Canada,before_mandate,Before mandate,mask,Face mask wearing,Canada_before_mandate_mask,Canada - Before mandate - Face mask wearing,PHQ Low Interest: Prefer Not Say,0.0013675436677533061,57
Random Forest,Canada,before_mandate,Before mandate,mask,Face mask wearing,Canada_before_mandate_mask,Canada - Before mandate - Face mask wearing,PHQ Anxiety: Prefer Not Say,0.0008851832787204468,58
Random Forest,Canada,before_mandate,Before mandate,mask,Face mask wearing,Canada_before_mandate_mask,Canada - Before mandate - Face mask wearing,State: Prince Edward Island,0.00038842705247801163,59
Random Forest,Canada,before_mandate,Before mandate,mask,Face mask wearing,Canada_before_mandate_mask,Canada - Before mandate - Face mask wearing,State: Yukon,0.00010931663893782766,60
Random Forest,Canada,before_mandate,Before mandate,mask,Face mask wearing,Canada_before_mandate_mask,Canada - Before mandate - Face mask wearing,State: Northwest Territories,3.499120031359304e-05,61
Random Forest,Canada,before_mandate,Before mandate,mask,Face mask wearing,Canada_before_mandate_mask,Canada - Before mandate - Face mask wearing,State: Nunavut,0.0,62
Random Forest,Canada,before_mandate,Before mandate,mask,Face mask wearing,Canada_before_mandate_mask,Canada - Before mandate - Face mask wearing,State: Nova Scotia,0.0,63
Random Forest,Canada,before_mandate,Before mandate,protective,Protective behaviour,Canada_before_mandate_protective,Canada - Before mandate - Protective behaviour,COVID Severity,0.12458772077117211,1
Random Forest,Canada,before_mandate,Before mandate,protective,Protective behaviour,Canada_before_mandate_protective,Canada - Before mandate - Protective behaviour,Physical contact count (with stranger),0.12275747205252169,2
Random Forest,Canada,before_mandate,Before mandate,protective,Protective behaviour,Canada_before_mandate_protective,Canada - Before mandate - Protective behaviour,Isolation Willingness: Very Willing,0.09668203339465663,3
Random Forest,Canada,before_mandate,Before mandate,protective,Protective behaviour,Canada_before_mandate_protective,Canada - Before mandate - Protective behaviour,Week,0.09077238715637725,4
Random Forest,Canada,before_mandate,Before mandate,protective,Protective behaviour,Canada_before_mandate_protective,Canada - Before mandate - Protective behaviour,Age,0.08259492814393161,5
Random Forest,Canada,before_mandate,Before mandate,protective,Protective behaviour,Canada_before_mandate_protective,Canada - Before mandate - Protective behaviour,Symptom Isolation: Yes,0.04092813926429121,6
Random Forest,Canada,before_mandate,Before mandate,protective,Protective behaviour,Canada_before_mandate_protective,Canada - Before mandate - Protective behaviour,Household Size,0.033528532376401715,7
Random Forest,Canada,before_mandate,Before mandate,protective,Protective behaviour,Canada_before_mandate_protective,Canada - Before mandate - Protective behaviour,COVID Infection Risk,0.033486409232188694,8
Random Forest,Canada,before_mandate,Before mandate,protective,Protective behaviour,Canada_before_mandate_protective,Canada - Before mandate - Protective behaviour,Is a male?,0.01980876304759926,9
Random Forest,Canada,before_mandate,Before mandate,protective,Protective behaviour,Canada_before_mandate_protective,Canada - Before mandate - Protective behaviour,Gov Response: Very Bad,0.019682282524771354,10
Random Forest,Canada,before_mandate,Before mandate,protective,Protective behaviour,Canada_before_mandate_protective,Canada - Before mandate - Protective behaviour,State: Ontario,0.0165833924535499,11
Random Forest,Canada,before_mandate,Before mandate,protective,Protective behaviour,Canada_before_mandate_protective,Canada - Before mandate - Protective behaviour,Symptom Isolation: Unsure,0.015554837882582669,12
Random Forest,Canada,before_mandate,Before mandate,protective,Protective behaviour,Canada_before_mandate_protective,Canada - Before mandate - Protective behaviour,Confidence in the government: None,0.015097227278027746,13
Random Forest,Canada,before_mandate,Before mandate,protective,Protective behaviour,Canada_before_mandate_protective,Canada - Before mandate - Protective behaviour,Symptom Isolation: No,0.014313431273566641,14
Random Forest,Canada,before_mandate,Before mandate,protective,Protective behaviour,Canada_before_mandate_protective,Canada - Before mandate - Protective behaviour,Isolation Willingness: Somewhat Willing,0.012580516899016314,15
Random Forest,Canada,before_mandate,Before mandate,protective,Protective behaviour,Canada_before_mandate_protective,Canada - Before mandate - Protective behaviour,Gov Response: Somewhat Good,0.011967692892846363,16
Random Forest,Canada,before_mandate,Before mandate,protective,Protective behaviour,Canada_before_mandate_protective,Canada - Before mandate - Protective behaviour,Employment: Retired,0.011491600591497403,17
Random Forest,Canada,before_mandate,Before mandate,protective,Protective behaviour,Canada_before_mandate_protective,Canada - Before mandate - Protective behaviour,Confidence in the government: High,0.010835601916962796,18
Random Forest,Canada,before_mandate,Before mandate,protective,Protective behaviour,Canada_before_mandate_protective,Canada - Before mandate - Protective behaviour,Isolation Willingness: Somewhat Unwilling,0.010774578912665884,19
Random Forest,Canada,before_mandate,Before mandate,protective,Protective behaviour,Canada_before_mandate_protective,Canada - Before mandate - Protective behaviour,Isolation Willingness: Neutral,0.01007162772364497,20
Random Forest,Canada,before_mandate,Before mandate,protective,Protective behaviour,Canada_before_mandate_protective,Canada - Before mandate - Protective behaviour,Gov Response: Very Good,0.009824815687550613,21
Random Forest,Canada,before_mandate,Before mandate,protective,Protective behaviour,Canada_before_mandate_protective,Canada - Before mandate - Protective behaviour,State: British Columbia,0.009586908646040955,22
Random Forest,Canada,before_mandate,Before mandate,protective,Protective behaviour,Canada_before_mandate_protective,Canada - Before mandate - Protective behaviour,PHQ Worry: Not At All,0.00932080450049883,23
Random Forest,Canada,before_mandate,Before mandate,protective,Protective behaviour,Canada_before_mandate_protective,Canada - Before mandate - Protective behaviour,Employment: Unemployed,0.00874602112910225,24
Random Forest,Canada,before_mandate,Before mandate,protective,Protective behaviour,Canada_before_mandate_protective,Canada - Before mandate - Protective behaviour,Confidence in the government: Low,0.00868840847979027,25
Random Forest,Canada,before_mandate,Before mandate,protective,Protective behaviour,Canada_before_mandate_protective,Canada - Before mandate - Protective behaviour,Employment: Part Time,0.008624178079040052,26
Random Forest,Canada,before_mandate,Before mandate,protective,Protective behaviour,Canada_before_mandate_protective,Canada - Before mandate - Protective behaviour,PHQ Anxiety: Not At All,0.00860079189714226,27
Random Forest,Canada,before_mandate,Before mandate,protective,Protective behaviour,Canada_before_mandate_protective,Canada - Before mandate - Protective behaviour,PHQ Low Interest: Several Days,0.00843115050199659,28
Random Forest,Canada,before_mandate,Before mandate,protective,Protective behaviour,Canada_before_mandate_protective,Canada - Before mandate - Protective behaviour,Gov Response: Somewhat Bad,0.00813400242335305,29
Random Forest,Canada,before_mandate,Before mandate,protective,Protective behaviour,Canada_before_mandate_protective,Canada - Before mandate - Protective behaviour,PHQ Low Interest: Not At All,0.008132694650932571,30
Random Forest,Canada,before_mandate,Before mandate,protective,Protective behaviour,Canada_before_mandate_protective,Canada - Before mandate - Protective behaviour,PHQ Anxiety: Several Days,0.00808592883135657,31
Random Forest,Canada,before_mandate,Before mandate,protective,Protective behaviour,Canada_before_mandate_protective,Canada - Before mandate - Protective behaviour,PHQ Depressed: Not At All,0.00794914890105713,32
Random Forest,Canada,before_mandate,Before mandate,protective,Protective behaviour,Canada_before_mandate_protective,Canada - Before mandate - Protective behaviour,PHQ Depressed: Several Days,0.00770482292563709,33
Random Forest,Canada,before_mandate,Before mandate,protective,Protective behaviour,Canada_before_mandate_protective,Canada - Before mandate - Protective behaviour,PHQ Worry: Several Days,0.007485766215048053,34
Random Forest,Canada,before_mandate,Before mandate,protective,Protective behaviour,Canada_before_mandate_protective,Canada - Before mandate - Protective behaviour,Isolation Willingness: Very Unwilling,0.007432985138006931,35
Random Forest,Canada,before_mandate,Before mandate,protective,Protective behaviour,Canada_before_mandate_protective,Canada - Before mandate - Protective behaviour,PHQ Depressed: N/A,0.005750221782753523,36
Random Forest,Canada,before_mandate,Before mandate,protective,Protective behaviour,Canada_before_mandate_protective,Canada - Before mandate - Protective behaviour,PHQ Low Interest: N/A,0.00560022191710205,37
Random Forest,Canada,before_mandate,Before mandate,protective,Protective behaviour,Canada_before_mandate_protective,Canada - Before mandate - Protective behaviour,Employment: Not Working,0.005283190727685531,38
Random Forest,Canada,before_mandate,Before mandate,protective,Protective behaviour,Canada_before_mandate_protective,Canada - Before mandate - Protective behaviour,State: Quebec,0.0052159267805252495,39
Random Forest,Canada,before_mandate,Before mandate,protective,Protective behaviour,Canada_before_mandate_protective,Canada - Before mandate - Protective behaviour,PHQ Anxiety: N/A,0.005152347970712837,40
Random Forest,Canada,before_mandate,Before mandate,protective,Protective behaviour,Canada_before_mandate_protective,Canada - Before mandate - Protective behaviour,PHQ Anxiety: Daily,0.00506622574785889,41
Random Forest,Canada,before_mandate,Before mandate,protective,Protective behaviour,Canada_before_mandate_protective,Canada - Before mandate - Protective behaviour,PHQ Worry: N/A,0.005015016301295875,42
Random Forest,Canada,before_mandate,Before mandate,protective,Protective behaviour,Canada_before_mandate_protective,Canada - Before mandate - Protective behaviour,PHQ Worry: Daily,0.004867925340010636,43
Random Forest,Canada,before_mandate,Before mandate,protective,Protective behaviour,Canada_before_mandate_protective,Canada - Before mandate - Protective behaviour,PHQ Low Interest: Daily,0.004354247535679487,44
Random Forest,Canada,before_mandate,Before mandate,protective,Protective behaviour,Canada_before_mandate_protective,Canada - Before mandate - Protective behaviour,PHQ Depressed: Daily,0.004257298783609963,45
Random Forest,Canada,before_mandate,Before mandate,protective,Protective behaviour,Canada_before_mandate_protective,Canada - Before mandate - Protective behaviour,Confidence in the government: Unknown,0.0039990805611157055,46
Random Forest,Canada,before_mandate,Before mandate,protective,Protective behaviour,Canada_before_mandate_protective,Canada - Before mandate - Protective behaviour,Employment: Student,0.003812939104289955,47
Random Forest,Canada,before_mandate,Before mandate,protective,Protective behaviour,Canada_before_mandate_protective,Canada - Before mandate - Protective behaviour,State: New Brunswick,0.003646793363470961,48
Random Forest,Canada,before_mandate,Before mandate,protective,Protective behaviour,Canada_before_mandate_protective,Canada - Before mandate - Protective behaviour,Isolation Willingness: Unsure,0.0030769750061805127,49
Random Forest,Canada,before_mandate,Before mandate,protective,Protective behaviour,Canada_before_mandate_protective,Canada - Before mandate - Protective behaviour,Employment: Other,0.002857399939834194,50
Random Forest,Canada,before_mandate,Before mandate,protective,Protective behaviour,Canada_before_mandate_protective,Canada - Before mandate - Protective behaviour,State: Manitoba,0.0026939536581588393,51
Random Forest,Canada,before_mandate,Before mandate,protective,Protective behaviour,Canada_before_mandate_protective,Canada - Before mandate - Protective behaviour,State: Saskatchewan,0.0026751376766180157,52
Random Forest,Canada,before_mandate,Before mandate,protective,Protective behaviour,Canada_before_mandate_protective,Canada - Before mandate - Protective behaviour,PHQ Depressed: Prefer Not Say,0.0012362352388016675,53
Random Forest,Canada,before_mandate,Before mandate,protective,Protective behaviour,Canada_before_mandate_protective,Canada - Before mandate - Protective behaviour,State: Prince Edward Island,0.0010503978217758809,54
Random Forest,Canada,before_mandate,Before mandate,protective,Protective behaviour,Canada_before_mandate_protective,Canada - Before mandate - Protective behaviour,PHQ Low Interest: Prefer Not Say,0.0010072614840854325,55
Random Forest,Canada,before_mandate,Before mandate,protective,Protective behaviour,Canada_before_mandate_protective,Canada - Before mandate - Protective behaviour,PHQ Anxiety: Prefer Not Say,0.000993055448092703,56
Random Forest,Canada,before_mandate,Before mandate,protective,Protective behaviour,Canada_before_mandate_protective,Canada - Before mandate - Protective behaviour,PHQ Worry: Prefer Not Say,0.0009692519591043837,57
Random Forest,Canada,before_mandate,Before mandate,protective,Protective behaviour,Canada_before_mandate_protective,Canada - Before mandate - Protective behaviour,State: Newfoundland and Labrador,0.00034463973587720525,58
Random Forest,Canada,before_mandate,Before mandate,protective,Protective behaviour,Canada_before_mandate_protective,Canada - Before mandate - Protective behaviour,State: Yukon,0.0001449765909636763,59
Random Forest,Canada,before_mandate,Before mandate,protective,Protective behaviour,Canada_before_mandate_protective,Canada - Before mandate - Protective behaviour,State: Northwest Territories,8.167572957150193e-05,60
Random Forest,Canada,before_mandate,Before mandate,protective,Protective behaviour,Canada_before_mandate_protective,Canada - Before mandate - Protective behaviour,State: Nunavut,0.0,61
Random Forest,Canada,before_mandate,Before mandate,protective,Protective behaviour,Canada_before_mandate_protective,Canada - Before mandate - Protective behaviour,State: Nova Scotia,0.0,62
Random Forest,Canada,after_mandate,After mandate,mask,Face mask wearing,Canada_after_mandate_mask,Canada - After mandate - Face mask wearing,Non-Mask Protective Behavior Score,0.1569619466076808,1
Random Forest,Canada,after_mandate,After mandate,mask,Face mask wearing,Canada_after_mandate_mask,Canada - After mandate - Face mask wearing,COVID Severity,0.07712003053793354,2
Random Forest,Canada,after_mandate,After mandate,mask,Face mask wearing,Canada_after_mandate_mask,Canada - After mandate - Face mask wearing,Week,0.07197378000429885,3
Random Forest,Canada,after_mandate,After mandate,mask,Face mask wearing,Canada_after_mandate_mask,Canada - After mandate - Face mask wearing,Age,0.0710816571312351,4
Random Forest,Canada,after_mandate,After mandate,mask,Face mask wearing,Canada_after_mandate_mask,Canada - After mandate - Face mask wearing,Isolation Willingness: Very Willing,0.06025205774349585,5
Random Forest,Canada,after_mandate,After mandate,mask,Face mask wearing,Canada_after_mandate_mask,Canada - After mandate - Face mask wearing,Physical contact count (with stranger),0.050957366928994524,6
Random Forest,Canada,after_mandate,After mandate,mask,Face mask wearing,Canada_after_mandate_mask,Canada - After mandate - Face mask wearing,COVID Infection Risk,0.035872026411233666,7
Random Forest,Canada,after_mandate,After mandate,mask,Face mask wearing,Canada_after_mandate_mask,Canada - After mandate - Face mask wearing,Household Size,0.03414455445689645,8
Random Forest,Canada,after_mandate,After mandate,mask,Face mask wearing,Canada_after_mandate_mask,Canada - After mandate - Face mask wearing,Gov Response: Very Bad,0.0322820776374846,9
Random Forest,Canada,after_mandate,After mandate,mask,Face mask wearing,Canada_after_mandate_mask,Canada - After mandate - Face mask wearing,Symptom Isolation: Yes,0.030476694652621154,10
Random Forest,Canada,after_mandate,After mandate,mask,Face mask wearing,Canada_after_mandate_mask,Canada - After mandate - Face mask wearing,State: Quebec,0.026540256850444813,11
Random Forest,Canada,after_mandate,After mandate,mask,Face mask wearing,Canada_after_mandate_mask,Canada - After mandate - Face mask wearing,Gov Response: Somewhat Good,0.02234856835912248,12
Random Forest,Canada,after_mandate,After mandate,mask,Face mask wearing,Canada_after_mandate_mask,Canada - After mandate - Face mask wearing,Confidence in the government: None,0.019470460541440755,13
Random Forest,Canada,after_mandate,After mandate,mask,Face mask wearing,Canada_after_mandate_mask,Canada - After mandate - Face mask wearing,Symptom Isolation: Unsure,0.015511647337061247,14
Random Forest,Canada,after_mandate,After mandate,mask,Face mask wearing,Canada_after_mandate_mask,Canada - After mandate - Face mask wearing,Is a male?,0.013933336297907764,15
Random Forest,Canada,after_mandate,After mandate,mask,Face mask wearing,Canada_after_mandate_mask,Canada - After mandate - Face mask wearing,Isolation Willingness: Neutral,0.012148408865343173,16
Random Forest,Canada,after_mandate,After mandate,mask,Face mask wearing,Canada_after_mandate_mask,Canada - After mandate - Face mask wearing,Isolation Willingness: Somewhat Willing,0.01063074767543534,17
Random Forest,Canada,after_mandate,After mandate,mask,Face mask wearing,Canada_after_mandate_mask,Canada - After mandate - Face mask wearing,Employment: Retired,0.010537987156909847,18
Random Forest,Canada,after_mandate,After mandate,mask,Face mask wearing,Canada_after_mandate_mask,Canada - After mandate - Face mask wearing,Confidence in the government: Low,0.010027513031247024,19
Random Forest,Canada,after_mandate,After mandate,mask,Face mask wearing,Canada_after_mandate_mask,Canada - After mandate - Face mask wearing,Isolation Willingness: Very Unwilling,0.009768347431967654,20
Random Forest,Canada,after_mandate,After mandate,mask,Face mask wearing,Canada_after_mandate_mask,Canada - After mandate - Face mask wearing,PHQ Worry: Not At All,0.009386370713349974,21
Random Forest,Canada,after_mandate,After mandate,mask,Face mask wearing,Canada_after_mandate_mask,Canada - After mandate - Face mask wearing,Gov Response: Somewhat Bad,0.009371166494054835,22
Random Forest,Canada,after_mandate,After mandate,mask,Face mask wearing,Canada_after_mandate_mask,Canada - After mandate - Face mask wearing,Symptom Isolation: No,0.009370851920507987,23
Random Forest,Canada,after_mandate,After mandate,mask,Face mask wearing,Canada_after_mandate_mask,Canada - After mandate - Face mask wearing,Confidence in the government: High,0.00930841455506581,24
Random Forest,Canada,after_mandate,After mandate,mask,Face mask wearing,Canada_after_mandate_mask,Canada - After mandate - Face mask wearing,PHQ Anxiety: Not At All,0.008520691900553353,25
Random Forest,Canada,after_mandate,After mandate,mask,Face mask wearing,Canada_after_mandate_mask,Canada - After mandate - Face mask wearing,PHQ Low Interest: Not At All,0.008421102734861638,26
Random Forest,Canada,after_mandate,After mandate,mask,Face mask wearing,Canada_after_mandate_mask,Canada - After mandate - Face mask wearing,State: Ontario,0.008397427724628127,27
Random Forest,Canada,after_mandate,After mandate,mask,Face mask wearing,Canada_after_mandate_mask,Canada - After mandate - Face mask wearing,Employment: Unemployed,0.00832955762364619,28
Random Forest,Canada,after_mandate,After mandate,mask,Face mask wearing,Canada_after_mandate_mask,Canada - After mandate - Face mask wearing,PHQ Low Interest: Several Days,0.008177536867787853,29
Random Forest,Canada,after_mandate,After mandate,mask,Face mask wearing,Canada_after_mandate_mask,Canada - After mandate - Face mask wearing,PHQ Worry: Several Days,0.008073327077775532,30
Random Forest,Canada,after_mandate,After mandate,mask,Face mask wearing,Canada_after_mandate_mask,Canada - After mandate - Face mask wearing,PHQ Anxiety: Several Days,0.007992780079676064,31
Random Forest,Canada,after_mandate,After mandate,mask,Face mask wearing,Canada_after_mandate_mask,Canada - After mandate - Face mask wearing,PHQ Depressed: Not At All,0.007885252464534297,32
Random Forest,Canada,after_mandate,After mandate,mask,Face mask wearing,Canada_after_mandate_mask,Canada - After mandate - Face mask wearing,PHQ Depressed: Several Days,0.007793037710860814,33
Random Forest,Canada,after_mandate,After mandate,mask,Face mask wearing,Canada_after_mandate_mask,Canada - After mandate - Face mask wearing,Employment: Not Working,0.007740142645210961,34
Random Forest,Canada,after_mandate,After mandate,mask,Face mask wearing,Canada_after_mandate_mask,Canada - After mandate - Face mask wearing,Gov Response: Very Good,0.007689319921886161,35
Random Forest,Canada,after_mandate,After mandate,mask,Face mask wearing,Canada_after_mandate_mask,Canada - After mandate - Face mask wearing,Employment: Part Time,0.007411023938310082,36
Random Forest,Canada,after_mandate,After mandate,mask,Face mask wearing,Canada_after_mandate_mask,Canada - After mandate - Face mask wearing,State: Nova Scotia,0.006975003527572973,37
Random Forest,Canada,after_mandate,After mandate,mask,Face mask wearing,Canada_after_mandate_mask,Canada - After mandate - Face mask wearing,PHQ Low Interest: Daily,0.006273797324309411,38
Random Forest,Canada,after_mandate,After mandate,mask,Face mask wearing,Canada_after_mandate_mask,Canada - After mandate - Face mask wearing,State: Saskatchewan,0.006071701369720758,39
Random Forest,Canada,after_mandate,After mandate,mask,Face mask wearing,Canada_after_mandate_mask,Canada - After mandate - Face mask wearing,PHQ Depressed: N/A,0.0054573041201847845,40
Random Forest,Canada,after_mandate,After mandate,mask,Face mask wearing,Canada_after_mandate_mask,Canada - After mandate - Face mask wearing,PHQ Anxiety: Daily,0.0054208272987141684,41
Random Forest,Canada,after_mandate,After mandate,mask,Face mask wearing,Canada_after_mandate_mask,Canada - After mandate - Face mask wearing,PHQ Anxiety: N/A,0.005328145613143591,42
Random Forest,Canada,after_mandate,After mandate,mask,Face mask wearing,Canada_after_mandate_mask,Canada - After mandate - Face mask wearing,PHQ Worry: Daily,0.004984428030145114,43
Random Forest,Canada,after_mandate,After mandate,mask,Face mask wearing,Canada_after_mandate_mask,Canada - After mandate - Face mask wearing,PHQ Worry: N/A,0.004949342718378317,44
Random Forest,Canada,after_mandate,After mandate,mask,Face mask wearing,Canada_after_mandate_mask,Canada - After mandate - Face mask wearing,PHQ Low Interest: N/A,0.004868093592088193,45
Random Forest,Canada,after_mandate,After mandate,mask,Face mask wearing,Canada_after_mandate_mask,Canada - After mandate - Face mask wearing,State: Manitoba,0.004805708860289387,46
Random Forest,Canada,after_mandate,After mandate,mask,Face mask wearing,Canada_after_mandate_mask,Canada - After mandate - Face mask wearing,State: British Columbia,0.004786208827772594,47
Random Forest,Canada,after_mandate,After mandate,mask,Face mask wearing,Canada_after_mandate_mask,Canada - After mandate - Face mask wearing,PHQ Depressed: Daily,0.00472523819823367,48
Random Forest,Canada,after_mandate,After mandate,mask,Face mask wearing,Canada_after_mandate_mask,Canada - After mandate - Face mask wearing,Isolation Willingness: Somewhat Unwilling,0.004709574017553978,49
Random Forest,Canada,after_mandate,After mandate,mask,Face mask wearing,Canada_after_mandate_mask,Canada - After mandate - Face mask wearing,Employment: Student,0.0038082011215765906,50
Random Forest,Canada,after_mandate,After mandate,mask,Face mask wearing,Canada_after_mandate_mask,Canada - After mandate - Face mask wearing,Confidence in the government: Unknown,0.003787474615048203,51
Random Forest,Canada,after_mandate,After mandate,mask,Face mask wearing,Canada_after_mandate_mask,Canada - After mandate - Face mask wearing,Employment: Other,0.0031044792782498453,52
Random Forest,Canada,after_mandate,After mandate,mask,Face mask wearing,Canada_after_mandate_mask,Canada - After mandate - Face mask wearing,Isolation Willingness: Unsure,0.0029967065956395186,53
Random Forest,Canada,after_mandate,After mandate,mask,Face mask wearing,Canada_after_mandate_mask,Canada - After mandate - Face mask wearing,State: New Brunswick,0.0025374919880224714,54
Random Forest,Canada,after_mandate,After mandate,mask,Face mask wearing,Canada_after_mandate_mask,Canada - After mandate - Face mask wearing,State: Newfoundland and Labrador,0.002370574232817532,55
Random Forest,Canada,after_mandate,After mandate,mask,Face mask wearing,Canada_after_mandate_mask,Canada - After mandate - Face mask wearing,PHQ Depressed: Prefer Not Say,0.0015990894822986905,56
Random Forest,Canada,after_mandate,After mandate,mask,Face mask wearing,Canada_after_mandate_mask,Canada - After mandate - Face mask wearing,State: Prince Edward Island,0.0013794160276156527,57
Random Forest,Canada,after_mandate,After mandate,mask,Face mask wearing,Canada_after_mandate_mask,Canada - After mandate - Face mask wearing,PHQ Worry: Prefer Not Say,0.0011855706665160305,58
Random Forest,Canada,after_mandate,After mandate,mask,Face mask wearing,Canada_after_mandate_mask,Canada - After mandate - Face mask wearing,PHQ Anxiety: Prefer Not Say,0.0009609518550912791,59
Random Forest,Canada,after_mandate,After mandate,mask,Face mask wearing,Canada_after_mandate_mask,Canada - After mandate - Face mask wearing,PHQ Low Interest: Prefer Not Say,0.0008958186088893524,60
Random Forest,Canada,after_mandate,After mandate,mask,Face mask wearing,Canada_after_mandate_mask,Canada - After mandate - Face mask wearing,State: Yukon,0.0001113819986635159,61
Random Forest,Canada,after_mandate,After mandate,mask,Face mask wearing,Canada_after_mandate_mask,Canada - After mandate - Face mask wearing,State: Nunavut,0.0,62
Random Forest,Canada,after_mandate,After mandate,mask,Face mask wearing,Canada_after_mandate_mask,Canada - After mandate - Face mask wearing,State: Northwest Territories,0.0,63
Random Forest,Canada,after_mandate,After mandate,protective,Protective behaviour,Canada_after_mandate_protective,Canada - After mandate - Protective behaviour,Physical contact count (with stranger),0.1559613803567281,1
Random Forest,Canada,after_mandate,After mandate,protective,Protective behaviour,Canada_after_mandate_protective,Canada - After mandate - Protective behaviour,Week,0.12312054725892323,2
Random Forest,Canada,after_mandate,After mandate,protective,Protective behaviour,Canada_after_mandate_protective,Canada - After mandate - Protective behaviour,COVID Severity,0.11082052312826512,3
Random Forest,Canada,after_mandate,After mandate,protective,Protective behaviour,Canada_after_mandate_protective,Canada - After mandate - Protective behaviour,Age,0.09788162266553098,4
Random Forest,Canada,after_mandate,After mandate,protective,Protective behaviour,Canada_after_mandate_protective,Canada - After mandate - Protective behaviour,Isolation Willingness: Very Willing,0.06699965073072227,5
Random Forest,Canada,after_mandate,After mandate,protective,Protective behaviour,Canada_after_mandate_protective,Canada - After mandate - Protective behaviour,COVID Infection Risk,0.04126925500151739,6
Random Forest,Canada,after_mandate,After mandate,protective,Protective behaviour,Canada_after_mandate_protective,Canada - After mandate - Protective behaviour,Household Size,0.040414145764253714,7
Random Forest,Canada,after_mandate,After mandate,protective,Protective behaviour,Canada_after_mandate_protective,Canada - After mandate - Protective behaviour,Symptom Isolation: Yes,0.034299223457432346,8
Random Forest,Canada,after_mandate,After mandate,protective,Protective behaviour,Canada_after_mandate_protective,Canada - After mandate - Protective behaviour,Is a male?,0.017872171141594142,9
Random Forest,Canada,after_mandate,After mandate,protective,Protective behaviour,Canada_after_mandate_protective,Canada - After mandate - Protective behaviour,Gov Response: Very Bad,0.017643673170852796,10
Random Forest,Canada,after_mandate,After mandate,protective,Protective behaviour,Canada_after_mandate_protective,Canada - After mandate - Protective behaviour,Confidence in the government: None,0.017494172759806133,11
Random Forest,Canada,after_mandate,After mandate,protective,Protective behaviour,Canada_after_mandate_protective,Canada - After mandate - Protective behaviour,State: Quebec,0.017257455488235027,12
Random Forest,Canada,after_mandate,After mandate,protective,Protective behaviour,Canada_after_mandate_protective,Canada - After mandate - Protective behaviour,Gov Response: Somewhat Good,0.013220219083514197,13
Random Forest,Canada,after_mandate,After mandate,protective,Protective behaviour,Canada_after_mandate_protective,Canada - After mandate - Protective behaviour,PHQ Low Interest: Not At All,0.009894110586545874,14
Random Forest,Canada,after_mandate,After mandate,protective,Protective behaviour,Canada_after_mandate_protective,Canada - After mandate - Protective behaviour,Symptom Isolation: No,0.009210637525226616,15
Random Forest,Canada,after_mandate,After mandate,protective,Protective behaviour,Canada_after_mandate_protective,Canada - After mandate - Protective behaviour,PHQ Depressed: Not At All,0.008973619484647897,16
Random Forest,Canada,after_mandate,After mandate,protective,Protective behaviour,Canada_after_mandate_protective,Canada - After mandate - Protective behaviour,PHQ Low Interest: Several Days,0.008949563837647381,17
Random Forest,Canada,after_mandate,After mandate,protective,Protective behaviour,Canada_after_mandate_protective,Canada - After mandate - Protective behaviour,Confidence in the government: Low,0.008883598937539953,18
Random Forest,Canada,after_mandate,After mandate,protective,Protective behaviour,Canada_after_mandate_protective,Canada - After mandate - Protective behaviour,PHQ Worry: Not At All,0.00888086962874335,19
Random Forest,Canada,after_mandate,After mandate,protective,Protective behaviour,Canada_after_mandate_protective,Canada - After mandate - Protective behaviour,Employment: Retired,0.008743124125111804,20
Random Forest,Canada,after_mandate,After mandate,protective,Protective behaviour,Canada_after_mandate_protective,Canada - After mandate - Protective behaviour,Gov Response: Somewhat Bad,0.008647684480777873,21
Random Forest,Canada,after_mandate,After mandate,protective,Protective behaviour,Canada_after_mandate_protective,Canada - After mandate - Protective behaviour,PHQ Anxiety: Several Days,0.008551959684127584,22
Random Forest,Canada,after_mandate,After mandate,protective,Protective behaviour,Canada_after_mandate_protective,Canada - After mandate - Protective behaviour,PHQ Worry: Several Days,0.008370104001357554,23
Random Forest,Canada,after_mandate,After mandate,protective,Protective behaviour,Canada_after_mandate_protective,Canada - After mandate - Protective behaviour,Isolation Willingness: Somewhat Willing,0.008092881026742767,24
Random Forest,Canada,after_mandate,After mandate,protective,Protective behaviour,Canada_after_mandate_protective,Canada - After mandate - Protective behaviour,State: Ontario,0.008013136975223052,25
Random Forest,Canada,after_mandate,After mandate,protective,Protective behaviour,Canada_after_mandate_protective,Canada - After mandate - Protective behaviour,PHQ Anxiety: Not At All,0.007949162826338818,26
Random Forest,Canada,after_mandate,After mandate,protective,Protective behaviour,Canada_after_mandate_protective,Canada - After mandate - Protective behaviour,Confidence in the government: High,0.007943462721045546,27
Random Forest,Canada,after_mandate,After mandate,protective,Protective behaviour,Canada_after_mandate_protective,Canada - After mandate - Protective behaviour,PHQ Depressed: Several Days,0.007883738585050211,28
Random Forest,Canada,after_mandate,After mandate,protective,Protective behaviour,Canada_after_mandate_protective,Canada - After mandate - Protective behaviour,Gov Response: Very Good,0.007659953154430421,29
Random Forest,Canada,after_mandate,After mandate,protective,Protective behaviour,Canada_after_mandate_protective,Canada - After mandate - Protective behaviour,Employment: Part Time,0.006840677446678232,30
Random Forest,Canada,after_mandate,After mandate,protective,Protective behaviour,Canada_after_mandate_protective,Canada - After mandate - Protective behaviour,Employment: Not Working,0.006270656343313529,31
Random Forest,Canada,after_mandate,After mandate,protective,Protective behaviour,Canada_after_mandate_protective,Canada - After mandate - Protective behaviour,State: British Columbia,0.005819178547831172,32
Random Forest,Canada,after_mandate,After mandate,protective,Protective behaviour,Canada_after_mandate_protective,Canada - After mandate - Protective behaviour,Isolation Willingness: Very Unwilling,0.005738676806294701,33
Random Forest,Canada,after_mandate,After mandate,protective,Protective behaviour,Canada_after_mandate_protective,Canada - After mandate - Protective behaviour,State: Nova Scotia,0.005650951705962242,34
Random Forest,Canada,after_mandate,After mandate,protective,Protective behaviour,Canada_after_mandate_protective,Canada - After mandate - Protective behaviour,Employment: Unemployed,0.0054585023196033295,35
Random Forest,Canada,after_mandate,After mandate,protective,Protective behaviour,Canada_after_mandate_protective,Canada - After mandate - Protective behaviour,Symptom Isolation: Unsure,0.004580111539954797,36
Random Forest,Canada,after_mandate,After mandate,protective,Protective behaviour,Canada_after_mandate_protective,Canada - After mandate - Protective behaviour,PHQ Anxiety: Daily,0.004570845691986814,37
Random Forest,Canada,after_mandate,After mandate,protective,Protective behaviour,Canada_after_mandate_protective,Canada - After mandate - Protective behaviour,PHQ Low Interest: Daily,0.004541771647089409,38
Random Forest,Canada,after_mandate,After mandate,protective,Protective behaviour,Canada_after_mandate_protective,Canada - After mandate - Protective behaviour,Isolation Willingness: Neutral,0.004520568286141004,39
Random Forest,Canada,after_mandate,After mandate,protective,Protective behaviour,Canada_after_mandate_protective,Canada - After mandate - Protective behaviour,PHQ Depressed: N/A,0.004434419583994921,40
Random Forest,Canada,after_mandate,After mandate,protective,Protective behaviour,Canada_after_mandate_protective,Canada - After mandate - Protective behaviour,State: Newfoundland and Labrador,0.004248671203020203,41
Random Forest,Canada,after_mandate,After mandate,protective,Protective behaviour,Canada_after_mandate_protective,Canada - After mandate - Protective behaviour,PHQ Worry: N/A,0.0042435387454899404,42
Random Forest,Canada,after_mandate,After mandate,protective,Protective behaviour,Canada_after_mandate_protective,Canada - After mandate - Protective behaviour,PHQ Worry: Daily,0.004202594437957691,43
Random Forest,Canada,after_mandate,After mandate,protective,Protective behaviour,Canada_after_mandate_protective,Canada - After mandate - Protective behaviour,PHQ Anxiety: N/A,0.004184708341101324,44
Random Forest,Canada,after_mandate,After mandate,protective,Protective behaviour,Canada_after_mandate_protective,Canada - After mandate - Protective behaviour,PHQ Low Interest: N/A,0.004164969137007031,45
Random Forest,Canada,after_mandate,After mandate,protective,Protective behaviour,Canada_after_mandate_protective,Canada - After mandate - Protective behaviour,Employment: Student,0.003964733795757572,46
Random Forest,Canada,after_mandate,After mandate,protective,Protective behaviour,Canada_after_mandate_protective,Canada - After mandate - Protective behaviour,PHQ Depressed: Daily,0.0038614793685134334,47
Random Forest,Canada,after_mandate,After mandate,protective,Protective behaviour,Canada_after_mandate_protective,Canada - After mandate - Protective behaviour,Isolation Willingness: Somewhat Unwilling,0.0037371213206842955,48
Random Forest,Canada,after_mandate,After mandate,protective,Protective behaviour,Canada_after_mandate_protective,Canada - After mandate - Protective behaviour,State: Manitoba,0.003625043351187049,49
Random Forest,Canada,after_mandate,After mandate,protective,Protective behaviour,Canada_after_mandate_protective,Canada - After mandate - Protective behaviour,Confidence in the government: Unknown,0.0028402054426123276,50
Random Forest,Canada,after_mandate,After mandate,protective,Protective behaviour,Canada_after_mandate_protective,Canada - After mandate - Protective behaviour,State: Saskatchewan,0.0026455331010567826,51
Random Forest,Canada,after_mandate,After mandate,protective,Protective behaviour,Canada_after_mandate_protective,Canada - After mandate - Protective behaviour,Employment: Other,0.002189618111902914,52
Random Forest,Canada,after_mandate,After mandate,protective,Protective behaviour,Canada_after_mandate_protective,Canada - After mandate - Protective behaviour,State: New Brunswick,0.0014922643016382158,53
Random Forest,Canada,after_mandate,After mandate,protective,Protective behaviour,Canada_after_mandate_protective,Canada - After mandate - Protective behaviour,Isolation Willingness: Unsure,0.001425764123464421,54
Random Forest,Canada,after_mandate,After mandate,protective,Protective behaviour,Canada_after_mandate_protective,Canada - After mandate - Protective behaviour,PHQ Depressed: Prefer Not Say,0.0012637872594772812,55
Random Forest,Canada,after_mandate,After mandate,protective,Protective behaviour,Canada_after_mandate_protective,Canada - After mandate - Protective behaviour,PHQ Low Interest: Prefer Not Say,0.0006916257299197634,56
Random Forest,Canada,after_mandate,After mandate,protective,Protective behaviour,Canada_after_mandate_protective,Canada - After mandate - Protective behaviour,PHQ Worry: Prefer Not Say,0.0006316980774710835,57
Random Forest,Canada,after_mandate,After mandate,protective,Protective behaviour,Canada_after_mandate_protective,Canada - After mandate - Protective behaviour,PHQ Anxiety: Prefer Not Say,0.0004569101839861803,58
Random Forest,Canada,after_mandate,After mandate,protective,Protective behaviour,Canada_after_mandate_protective,Canada - After mandate - Protective behaviour,State: Prince Edward Island,0.0004074026290851756,59
Random Forest,Canada,after_mandate,After mandate,protective,Protective behaviour,Canada_after_mandate_protective,Canada - After mandate - Protective behaviour,State: Yukon,0.00039356767682239923,60
Random Forest,Canada,after_mandate,After mandate,protective,Protective behaviour,Canada_after_mandate_protective,Canada - After mandate - Protective behaviour,State: Nunavut,7.561550626024596e-07,61
Random Forest,Canada,after_mandate,After mandate,protective,Protective behaviour,Canada_after_mandate_protective,Canada - After mandate - Protective behaviour,State: Northwest Territories,0.0,62
Random Forest,United Kingdom,before_mandate,Before mandate,mask,Face mask wearing,United_Kingdom_before_mandate_mask,United Kingdom - Before mandate - Face mask wearing,Week,0.19610232083641005,1
Random Forest,United Kingdom,before_mandate,Before mandate,mask,Face mask wearing,United_Kingdom_before_mandate_mask,United Kingdom - Before mandate - Face mask wearing,COVID Severity,0.1534906904224857,2
Random Forest,United Kingdom,before_mandate,Before mandate,mask,Face mask wearing,United_Kingdom_before_mandate_mask,United Kingdom - Before mandate - Face mask wearing,Non-Mask Protective Behavior Score,0.13105484809914558,3
Random Forest,United Kingdom,before_mandate,Before mandate,mask,Face mask wearing,United_Kingdom_before_mandate_mask,United Kingdom - Before mandate - Face mask wearing,Age,0.07027673150196921,4
Random Forest,United Kingdom,before_mandate,Before mandate,mask,Face mask wearing,United_Kingdom_before_mandate_mask,United Kingdom - Before mandate - Face mask wearing,Physical contact count (with stranger),0.04158787384873952,5
Random Forest,United Kingdom,before_mandate,Before mandate,mask,Face mask wearing,United_Kingdom_before_mandate_mask,United Kingdom - Before mandate - Face mask wearing,PHQ Low Interest: Daily,0.03982008574687969,6
Random Forest,United Kingdom,before_mandate,Before mandate,mask,Face mask wearing,United_Kingdom_before_mandate_mask,United Kingdom - Before mandate - Face mask wearing,Handwashing Count,0.038187475185875945,7
Random Forest,United Kingdom,before_mandate,Before mandate,mask,Face mask wearing,United_Kingdom_before_mandate_mask,United Kingdom - Before mandate - Face mask wearing,Isolation Willingness: Very Willing,0.03356137463927342,8
Random Forest,United Kingdom,before_mandate,Before mandate,mask,Face mask wearing,United_Kingdom_before_mandate_mask,United Kingdom - Before mandate - Face mask wearing,Outings count,0.026604264043844115,9
Random Forest,United Kingdom,before_mandate,Before mandate,mask,Face mask wearing,United_Kingdom_before_mandate_mask,United Kingdom - Before mandate - Face mask wearing,COVID Infection Risk,0.02537802182184835,10
Random Forest,United Kingdom,before_mandate,Before mandate,mask,Face mask wearing,United_Kingdom_before_mandate_mask,United Kingdom - Before mandate - Face mask wearing,Household Size,0.021897898003571586,11
Random Forest,United Kingdom,before_mandate,Before mandate,mask,Face mask wearing,United_Kingdom_before_mandate_mask,United Kingdom - Before mandate - Face mask wearing,State: Wales,0.014999245527928176,12
Random Forest,United Kingdom,before_mandate,Before mandate,mask,Face mask wearing,United_Kingdom_before_mandate_mask,United Kingdom - Before mandate - Face mask wearing,Gov Response: N/A,0.011365555829624058,13
Random Forest,United Kingdom,before_mandate,Before mandate,mask,Face mask wearing,United_Kingdom_before_mandate_mask,United Kingdom - Before mandate - Face mask wearing,Confidence in the government: N/A,0.011266292027183647,14
Random Forest,United Kingdom,before_mandate,Before mandate,mask,Face mask wearing,United_Kingdom_before_mandate_mask,United Kingdom - Before mandate - Face mask wearing,Isolation Willingness: Neutral,0.010626130181254459,15
Random Forest,United Kingdom,before_mandate,Before mandate,mask,Face mask wearing,United_Kingdom_before_mandate_mask,United Kingdom - Before mandate - Face mask wearing,PHQ Depressed: Not At All,0.010009964851873037,16
Random Forest,United Kingdom,before_mandate,Before mandate,mask,Face mask wearing,United_Kingdom_before_mandate_mask,United Kingdom - Before mandate - Face mask wearing,Symptom Isolation: Yes,0.0091844388621495,17
Random Forest,United Kingdom,before_mandate,Before mandate,mask,Face mask wearing,United_Kingdom_before_mandate_mask,United Kingdom - Before mandate - Face mask wearing,PHQ Anxiety: Daily,0.009115766356218385,18
Random Forest,United Kingdom,before_mandate,Before mandate,mask,Face mask wearing,United_Kingdom_before_mandate_mask,United Kingdom - Before mandate - Face mask wearing,PHQ Anxiety: Not At All,0.008224811285469223,19
Random Forest,United Kingdom,before_mandate,Before mandate,mask,Face mask wearing,United_Kingdom_before_mandate_mask,United Kingdom - Before mandate - Face mask wearing,PHQ Worry: Not At All,0.007693026626039786,20
Random Forest,United Kingdom,before_mandate,Before mandate,mask,Face mask wearing,United_Kingdom_before_mandate_mask,United Kingdom - Before mandate - Face mask wearing,State: Northern Ireland,0.007427543330096752,21
Random Forest,United Kingdom,before_mandate,Before mandate,mask,Face mask wearing,United_Kingdom_before_mandate_mask,United Kingdom - Before mandate - Face mask wearing,PHQ Depressed: Daily,0.006690035002439077,22
Random Forest,United Kingdom,before_mandate,Before mandate,mask,Face mask wearing,United_Kingdom_before_mandate_mask,United Kingdom - Before mandate - Face mask wearing,Isolation Willingness: Somewhat Willing,0.006315039121805648,23
Random Forest,United Kingdom,before_mandate,Before mandate,mask,Face mask wearing,United_Kingdom_before_mandate_mask,United Kingdom - Before mandate - Face mask wearing,PHQ Low Interest: Several Days,0.006250294726161948,24
Random Forest,United Kingdom,before_mandate,Before mandate,mask,Face mask wearing,United_Kingdom_before_mandate_mask,United Kingdom - Before mandate - Face mask wearing,No Symptoms: No,0.0058948422492467786,25
Random Forest,United Kingdom,before_mandate,Before mandate,mask,Face mask wearing,United_Kingdom_before_mandate_mask,United Kingdom - Before mandate - Face mask wearing,Gov Response: Somewhat Bad,0.005540190845278234,26
Random Forest,United Kingdom,before_mandate,Before mandate,mask,Face mask wearing,United_Kingdom_before_mandate_mask,United Kingdom - Before mandate - Face mask wearing,PHQ Low Interest: Not At All,0.005349130512331385,27
Random Forest,United Kingdom,before_mandate,Before mandate,mask,Face mask wearing,United_Kingdom_before_mandate_mask,United Kingdom - Before mandate - Face mask wearing,Comorbidity: No,0.005334480361135897,28
Random Forest,United Kingdom,before_mandate,Before mandate,mask,Face mask wearing,United_Kingdom_before_mandate_mask,United Kingdom - Before mandate - Face mask wearing,No Symptoms: Yes,0.004983090378541485,29
Random Forest,United Kingdom,before_mandate,Before mandate,mask,Face mask wearing,United_Kingdom_before_mandate_mask,United Kingdom - Before mandate - Face mask wearing,PHQ Anxiety: Several Days,0.004655866762586155,30
Random Forest,United Kingdom,before_mandate,Before mandate,mask,Face mask wearing,United_Kingdom_before_mandate_mask,United Kingdom - Before mandate - Face mask wearing,PHQ Worry: Several Days,0.004578612173158059,31
Random Forest,United Kingdom,before_mandate,Before mandate,mask,Face mask wearing,United_Kingdom_before_mandate_mask,United Kingdom - Before mandate - Face mask wearing,Is a male?,0.004326359398882085,32
Random Forest,United Kingdom,before_mandate,Before mandate,mask,Face mask wearing,United_Kingdom_before_mandate_mask,United Kingdom - Before mandate - Face mask wearing,PHQ Depressed: Several Days,0.004196152312564744,33
Random Forest,United Kingdom,before_mandate,Before mandate,mask,Face mask wearing,United_Kingdom_before_mandate_mask,United Kingdom - Before mandate - Face mask wearing,Loss of Taste: No,0.003983225842478669,34
Random Forest,United Kingdom,before_mandate,Before mandate,mask,Face mask wearing,United_Kingdom_before_mandate_mask,United Kingdom - Before mandate - Face mask wearing,Confidence in the government: Low,0.003883237828874096,35
Random Forest,United Kingdom,before_mandate,Before mandate,mask,Face mask wearing,United_Kingdom_before_mandate_mask,United Kingdom - Before mandate - Face mask wearing,Symptom Isolation: Unsure,0.0038016421228526803,36
Random Forest,United Kingdom,before_mandate,Before mandate,mask,Face mask wearing,United_Kingdom_before_mandate_mask,United Kingdom - Before mandate - Face mask wearing,PHQ Worry: Daily,0.0034981371033495387,37
Random Forest,United Kingdom,before_mandate,Before mandate,mask,Face mask wearing,United_Kingdom_before_mandate_mask,United Kingdom - Before mandate - Face mask wearing,State: Scotland,0.0031890436182848234,38
Random Forest,United Kingdom,before_mandate,Before mandate,mask,Face mask wearing,United_Kingdom_before_mandate_mask,United Kingdom - Before mandate - Face mask wearing,Gov Response: Very Bad,0.003167415823338265,39
Random Forest,United Kingdom,before_mandate,Before mandate,mask,Face mask wearing,United_Kingdom_before_mandate_mask,United Kingdom - Before mandate - Face mask wearing,Employment: Retired,0.002856102801724775,40
Random Forest,United Kingdom,before_mandate,Before mandate,mask,Face mask wearing,United_Kingdom_before_mandate_mask,United Kingdom - Before mandate - Face mask wearing,Employment: Student,0.0026051175158067885,41
Random Forest,United Kingdom,before_mandate,Before mandate,mask,Face mask wearing,United_Kingdom_before_mandate_mask,United Kingdom - Before mandate - Face mask wearing,Confidence in the government: High,0.002488645819134156,42
Random Forest,United Kingdom,before_mandate,Before mandate,mask,Face mask wearing,United_Kingdom_before_mandate_mask,United Kingdom - Before mandate - Face mask wearing,Comorbidity: Yes,0.0024837362591291117,43
Random Forest,United Kingdom,before_mandate,Before mandate,mask,Face mask wearing,United_Kingdom_before_mandate_mask,United Kingdom - Before mandate - Face mask wearing,Employment: Unemployed,0.0024459580489166245,44
Random Forest,United Kingdom,before_mandate,Before mandate,mask,Face mask wearing,United_Kingdom_before_mandate_mask,United Kingdom - Before mandate - Face mask wearing,Isolation Willingness: Somewhat Unwilling,0.0024354171684607493,45
Random Forest,United Kingdom,before_mandate,Before mandate,mask,Face mask wearing,United_Kingdom_before_mandate_mask,United Kingdom - Before mandate - Face mask wearing,Gov Response: Somewhat Good,0.0024013254410572447,46
Random Forest,United Kingdom,before_mandate,Before mandate,mask,Face mask wearing,United_Kingdom_before_mandate_mask,United Kingdom - Before mandate - Face mask wearing,Employment: Not Working,0.002333529946943324,47
Random Forest,United Kingdom,before_mandate,Before mandate,mask,Face mask wearing,United_Kingdom_before_mandate_mask,United Kingdom - Before mandate - Face mask wearing,Employment: Part Time,0.0021768487885266887,48
Random Forest,United Kingdom,before_mandate,Before mandate,mask,Face mask wearing,United_Kingdom_before_mandate_mask,United Kingdom - Before mandate - Face mask wearing,Confidence in the government: None,0.0021527939227672342,49
Random Forest,United Kingdom,before_mandate,Before mandate,mask,Face mask wearing,United_Kingdom_before_mandate_mask,United Kingdom - Before mandate - Face mask wearing,Symptom Isolation: No,0.002077766852722687,50
Random Forest,United Kingdom,before_mandate,Before mandate,mask,Face mask wearing,United_Kingdom_before_mandate_mask,United Kingdom - Before mandate - Face mask wearing,PHQ Low Interest: N/A,0.0014765486424975932,51
Random Forest,United Kingdom,before_mandate,Before mandate,mask,Face mask wearing,United_Kingdom_before_mandate_mask,United Kingdom - Before mandate - Face mask wearing,Dry Cough: No,0.0013152999478713671,52
Random Forest,United Kingdom,before_mandate,Before mandate,mask,Face mask wearing,United_Kingdom_before_mandate_mask,United Kingdom - Before mandate - Face mask wearing,Dry Cough: Yes,0.0009198642246373004,53
Random Forest,United Kingdom,before_mandate,Before mandate,mask,Face mask wearing,United_Kingdom_before_mandate_mask,United Kingdom - Before mandate - Face mask wearing,Gov Response: Very Good,0.0008862928564047367,54
Random Forest,United Kingdom,before_mandate,Before mandate,mask,Face mask wearing,United_Kingdom_before_mandate_mask,United Kingdom - Before mandate - Face mask wearing,PHQ Depressed: N/A,0.0007891819392558348,55
Random Forest,United Kingdom,before_mandate,Before mandate,mask,Face mask wearing,United_Kingdom_before_mandate_mask,United Kingdom - Before mandate - Face mask wearing,Loss of Smell: No,0.0007856870620780083,56
Random Forest,United Kingdom,before_mandate,Before mandate,mask,Face mask wearing,United_Kingdom_before_mandate_mask,United Kingdom - Before mandate - Face mask wearing,Loss of Taste: Yes,0.0007507835701119188,57
Random Forest,United Kingdom,before_mandate,Before mandate,mask,Face mask wearing,United_Kingdom_before_mandate_mask,United Kingdom - Before mandate - Face mask wearing,PHQ Worry: N/A,0.0007376201578449681,58
Random Forest,United Kingdom,before_mandate,Before mandate,mask,Face mask wearing,United_Kingdom_before_mandate_mask,United Kingdom - Before mandate - Face mask wearing,Isolation Willingness: Unsure,0.0006287801880200988,59
Random Forest,United Kingdom,before_mandate,Before mandate,mask,Face mask wearing,United_Kingdom_before_mandate_mask,United Kingdom - Before mandate - Face mask wearing,Employment: Other,0.00030394476625116983,60
Random Forest,United Kingdom,before_mandate,Before mandate,mask,Face mask wearing,United_Kingdom_before_mandate_mask,United Kingdom - Before mandate - Face mask wearing,Shortness of Breath: No,0.00024368556124219784,61
Random Forest,United Kingdom,before_mandate,Before mandate,mask,Face mask wearing,United_Kingdom_before_mandate_mask,United Kingdom - Before mandate - Face mask wearing,Isolation Willingness: Very Unwilling,0.00023571819252869895,62
Random Forest,United Kingdom,before_mandate,Before mandate,mask,Face mask wearing,United_Kingdom_before_mandate_mask,United Kingdom - Before mandate - Face mask wearing,PHQ Anxiety: N/A,0.00015762211124469014,63
Random Forest,United Kingdom,before_mandate,Before mandate,mask,Face mask wearing,United_Kingdom_before_mandate_mask,United Kingdom - Before mandate - Face mask wearing,Loss of Smell: Yes,0.00014580882570941562,64
Random Forest,United Kingdom,before_mandate,Before mandate,mask,Face mask wearing,United_Kingdom_before_mandate_mask,United Kingdom - Before mandate - Face mask wearing,Fever: No,0.00013577784387459332,65
Random Forest,United Kingdom,before_mandate,Before mandate,mask,Face mask wearing,United_Kingdom_before_mandate_mask,United Kingdom - Before mandate - Face mask wearing,Shortness of Breath: Yes,0.00011081135315427642,66
Random Forest,United Kingdom,before_mandate,Before mandate,mask,Face mask wearing,United_Kingdom_before_mandate_mask,United Kingdom - Before mandate - Face mask wearing,PHQ Anxiety: Prefer Not Say,0.00010596414587338159,67
Random Forest,United Kingdom,before_mandate,Before mandate,mask,Face mask wearing,United_Kingdom_before_mandate_mask,United Kingdom - Before mandate - Face mask wearing,PHQ Low Interest: Prefer Not Say,0.0001052746162816893,68
Random Forest,United Kingdom,before_mandate,Before mandate,mask,Face mask wearing,United_Kingdom_before_mandate_mask,United Kingdom - Before mandate - Face mask wearing,PHQ Depressed: Prefer Not Say,9.97884057483554e-05,69
Random Forest,United Kingdom,before_mandate,Before mandate,mask,Face mask wearing,United_Kingdom_before_mandate_mask,United Kingdom - Before mandate - Face mask wearing,Confidence in the government: Unknown,9.714781299060017e-05,70
Random Forest,United Kingdom,before_mandate,Before mandate,mask,Face mask wearing,United_Kingdom_before_mandate_mask,United Kingdom - Before mandate - Face mask wearing,Fever: Yes,0.0,71
Random Forest,United Kingdom,before_mandate,Before mandate,mask,Face mask wearing,United_Kingdom_before_mandate_mask,United Kingdom - Before mandate - Face mask wearing,PHQ Worry: Prefer Not Say,0.0,72
Random Forest,United Kingdom,before_mandate,Before mandate,mask,Face mask wearing,United_Kingdom_before_mandate_mask,United Kingdom - Before mandate - Face mask wearing,Comorbidity: Prefer Not Say,0.0,73
Random Forest,United Kingdom,before_mandate,Before mandate,protective,Protective behaviour,United_Kingdom_before_mandate_protective,United Kingdom - Before mandate - Protective behaviour,COVID Severity,0.1479416917429476,1
Random Forest,United Kingdom,before_mandate,Before mandate,protective,Protective behaviour,United_Kingdom_before_mandate_protective,United Kingdom - Before mandate - Protective behaviour,Isolation Willingness: Very Willing,0.1393247082494187,2
Random Forest,United Kingdom,before_mandate,Before mandate,protective,Protective behaviour,United_Kingdom_before_mandate_protective,United Kingdom - Before mandate - Protective behaviour,Physical contact count (with stranger),0.0849938392267086,3
Random Forest,United Kingdom,before_mandate,Before mandate,protective,Protective behaviour,United_Kingdom_before_mandate_protective,United Kingdom - Before mandate - Protective behaviour,Handwashing Count,0.06856480523289508,4
Random Forest,United Kingdom,before_mandate,Before mandate,protective,Protective behaviour,United_Kingdom_before_mandate_protective,United Kingdom - Before mandate - Protective behaviour,Age,0.06522567021743436,5
Random Forest,United Kingdom,before_mandate,Before mandate,protective,Protective behaviour,United_Kingdom_before_mandate_protective,United Kingdom - Before mandate - Protective behaviour,Outings count,0.0615251013513896,6
Random Forest,United Kingdom,before_mandate,Before mandate,protective,Protective behaviour,United_Kingdom_before_mandate_protective,United Kingdom - Before mandate - Protective behaviour,Symptom Isolation: Yes,0.04815139572409414,7
Random Forest,United Kingdom,before_mandate,Before mandate,protective,Protective behaviour,United_Kingdom_before_mandate_protective,United Kingdom - Before mandate - Protective behaviour,Is a male?,0.036219885175908434,8
Random Forest,United Kingdom,before_mandate,Before mandate,protective,Protective behaviour,United_Kingdom_before_mandate_protective,United Kingdom - Before mandate - Protective behaviour,Isolation Willingness: Neutral,0.025529680762258526,9
Random Forest,United Kingdom,before_mandate,Before mandate,protective,Protective behaviour,United_Kingdom_before_mandate_protective,United Kingdom - Before mandate - Protective behaviour,COVID Infection Risk,0.02508198113812595,10
Random Forest,United Kingdom,before_mandate,Before mandate,protective,Protective behaviour,United_Kingdom_before_mandate_protective,United Kingdom - Before mandate - Protective behaviour,Isolation Willingness: Somewhat Willing,0.024776823132124256,11
Random Forest,United Kingdom,before_mandate,Before mandate,protective,Protective behaviour,United_Kingdom_before_mandate_protective,United Kingdom - Before mandate - Protective behaviour,Household Size,0.02423472194282347,12
Random Forest,United Kingdom,before_mandate,Before mandate,protective,Protective behaviour,United_Kingdom_before_mandate_protective,United Kingdom - Before mandate - Protective behaviour,Week,0.015831738894918432,13
Random Forest,United Kingdom,before_mandate,Before mandate,protective,Protective behaviour,United_Kingdom_before_mandate_protective,United Kingdom - Before mandate - Protective behaviour,Symptom Isolation: No,0.015797736285253907,14
Random Forest,United Kingdom,before_mandate,Before mandate,protective,Protective behaviour,United_Kingdom_before_mandate_protective,United Kingdom - Before mandate - Protective behaviour,Comorbidity: No,0.01442773906487831,15
Random Forest,United Kingdom,before_mandate,Before mandate,protective,Protective behaviour,United_Kingdom_before_mandate_protective,United Kingdom - Before mandate - Protective behaviour,PHQ Worry: Not At All,0.014283335366702461,16
Random Forest,United Kingdom,before_mandate,Before mandate,protective,Protective behaviour,United_Kingdom_before_mandate_protective,United Kingdom - Before mandate - Protective behaviour,Symptom Isolation: Unsure,0.013742760631810487,17
Random Forest,United Kingdom,before_mandate,Before mandate,protective,Protective behaviour,United_Kingdom_before_mandate_protective,United Kingdom - Before mandate - Protective behaviour,Comorbidity: Yes,0.012799039265966683,18
Random Forest,United Kingdom,before_mandate,Before mandate,protective,Protective behaviour,United_Kingdom_before_mandate_protective,United Kingdom - Before mandate - Protective behaviour,Isolation Willingness: Very Unwilling,0.010145609064513507,19
Random Forest,United Kingdom,before_mandate,Before mandate,protective,Protective behaviour,United_Kingdom_before_mandate_protective,United Kingdom - Before mandate - Protective behaviour,Employment: Retired,0.010057652177924913,20
Random Forest,United Kingdom,before_mandate,Before mandate,protective,Protective behaviour,United_Kingdom_before_mandate_protective,United Kingdom - Before mandate - Protective behaviour,Employment: Part Time,0.00910020562994365,21
Random Forest,United Kingdom,before_mandate,Before mandate,protective,Protective behaviour,United_Kingdom_before_mandate_protective,United Kingdom - Before mandate - Protective behaviour,PHQ Anxiety: Not At All,0.009021087727894573,22
Random Forest,United Kingdom,before_mandate,Before mandate,protective,Protective behaviour,United_Kingdom_before_mandate_protective,United Kingdom - Before mandate - Protective behaviour,Gov Response: N/A,0.008385813108883542,23
Random Forest,United Kingdom,before_mandate,Before mandate,protective,Protective behaviour,United_Kingdom_before_mandate_protective,United Kingdom - Before mandate - Protective behaviour,Isolation Willingness: Somewhat Unwilling,0.007685203774810406,24
Random Forest,United Kingdom,before_mandate,Before mandate,protective,Protective behaviour,United_Kingdom_before_mandate_protective,United Kingdom - Before mandate - Protective behaviour,PHQ Depressed: Not At All,0.0073468300377736015,25
Random Forest,United Kingdom,before_mandate,Before mandate,protective,Protective behaviour,United_Kingdom_before_mandate_protective,United Kingdom - Before mandate - Protective behaviour,PHQ Worry: Several Days,0.007242063183615688,26
Random Forest,United Kingdom,before_mandate,Before mandate,protective,Protective behaviour,United_Kingdom_before_mandate_protective,United Kingdom - Before mandate - Protective behaviour,Confidence in the government: N/A,0.0071350804931492665,27
Random Forest,United Kingdom,before_mandate,Before mandate,protective,Protective behaviour,United_Kingdom_before_mandate_protective,United Kingdom - Before mandate - Protective behaviour,PHQ Low Interest: Several Days,0.006938971883836853,28
Random Forest,United Kingdom,before_mandate,Before mandate,protective,Protective behaviour,United_Kingdom_before_mandate_protective,United Kingdom - Before mandate - Protective behaviour,PHQ Low Interest: Not At All,0.006864114188156987,29
Random Forest,United Kingdom,before_mandate,Before mandate,protective,Protective behaviour,United_Kingdom_before_mandate_protective,United Kingdom - Before mandate - Protective behaviour,PHQ Anxiety: Several Days,0.006848059137165312,30
Random Forest,United Kingdom,before_mandate,Before mandate,protective,Protective behaviour,United_Kingdom_before_mandate_protective,United Kingdom - Before mandate - Protective behaviour,Gov Response: Somewhat Bad,0.006729747711887312,31
Random Forest,United Kingdom,before_mandate,Before mandate,protective,Protective behaviour,United_Kingdom_before_mandate_protective,United Kingdom - Before mandate - Protective behaviour,State: Wales,0.006689815334036227,32
Random Forest,United Kingdom,before_mandate,Before mandate,protective,Protective behaviour,United_Kingdom_before_mandate_protective,United Kingdom - Before mandate - Protective behaviour,PHQ Depressed: Several Days,0.006671447429351152,33
Random Forest,United Kingdom,before_mandate,Before mandate,protective,Protective behaviour,United_Kingdom_before_mandate_protective,United Kingdom - Before mandate - Protective behaviour,Confidence in the government: High,0.005342203950247421,34
Random Forest,United Kingdom,before_mandate,Before mandate,protective,Protective behaviour,United_Kingdom_before_mandate_protective,United Kingdom - Before mandate - Protective behaviour,Gov Response: Very Bad,0.003823422861746242,35
Random Forest,United Kingdom,before_mandate,Before mandate,protective,Protective behaviour,United_Kingdom_before_mandate_protective,United Kingdom - Before mandate - Protective behaviour,State: Northern Ireland,0.0033800279592215193,36
Random Forest,United Kingdom,before_mandate,Before mandate,protective,Protective behaviour,United_Kingdom_before_mandate_protective,United Kingdom - Before mandate - Protective behaviour,PHQ Depressed: Daily,0.002944810407086771,37
Random Forest,United Kingdom,before_mandate,Before mandate,protective,Protective behaviour,United_Kingdom_before_mandate_protective,United Kingdom - Before mandate - Protective behaviour,State: Scotland,0.0029349745123574476,38
Random Forest,United Kingdom,before_mandate,Before mandate,protective,Protective behaviour,United_Kingdom_before_mandate_protective,United Kingdom - Before mandate - Protective behaviour,PHQ Anxiety: Daily,0.0027967666973377717,39
Random Forest,United Kingdom,before_mandate,Before mandate,protective,Protective behaviour,United_Kingdom_before_mandate_protective,United Kingdom - Before mandate - Protective behaviour,PHQ Low Interest: Daily,0.002789184450820378,40
Random Forest,United Kingdom,before_mandate,Before mandate,protective,Protective behaviour,United_Kingdom_before_mandate_protective,United Kingdom - Before mandate - Protective behaviour,PHQ Worry: Daily,0.002631617267388658,41
Random Forest,United Kingdom,before_mandate,Before mandate,protective,Protective behaviour,United_Kingdom_before_mandate_protective,United Kingdom - Before mandate - Protective behaviour,Confidence in the government: Low,0.002159152909129346,42
Random Forest,United Kingdom,before_mandate,Before mandate,protective,Protective behaviour,United_Kingdom_before_mandate_protective,United Kingdom - Before mandate - Protective behaviour,Employment: Not Working,0.001984400889282951,43
Random Forest,United Kingdom,before_mandate,Before mandate,protective,Protective behaviour,United_Kingdom_before_mandate_protective,United Kingdom - Before mandate - Protective behaviour,Gov Response: Somewhat Good,0.0017797570928896537,44
Random Forest,United Kingdom,before_mandate,Before mandate,protective,Protective behaviour,United_Kingdom_before_mandate_protective,United Kingdom - Before mandate - Protective behaviour,Employment: Unemployed,0.0014825670869279552,45
Random Forest,United Kingdom,before_mandate,Before mandate,protective,Protective behaviour,United_Kingdom_before_mandate_protective,United Kingdom - Before mandate - Protective behaviour,No Symptoms: Yes,0.0013785876438545516,46
Random Forest,United Kingdom,before_mandate,Before mandate,protective,Protective behaviour,United_Kingdom_before_mandate_protective,United Kingdom - Before mandate - Protective behaviour,Employment: Student,0.001111060323959719,47
Random Forest,United Kingdom,before_mandate,Before mandate,protective,Protective behaviour,United_Kingdom_before_mandate_protective,United Kingdom - Before mandate - Protective behaviour,No Symptoms: No,0.0009911617803594578,48
Random Forest,United Kingdom,before_mandate,Before mandate,protective,Protective behaviour,United_Kingdom_before_mandate_protective,United Kingdom - Before mandate - Protective behaviour,Isolation Willingness: Unsure,0.0009139617916664246,49
Random Forest,United Kingdom,before_mandate,Before mandate,protective,Protective behaviour,United_Kingdom_before_mandate_protective,United Kingdom - Before mandate - Protective behaviour,Employment: Other,0.0007282203829444887,50
Random Forest,United Kingdom,before_mandate,Before mandate,protective,Protective behaviour,United_Kingdom_before_mandate_protective,United Kingdom - Before mandate - Protective behaviour,Gov Response: Very Good,0.0006910028066158425,51
Random Forest,United Kingdom,before_mandate,Before mandate,protective,Protective behaviour,United_Kingdom_before_mandate_protective,United Kingdom - Before mandate - Protective behaviour,Shortness of Breath: No,0.0006136012588707993,52
Random Forest,United Kingdom,before_mandate,Before mandate,protective,Protective behaviour,United_Kingdom_before_mandate_protective,United Kingdom - Before mandate - Protective behaviour,Shortness of Breath: Yes,0.0005607737090129364,53
Random Forest,United Kingdom,before_mandate,Before mandate,protective,Protective behaviour,United_Kingdom_before_mandate_protective,United Kingdom - Before mandate - Protective behaviour,Loss of Smell: No,0.0005275676643236418,54
Random Forest,United Kingdom,before_mandate,Before mandate,protective,Protective behaviour,United_Kingdom_before_mandate_protective,United Kingdom - Before mandate - Protective behaviour,PHQ Worry: N/A,0.0004698302396246148,55
Random Forest,United Kingdom,before_mandate,Before mandate,protective,Protective behaviour,United_Kingdom_before_mandate_protective,United Kingdom - Before mandate - Protective behaviour,Loss of Smell: Yes,0.00043915907526544774,56
Random Forest,United Kingdom,before_mandate,Before mandate,protective,Protective behaviour,United_Kingdom_before_mandate_protective,United Kingdom - Before mandate - Protective behaviour,Comorbidity: Prefer Not Say,0.0004341151232966114,57
Random Forest,United Kingdom,before_mandate,Before mandate,protective,Protective behaviour,United_Kingdom_before_mandate_protective,United Kingdom - Before mandate - Protective behaviour,PHQ Anxiety: Prefer Not Say,0.00040232519161464313,58
Random Forest,United Kingdom,before_mandate,Before mandate,protective,Protective behaviour,United_Kingdom_before_mandate_protective,United Kingdom - Before mandate - Protective behaviour,Loss of Taste: No,0.0003862222681299915,59
Random Forest,United Kingdom,before_mandate,Before mandate,protective,Protective behaviour,United_Kingdom_before_mandate_protective,United Kingdom - Before mandate - Protective behaviour,Dry Cough: No,0.0002672512510845093,60
Random Forest,United Kingdom,before_mandate,Before mandate,protective,Protective behaviour,United_Kingdom_before_mandate_protective,United Kingdom - Before mandate - Protective behaviour,Confidence in the government: None,0.00014811695700098264,61
Random Forest,United Kingdom,before_mandate,Before mandate,protective,Protective behaviour,United_Kingdom_before_mandate_protective,United Kingdom - Before mandate - Protective behaviour,Loss of Taste: Yes,0.000143804590531108,62
Random Forest,United Kingdom,before_mandate,Before mandate,protective,Protective behaviour,United_Kingdom_before_mandate_protective,United Kingdom - Before mandate - Protective behaviour,PHQ Anxiety: N/A,9.07183111615595e-05,63
Random Forest,United Kingdom,before_mandate,Before mandate,protective,Protective behaviour,United_Kingdom_before_mandate_protective,United Kingdom - Before mandate - Protective behaviour,PHQ Depressed: Prefer Not Say,8.889187890615276e-05,64
Random Forest,United Kingdom,before_mandate,Before mandate,protective,Protective behaviour,United_Kingdom_before_mandate_protective,United Kingdom - Before mandate - Protective behaviour,PHQ Low Interest: N/A,8.147461164981561e-05,65
Random Forest,United Kingdom,before_mandate,Before mandate,protective,Protective behaviour,United_Kingdom_before_mandate_protective,United Kingdom - Before mandate - Protective behaviour,Dry Cough: Yes,6.926530874418721e-05,66
Random Forest,United Kingdom,before_mandate,Before mandate,protective,Protective behaviour,United_Kingdom_before_mandate_protective,United Kingdom - Before mandate - Protective behaviour,PHQ Depressed: N/A,6.776943857239437e-05,67
Random Forest,United Kingdom,before_mandate,Before mandate,protective,Protective behaviour,United_Kingdom_before_mandate_protective,United Kingdom - Before mandate - Protective behaviour,PHQ Worry: Prefer Not Say,1.6794267998011416e-05,68
Random Forest,United Kingdom,before_mandate,Before mandate,protective,Protective behaviour,United_Kingdom_before_mandate_protective,United Kingdom - Before mandate - Protective behaviour,Fever: No,1.5083751773823353e-05,69
Random Forest,United Kingdom,before_mandate,Before mandate,protective,Protective behaviour,United_Kingdom_before_mandate_protective,United Kingdom - Before mandate - Protective behaviour,Fever: Yes,0.0,70
Random Forest,United Kingdom,before_mandate,Before mandate,protective,Protective behaviour,United_Kingdom_before_mandate_protective,United Kingdom - Before mandate - Protective behaviour,Confidence in the government: Unknown,0.0,71
Random Forest,United Kingdom,before_mandate,Before mandate,protective,Protective behaviour,United_Kingdom_before_mandate_protective,United Kingdom - Before mandate - Protective behaviour,PHQ Low Interest: Prefer Not Say,0.0,72
Random Forest,United Kingdom,after_mandate,After mandate,mask,Face mask wearing,United_Kingdom_after_mandate_mask,United Kingdom - After mandate - Face mask wearing,Week,0.24609137812458284,1
Random Forest,United Kingdom,after_mandate,After mandate,mask,Face mask wearing,United_Kingdom_after_mandate_mask,United Kingdom - After mandate - Face mask wearing,Non-Mask Protective Behavior Score,0.1035691674619738,2
Random Forest,United Kingdom,after_mandate,After mandate,mask,Face mask wearing,United_Kingdom_after_mandate_mask,United Kingdom - After mandate - Face mask wearing,COVID Severity,0.07573865632466843,3
Random Forest,United Kingdom,after_mandate,After mandate,mask,Face mask wearing,United_Kingdom_after_mandate_mask,United Kingdom - After mandate - Face mask wearing,Age,0.05684241165127243,4
Random Forest,United Kingdom,after_mandate,After mandate,mask,Face mask wearing,United_Kingdom_after_mandate_mask,United Kingdom - After mandate - Face mask wearing,Handwashing Count,0.05614594646712763,5
Random Forest,United Kingdom,after_mandate,After mandate,mask,Face mask wearing,United_Kingdom_after_mandate_mask,United Kingdom - After mandate - Face mask wearing,Isolation Willingness: Very Willing,0.04264864805823641,6
Random Forest,United Kingdom,after_mandate,After mandate,mask,Face mask wearing,United_Kingdom_after_mandate_mask,United Kingdom - After mandate - Face mask wearing,Physical contact count (with stranger),0.03992983616219498,7
Random Forest,United Kingdom,after_mandate,After mandate,mask,Face mask wearing,United_Kingdom_after_mandate_mask,United Kingdom - After mandate - Face mask wearing,COVID Infection Risk,0.030280403511119297,8
Random Forest,United Kingdom,after_mandate,After mandate,mask,Face mask wearing,United_Kingdom_after_mandate_mask,United Kingdom - After mandate - Face mask wearing,Is a male?,0.025505921666003323,9
Random Forest,United Kingdom,after_mandate,After mandate,mask,Face mask wearing,United_Kingdom_after_mandate_mask,United Kingdom - After mandate - Face mask wearing,Outings count,0.0241495432255841,10
Random Forest,United Kingdom,after_mandate,After mandate,mask,Face mask wearing,United_Kingdom_after_mandate_mask,United Kingdom - After mandate - Face mask wearing,Household Size,0.022803301935284136,11
Random Forest,United Kingdom,after_mandate,After mandate,mask,Face mask wearing,United_Kingdom_after_mandate_mask,United Kingdom - After mandate - Face mask wearing,Isolation Willingness: Very Unwilling,0.015062500549193898,12
Random Forest,United Kingdom,after_mandate,After mandate,mask,Face mask wearing,United_Kingdom_after_mandate_mask,United Kingdom - After mandate - Face mask wearing,Symptom Isolation: Yes,0.012352140931851514,13
Random Forest,United Kingdom,after_mandate,After mandate,mask,Face mask wearing,United_Kingdom_after_mandate_mask,United Kingdom - After mandate - Face mask wearing,Gov Response: Very Bad,0.010363875102982797,14
Random Forest,United Kingdom,after_mandate,After mandate,mask,Face mask wearing,United_Kingdom_after_mandate_mask,United Kingdom - After mandate - Face mask wearing,Symptom Isolation: No,0.010235848382815112,15
Random Forest,United Kingdom,after_mandate,After mandate,mask,Face mask wearing,United_Kingdom_after_mandate_mask,United Kingdom - After mandate - Face mask wearing,PHQ Worry: Not At All,0.010049241802922916,16
Random Forest,United Kingdom,after_mandate,After mandate,mask,Face mask wearing,United_Kingdom_after_mandate_mask,United Kingdom - After mandate - Face mask wearing,Confidence in the government: High,0.009556625284949173,17
Random Forest,United Kingdom,after_mandate,After mandate,mask,Face mask wearing,United_Kingdom_after_mandate_mask,United Kingdom - After mandate - Face mask wearing,PHQ Anxiety: Not At All,0.008862003285375092,18
Random Forest,United Kingdom,after_mandate,After mandate,mask,Face mask wearing,United_Kingdom_after_mandate_mask,United Kingdom - After mandate - Face mask wearing,Comorbidity: Yes,0.008578057568337405,19
Random Forest,United Kingdom,after_mandate,After mandate,mask,Face mask wearing,United_Kingdom_after_mandate_mask,United Kingdom - After mandate - Face mask wearing,Comorbidity: No,0.008551584945057733,20
Random Forest,United Kingdom,after_mandate,After mandate,mask,Face mask wearing,United_Kingdom_after_mandate_mask,United Kingdom - After mandate - Face mask wearing,Gov Response: Somewhat Good,0.008530059613883364,21
Random Forest,United Kingdom,after_mandate,After mandate,mask,Face mask wearing,United_Kingdom_after_mandate_mask,United Kingdom - After mandate - Face mask wearing,Isolation Willingness: Neutral,0.008294912313865003,22
Random Forest,United Kingdom,after_mandate,After mandate,mask,Face mask wearing,United_Kingdom_after_mandate_mask,United Kingdom - After mandate - Face mask wearing,Symptom Isolation: Unsure,0.008011328851914586,23
Random Forest,United Kingdom,after_mandate,After mandate,mask,Face mask wearing,United_Kingdom_after_mandate_mask,United Kingdom - After mandate - Face mask wearing,PHQ Low Interest: Several Days,0.00795817864030178,24
Random Forest,United Kingdom,after_mandate,After mandate,mask,Face mask wearing,United_Kingdom_after_mandate_mask,United Kingdom - After mandate - Face mask wearing,Isolation Willingness: Somewhat Willing,0.007876606488713474,25
Random Forest,United Kingdom,after_mandate,After mandate,mask,Face mask wearing,United_Kingdom_after_mandate_mask,United Kingdom - After mandate - Face mask wearing,PHQ Low Interest: Not At All,0.007841583370679087,26
Random Forest,United Kingdom,after_mandate,After mandate,mask,Face mask wearing,United_Kingdom_after_mandate_mask,United Kingdom - After mandate - Face mask wearing,PHQ Depressed: Several Days,0.007837048455725913,27
Random Forest,United Kingdom,after_mandate,After mandate,mask,Face mask wearing,United_Kingdom_after_mandate_mask,United Kingdom - After mandate - Face mask wearing,Confidence in the government: None,0.007826149556496208,28
Random Forest,United Kingdom,after_mandate,After mandate,mask,Face mask wearing,United_Kingdom_after_mandate_mask,United Kingdom - After mandate - Face mask wearing,PHQ Depressed: Not At All,0.007562812819510633,29
Random Forest,United Kingdom,after_mandate,After mandate,mask,Face mask wearing,United_Kingdom_after_mandate_mask,United Kingdom - After mandate - Face mask wearing,Gov Response: Somewhat Bad,0.007345502018477473,30
Random Forest,United Kingdom,after_mandate,After mandate,mask,Face mask wearing,United_Kingdom_after_mandate_mask,United Kingdom - After mandate - Face mask wearing,PHQ Anxiety: Several Days,0.007238420838679004,31
Random Forest,United Kingdom,after_mandate,After mandate,mask,Face mask wearing,United_Kingdom_after_mandate_mask,United Kingdom - After mandate - Face mask wearing,PHQ Worry: Several Days,0.006697605037690291,32
Random Forest,United Kingdom,after_mandate,After mandate,mask,Face mask wearing,United_Kingdom_after_mandate_mask,United Kingdom - After mandate - Face mask wearing,Employment: Retired,0.00646485492476735,33
Random Forest,United Kingdom,after_mandate,After mandate,mask,Face mask wearing,United_Kingdom_after_mandate_mask,United Kingdom - After mandate - Face mask wearing,State: Scotland,0.006095074455142082,34
Random Forest,United Kingdom,after_mandate,After mandate,mask,Face mask wearing,United_Kingdom_after_mandate_mask,United Kingdom - After mandate - Face mask wearing,Confidence in the government: Low,0.005971733266225308,35
Random Forest,United Kingdom,after_mandate,After mandate,mask,Face mask wearing,United_Kingdom_after_mandate_mask,United Kingdom - After mandate - Face mask wearing,Isolation Willingness: Somewhat Unwilling,0.005964823861846262,36
Random Forest,United Kingdom,after_mandate,After mandate,mask,Face mask wearing,United_Kingdom_after_mandate_mask,United Kingdom - After mandate - Face mask wearing,Employment: Part Time,0.005088392858590885,37
Random Forest,United Kingdom,after_mandate,After mandate,mask,Face mask wearing,United_Kingdom_after_mandate_mask,United Kingdom - After mandate - Face mask wearing,Employment: Not Working,0.005074556681179165,38
Random Forest,United Kingdom,after_mandate,After mandate,mask,Face mask wearing,United_Kingdom_after_mandate_mask,United Kingdom - After mandate - Face mask wearing,PHQ Worry: Daily,0.004638049570310522,39
Random Forest,United Kingdom,after_mandate,After mandate,mask,Face mask wearing,United_Kingdom_after_mandate_mask,United Kingdom - After mandate - Face mask wearing,PHQ Low Interest: Daily,0.004152911072245366,40
Random Forest,United Kingdom,after_mandate,After mandate,mask,Face mask wearing,United_Kingdom_after_mandate_mask,United Kingdom - After mandate - Face mask wearing,PHQ Anxiety: Daily,0.004043054434838563,41
Random Forest,United Kingdom,after_mandate,After mandate,mask,Face mask wearing,United_Kingdom_after_mandate_mask,United Kingdom - After mandate - Face mask wearing,PHQ Depressed: Daily,0.003907066238862885,42
Random Forest,United Kingdom,after_mandate,After mandate,mask,Face mask wearing,United_Kingdom_after_mandate_mask,United Kingdom - After mandate - Face mask wearing,Gov Response: Very Good,0.0033829529798037913,43
Random Forest,United Kingdom,after_mandate,After mandate,mask,Face mask wearing,United_Kingdom_after_mandate_mask,United Kingdom - After mandate - Face mask wearing,Confidence in the government: Unknown,0.0031083914382230974,44
Random Forest,United Kingdom,after_mandate,After mandate,mask,Face mask wearing,United_Kingdom_after_mandate_mask,United Kingdom - After mandate - Face mask wearing,Employment: Student,0.0031027440655517335,45
Random Forest,United Kingdom,after_mandate,After mandate,mask,Face mask wearing,United_Kingdom_after_mandate_mask,United Kingdom - After mandate - Face mask wearing,Employment: Unemployed,0.0027873524414197704,46
Random Forest,United Kingdom,after_mandate,After mandate,mask,Face mask wearing,United_Kingdom_after_mandate_mask,United Kingdom - After mandate - Face mask wearing,No Symptoms: Yes,0.002515966088936828,47
Random Forest,United Kingdom,after_mandate,After mandate,mask,Face mask wearing,United_Kingdom_after_mandate_mask,United Kingdom - After mandate - Face mask wearing,Isolation Willingness: Unsure,0.002340637310805512,48
Random Forest,United Kingdom,after_mandate,After mandate,mask,Face mask wearing,United_Kingdom_after_mandate_mask,United Kingdom - After mandate - Face mask wearing,No Symptoms: No,0.0022129328695307767,49
Random Forest,United Kingdom,after_mandate,After mandate,mask,Face mask wearing,United_Kingdom_after_mandate_mask,United Kingdom - After mandate - Face mask wearing,State: Wales,0.0020753070487045996,50
Random Forest,United Kingdom,after_mandate,After mandate,mask,Face mask wearing,United_Kingdom_after_mandate_mask,United Kingdom - After mandate - Face mask wearing,Shortness of Breath: No,0.0018179362106065622,51
Random Forest,United Kingdom,after_mandate,After mandate,mask,Face mask wearing,United_Kingdom_after_mandate_mask,United Kingdom - After mandate - Face mask wearing,Dry Cough: No,0.0015380453579943163,52
Random Forest,United Kingdom,after_mandate,After mandate,mask,Face mask wearing,United_Kingdom_after_mandate_mask,United Kingdom - After mandate - Face mask wearing,Employment: Other,0.0015126098812308806,53
Random Forest,United Kingdom,after_mandate,After mandate,mask,Face mask wearing,United_Kingdom_after_mandate_mask,United Kingdom - After mandate - Face mask wearing,State: Northern Ireland,0.0013986626229834191,54
Random Forest,United Kingdom,after_mandate,After mandate,mask,Face mask wearing,United_Kingdom_after_mandate_mask,United Kingdom - After mandate - Face mask wearing,Dry Cough: Yes,0.0011499757468937792,55
Random Forest,United Kingdom,after_mandate,After mandate,mask,Face mask wearing,United_Kingdom_after_mandate_mask,United Kingdom - After mandate - Face mask wearing,Shortness of Breath: Yes,0.0010798401708186098,56
Random Forest,United Kingdom,after_mandate,After mandate,mask,Face mask wearing,United_Kingdom_after_mandate_mask,United Kingdom - After mandate - Face mask wearing,PHQ Anxiety: N/A,0.0007718450212218586,57
Random Forest,United Kingdom,after_mandate,After mandate,mask,Face mask wearing,United_Kingdom_after_mandate_mask,United Kingdom - After mandate - Face mask wearing,PHQ Worry: N/A,0.0007503409274505849,58
Random Forest,United Kingdom,after_mandate,After mandate,mask,Face mask wearing,United_Kingdom_after_mandate_mask,United Kingdom - After mandate - Face mask wearing,PHQ Depressed: N/A,0.0007437385952030187,59
Random Forest,United Kingdom,after_mandate,After mandate,mask,Face mask wearing,United_Kingdom_after_mandate_mask,United Kingdom - After mandate - Face mask wearing,PHQ Low Interest: N/A,0.0007306241768764405,60
Random Forest,United Kingdom,after_mandate,After mandate,mask,Face mask wearing,United_Kingdom_after_mandate_mask,United Kingdom - After mandate - Face mask wearing,Fever: No,0.0006704901840700892,61
Random Forest,United Kingdom,after_mandate,After mandate,mask,Face mask wearing,United_Kingdom_after_mandate_mask,United Kingdom - After mandate - Face mask wearing,Comorbidity: Prefer Not Say,0.0006494516464232039,62
Random Forest,United Kingdom,after_mandate,After mandate,mask,Face mask wearing,United_Kingdom_after_mandate_mask,United Kingdom - After mandate - Face mask wearing,Loss of Smell: No,0.0006404966267402334,63
Random Forest,United Kingdom,after_mandate,After mandate,mask,Face mask wearing,United_Kingdom_after_mandate_mask,United Kingdom - After mandate - Face mask wearing,PHQ Worry: Prefer Not Say,0.0006007102048453736,64
Random Forest,United Kingdom,after_mandate,After mandate,mask,Face mask wearing,United_Kingdom_after_mandate_mask,United Kingdom - After mandate - Face mask wearing,Loss of Taste: No,0.0005814673213117637,65
Random Forest,United Kingdom,after_mandate,After mandate,mask,Face mask wearing,United_Kingdom_after_mandate_mask,United Kingdom - After mandate - Face mask wearing,PHQ Anxiety: Prefer Not Say,0.0004956538500496014,66
Random Forest,United Kingdom,after_mandate,After mandate,mask,Face mask wearing,United_Kingdom_after_mandate_mask,United Kingdom - After mandate - Face mask wearing,PHQ Depressed: Prefer Not Say,0.00047547625712634844,67
Random Forest,United Kingdom,after_mandate,After mandate,mask,Face mask wearing,United_Kingdom_after_mandate_mask,United Kingdom - After mandate - Face mask wearing,PHQ Low Interest: Prefer Not Say,0.00039765067501967903,68
Random Forest,United Kingdom,after_mandate,After mandate,mask,Face mask wearing,United_Kingdom_after_mandate_mask,United Kingdom - After mandate - Face mask wearing,Fever: Yes,0.0002470380804639141,69
Random Forest,United Kingdom,after_mandate,After mandate,mask,Face mask wearing,United_Kingdom_after_mandate_mask,United Kingdom - After mandate - Face mask wearing,Loss of Smell: Yes,0.00022319985408630414,70
Random Forest,United Kingdom,after_mandate,After mandate,mask,Face mask wearing,United_Kingdom_after_mandate_mask,United Kingdom - After mandate - Face mask wearing,Loss of Taste: Yes,0.00015940456455484534,71
Random Forest,United Kingdom,after_mandate,After mandate,mask,Face mask wearing,United_Kingdom_after_mandate_mask,United Kingdom - After mandate - Face mask wearing,Confidence in the government: N/A,6.144014986640692e-05,72
Random Forest,United Kingdom,after_mandate,After mandate,mask,Face mask wearing,United_Kingdom_after_mandate_mask,United Kingdom - After mandate - Face mask wearing,Gov Response: N/A,3.9799819708291454e-05,73
Random Forest,United Kingdom,after_mandate,After mandate,protective,Protective behaviour,United_Kingdom_after_mandate_protective,United Kingdom - After mandate - Protective behaviour,COVID Severity,0.15827859461970903,1
Random Forest,United Kingdom,after_mandate,After mandate,protective,Protective behaviour,United_Kingdom_after_mandate_protective,United Kingdom - After mandate - Protective behaviour,Physical contact count (with stranger),0.15358635948533492,2
Random Forest,United Kingdom,after_mandate,After mandate,protective,Protective behaviour,United_Kingdom_after_mandate_protective,United Kingdom - After mandate - Protective behaviour,Isolation Willingness: Very Willing,0.1357138476627599,3
Random Forest,United Kingdom,after_mandate,After mandate,protective,Protective behaviour,United_Kingdom_after_mandate_protective,United Kingdom - After mandate - Protective behaviour,Week,0.11030920057327712,4
Random Forest,United Kingdom,after_mandate,After mandate,protective,Protective behaviour,United_Kingdom_after_mandate_protective,United Kingdom - After mandate - Protective behaviour,Handwashing Count,0.07690293329209792,5
Random Forest,United Kingdom,after_mandate,After mandate,protective,Protective behaviour,United_Kingdom_after_mandate_protective,United Kingdom - After mandate - Protective behaviour,Age,0.05216963696558606,6
Random Forest,United Kingdom,after_mandate,After mandate,protective,Protective behaviour,United_Kingdom_after_mandate_protective,United Kingdom - After mandate - Protective behaviour,Symptom Isolation: Yes,0.04872114110986727,7
Random Forest,United Kingdom,after_mandate,After mandate,protective,Protective behaviour,United_Kingdom_after_mandate_protective,United Kingdom - After mandate - Protective behaviour,Outings count,0.03097343209304857,8
Random Forest,United Kingdom,after_mandate,After mandate,protective,Protective behaviour,United_Kingdom_after_mandate_protective,United Kingdom - After mandate - Protective behaviour,COVID Infection Risk,0.024078213708060268,9
Random Forest,United Kingdom,after_mandate,After mandate,protective,Protective behaviour,United_Kingdom_after_mandate_protective,United Kingdom - After mandate - Protective behaviour,Household Size,0.018576476056672328,10
Random Forest,United Kingdom,after_mandate,After mandate,protective,Protective behaviour,United_Kingdom_after_mandate_protective,United Kingdom - After mandate - Protective behaviour,Is a male?,0.011847269773468574,11
Random Forest,United Kingdom,after_mandate,After mandate,protective,Protective behaviour,United_Kingdom_after_mandate_protective,United Kingdom - After mandate - Protective behaviour,Isolation Willingness: Somewhat Willing,0.010415566339677603,12
Random Forest,United Kingdom,after_mandate,After mandate,protective,Protective behaviour,United_Kingdom_after_mandate_protective,United Kingdom - After mandate - Protective behaviour,Symptom Isolation: Unsure,0.010004793201968872,13
Random Forest,United Kingdom,after_mandate,After mandate,protective,Protective behaviour,United_Kingdom_after_mandate_protective,United Kingdom - After mandate - Protective behaviour,Symptom Isolation: No,0.008103124462471705,14
Random Forest,United Kingdom,after_mandate,After mandate,protective,Protective behaviour,United_Kingdom_after_mandate_protective,United Kingdom - After mandate - Protective behaviour,PHQ Worry: Not At All,0.007886324307919792,15
Random Forest,United Kingdom,after_mandate,After mandate,protective,Protective behaviour,United_Kingdom_after_mandate_protective,United Kingdom - After mandate - Protective behaviour,PHQ Anxiety: Not At All,0.006740159347703616,16
Random Forest,United Kingdom,after_mandate,After mandate,protective,Protective behaviour,United_Kingdom_after_mandate_protective,United Kingdom - After mandate - Protective behaviour,PHQ Low Interest: Not At All,0.006648698020034222,17
Random Forest,United Kingdom,after_mandate,After mandate,protective,Protective behaviour,United_Kingdom_after_mandate_protective,United Kingdom - After mandate - Protective behaviour,Gov Response: Very Bad,0.006586469201767246,18
Random Forest,United Kingdom,after_mandate,After mandate,protective,Protective behaviour,United_Kingdom_after_mandate_protective,United Kingdom - After mandate - Protective behaviour,PHQ Depressed: Not At All,0.006567548267820373,19
Random Forest,United Kingdom,after_mandate,After mandate,protective,Protective behaviour,United_Kingdom_after_mandate_protective,United Kingdom - After mandate - Protective behaviour,Gov Response: Somewhat Bad,0.006262494504412256,20
Random Forest,United Kingdom,after_mandate,After mandate,protective,Protective behaviour,United_Kingdom_after_mandate_protective,United Kingdom - After mandate - Protective behaviour,Confidence in the government: High,0.006084455839573229,21
Random Forest,United Kingdom,after_mandate,After mandate,protective,Protective behaviour,United_Kingdom_after_mandate_protective,United Kingdom - After mandate - Protective behaviour,Gov Response: Somewhat Good,0.0060840182805848905,22
Random Forest,United Kingdom,after_mandate,After mandate,protective,Protective behaviour,United_Kingdom_after_mandate_protective,United Kingdom - After mandate - Protective behaviour,Comorbidity: No,0.00604364030989694,23
Random Forest,United Kingdom,after_mandate,After mandate,protective,Protective behaviour,United_Kingdom_after_mandate_protective,United Kingdom - After mandate - Protective behaviour,PHQ Anxiety: Several Days,0.005774789564785421,24
Random Forest,United Kingdom,after_mandate,After mandate,protective,Protective behaviour,United_Kingdom_after_mandate_protective,United Kingdom - After mandate - Protective behaviour,Comorbidity: Yes,0.00571064683814848,25
Random Forest,United Kingdom,after_mandate,After mandate,protective,Protective behaviour,United_Kingdom_after_mandate_protective,United Kingdom - After mandate - Protective behaviour,PHQ Worry: Several Days,0.0055198345664297065,26
Random Forest,United Kingdom,after_mandate,After mandate,protective,Protective behaviour,United_Kingdom_after_mandate_protective,United Kingdom - After mandate - Protective behaviour,PHQ Low Interest: Several Days,0.005480457113784013,27
Random Forest,United Kingdom,after_mandate,After mandate,protective,Protective behaviour,United_Kingdom_after_mandate_protective,United Kingdom - After mandate - Protective behaviour,Isolation Willingness: Very Unwilling,0.004988274295579504,28
Random Forest,United Kingdom,after_mandate,After mandate,protective,Protective behaviour,United_Kingdom_after_mandate_protective,United Kingdom - After mandate - Protective behaviour,Isolation Willingness: Somewhat Unwilling,0.004836745020256806,29
Random Forest,United Kingdom,after_mandate,After mandate,protective,Protective behaviour,United_Kingdom_after_mandate_protective,United Kingdom - After mandate - Protective behaviour,PHQ Depressed: Several Days,0.004796721303121942,30
Random Forest,United Kingdom,after_mandate,After mandate,protective,Protective behaviour,United_Kingdom_after_mandate_protective,United Kingdom - After mandate - Protective behaviour,Isolation Willingness: Neutral,0.004751623629290229,31
Random Forest,United Kingdom,after_mandate,After mandate,protective,Protective behaviour,United_Kingdom_after_mandate_protective,United Kingdom - After mandate - Protective behaviour,Employment: Retired,0.004511028212394485,32
Random Forest,United Kingdom,after_mandate,After mandate,protective,Protective behaviour,United_Kingdom_after_mandate_protective,United Kingdom - After mandate - Protective behaviour,Confidence in the government: Low,0.003944068770020735,33
Random Forest,United Kingdom,after_mandate,After mandate,protective,Protective behaviour,United_Kingdom_after_mandate_protective,United Kingdom - After mandate - Protective behaviour,Employment: Part Time,0.0038931150099651203,34
Random Forest,United Kingdom,after_mandate,After mandate,protective,Protective behaviour,United_Kingdom_after_mandate_protective,United Kingdom - After mandate - Protective behaviour,PHQ Anxiety: Daily,0.0036995588870912762,35
Random Forest,United Kingdom,after_mandate,After mandate,protective,Protective behaviour,United_Kingdom_after_mandate_protective,United Kingdom - After mandate - Protective behaviour,State: Scotland,0.0028956533548423536,36
Random Forest,United Kingdom,after_mandate,After mandate,protective,Protective behaviour,United_Kingdom_after_mandate_protective,United Kingdom - After mandate - Protective behaviour,PHQ Low Interest: Daily,0.002692852438400694,37
Random Forest,United Kingdom,after_mandate,After mandate,protective,Protective behaviour,United_Kingdom_after_mandate_protective,United Kingdom - After mandate - Protective behaviour,PHQ Worry: Daily,0.002676099388454021,38
Random Forest,United Kingdom,after_mandate,After mandate,protective,Protective behaviour,United_Kingdom_after_mandate_protective,United Kingdom - After mandate - Protective behaviour,PHQ Depressed: Daily,0.0026643661437895476,39
Random Forest,United Kingdom,after_mandate,After mandate,protective,Protective behaviour,United_Kingdom_after_mandate_protective,United Kingdom - After mandate - Protective behaviour,Confidence in the government: None,0.002519042361088335,40
Random Forest,United Kingdom,after_mandate,After mandate,protective,Protective behaviour,United_Kingdom_after_mandate_protective,United Kingdom - After mandate - Protective behaviour,Employment: Not Working,0.0017787487496263288,41
Random Forest,United Kingdom,after_mandate,After mandate,protective,Protective behaviour,United_Kingdom_after_mandate_protective,United Kingdom - After mandate - Protective behaviour,Gov Response: Very Good,0.001778381015386153,42
Random Forest,United Kingdom,after_mandate,After mandate,protective,Protective behaviour,United_Kingdom_after_mandate_protective,United Kingdom - After mandate - Protective behaviour,Employment: Unemployed,0.0016931326840367077,43
Random Forest,United Kingdom,after_mandate,After mandate,protective,Protective behaviour,United_Kingdom_after_mandate_protective,United Kingdom - After mandate - Protective behaviour,No Symptoms: Yes,0.0015207674880663399,44
Random Forest,United Kingdom,after_mandate,After mandate,protective,Protective behaviour,United_Kingdom_after_mandate_protective,United Kingdom - After mandate - Protective behaviour,Confidence in the government: Unknown,0.0014996091814596735,45
Random Forest,United Kingdom,after_mandate,After mandate,protective,Protective behaviour,United_Kingdom_after_mandate_protective,United Kingdom - After mandate - Protective behaviour,No Symptoms: No,0.0012914223879682296,46
Random Forest,United Kingdom,after_mandate,After mandate,protective,Protective behaviour,United_Kingdom_after_mandate_protective,United Kingdom - After mandate - Protective behaviour,Employment: Student,0.0012164186444671185,47
Random Forest,United Kingdom,after_mandate,After mandate,protective,Protective behaviour,United_Kingdom_after_mandate_protective,United Kingdom - After mandate - Protective behaviour,Isolation Willingness: Unsure,0.0012163897646288067,48
Random Forest,United Kingdom,after_mandate,After mandate,protective,Protective behaviour,United_Kingdom_after_mandate_protective,United Kingdom - After mandate - Protective behaviour,PHQ Low Interest: N/A,0.0008041292405374266,49
Random Forest,United Kingdom,after_mandate,After mandate,protective,Protective behaviour,United_Kingdom_after_mandate_protective,United Kingdom - After mandate - Protective behaviour,Dry Cough: No,0.0007167867991521288,50
Random Forest,United Kingdom,after_mandate,After mandate,protective,Protective behaviour,United_Kingdom_after_mandate_protective,United Kingdom - After mandate - Protective behaviour,Shortness of Breath: No,0.0007109401686700733,51
Random Forest,United Kingdom,after_mandate,After mandate,protective,Protective behaviour,United_Kingdom_after_mandate_protective,United Kingdom - After mandate - Protective behaviour,Dry Cough: Yes,0.0006262440235396188,52
Random Forest,United Kingdom,after_mandate,After mandate,protective,Protective behaviour,United_Kingdom_after_mandate_protective,United Kingdom - After mandate - Protective behaviour,State: Wales,0.0005762327837724689,53
Random Forest,United Kingdom,after_mandate,After mandate,protective,Protective behaviour,United_Kingdom_after_mandate_protective,United Kingdom - After mandate - Protective behaviour,State: Northern Ireland,0.00048032873618520196,54
Random Forest,United Kingdom,after_mandate,After mandate,protective,Protective behaviour,United_Kingdom_after_mandate_protective,United Kingdom - After mandate - Protective behaviour,PHQ Depressed: N/A,0.00045416342236439584,55
Random Forest,United Kingdom,after_mandate,After mandate,protective,Protective behaviour,United_Kingdom_after_mandate_protective,United Kingdom - After mandate - Protective behaviour,Employment: Other,0.0004376081350999248,56
Random Forest,United Kingdom,after_mandate,After mandate,protective,Protective behaviour,United_Kingdom_after_mandate_protective,United Kingdom - After mandate - Protective behaviour,PHQ Worry: N/A,0.00043727013804541014,57
Random Forest,United Kingdom,after_mandate,After mandate,protective,Protective behaviour,United_Kingdom_after_mandate_protective,United Kingdom - After mandate - Protective behaviour,Fever: No,0.00041460110838297996,58
Random Forest,United Kingdom,after_mandate,After mandate,protective,Protective behaviour,United_Kingdom_after_mandate_protective,United Kingdom - After mandate - Protective behaviour,Shortness of Breath: Yes,0.00039969367655264627,59
Random Forest,United Kingdom,after_mandate,After mandate,protective,Protective behaviour,United_Kingdom_after_mandate_protective,United Kingdom - After mandate - Protective behaviour,PHQ Anxiety: N/A,0.0003860689995327571,60
Random Forest,United Kingdom,after_mandate,After mandate,protective,Protective behaviour,United_Kingdom_after_mandate_protective,United Kingdom - After mandate - Protective behaviour,Loss of Smell: No,0.0002782429620063888,61
Random Forest,United Kingdom,after_mandate,After mandate,protective,Protective behaviour,United_Kingdom_after_mandate_protective,United Kingdom - After mandate - Protective behaviour,Loss of Taste: No,0.0002497755490491929,62
Random Forest,United Kingdom,after_mandate,After mandate,protective,Protective behaviour,United_Kingdom_after_mandate_protective,United Kingdom - After mandate - Protective behaviour,Comorbidity: Prefer Not Say,0.00023847334031516296,63
Random Forest,United Kingdom,after_mandate,After mandate,protective,Protective behaviour,United_Kingdom_after_mandate_protective,United Kingdom - After mandate - Protective behaviour,PHQ Depressed: Prefer Not Say,0.00020485786751117256,64
Random Forest,United Kingdom,after_mandate,After mandate,protective,Protective behaviour,United_Kingdom_after_mandate_protective,United Kingdom - After mandate - Protective behaviour,PHQ Worry: Prefer Not Say,0.0001783130292625917,65
Random Forest,United Kingdom,after_mandate,After mandate,protective,Protective behaviour,United_Kingdom_after_mandate_protective,United Kingdom - After mandate - Protective behaviour,PHQ Anxiety: Prefer Not Say,0.00017611007023607864,66
Random Forest,United Kingdom,after_mandate,After mandate,protective,Protective behaviour,United_Kingdom_after_mandate_protective,United Kingdom - After mandate - Protective behaviour,Fever: Yes,0.00012000779139287778,67
Random Forest,United Kingdom,after_mandate,After mandate,protective,Protective behaviour,United_Kingdom_after_mandate_protective,United Kingdom - After mandate - Protective behaviour,PHQ Low Interest: Prefer Not Say,8.685539734926534e-05,68
Random Forest,United Kingdom,after_mandate,After mandate,protective,Protective behaviour,United_Kingdom_after_mandate_protective,United Kingdom - After mandate - Protective behaviour,Loss of Smell: Yes,5.773897103681546e-05,69
Random Forest,United Kingdom,after_mandate,After mandate,protective,Protective behaviour,United_Kingdom_after_mandate_protective,United Kingdom - After mandate - Protective behaviour,Loss of Taste: Yes,3.1413553210710604e-05,70
Random Forest,United Kingdom,after_mandate,After mandate,protective,Protective behaviour,United_Kingdom_after_mandate_protective,United Kingdom - After mandate - Protective behaviour,Confidence in the government: N/A,0.0,71
Random Forest,United Kingdom,after_mandate,After mandate,protective,Protective behaviour,United_Kingdom_after_mandate_protective,United Kingdom - After mandate - Protective behaviour,Gov Response: N/A,0.0,72
Random Forest,India,before_mandate,Before mandate,mask,Face mask wearing,India_before_mandate_mask,India - Before mandate - Face mask wearing,Non-Mask Protective Behavior Score,0.15917818415093082,1
Random Forest,India,before_mandate,Before mandate,mask,Face mask wearing,India_before_mandate_mask,India - Before mandate - Face mask wearing,Handwashing Count,0.12003656888349706,2
Random Forest,India,before_mandate,Before mandate,mask,Face mask wearing,India_before_mandate_mask,India - Before mandate - Face mask wearing,Age,0.11618927814559095,3
Random Forest,India,before_mandate,Before mandate,mask,Face mask wearing,India_before_mandate_mask,India - Before mandate - Face mask wearing,Physical contact count (with family),0.05657731318369493,4
Random Forest,India,before_mandate,Before mandate,mask,Face mask wearing,India_before_mandate_mask,India - Before mandate - Face mask wearing,Household Size,0.05114069639078264,5
Random Forest,India,before_mandate,Before mandate,mask,Face mask wearing,India_before_mandate_mask,India - Before mandate - Face mask wearing,Physical contact count (with stranger),0.04471189235130166,6
Random Forest,India,before_mandate,Before mandate,mask,Face mask wearing,India_before_mandate_mask,India - Before mandate - Face mask wearing,Outings count,0.029828226008626963,7
Random Forest,India,before_mandate,Before mandate,mask,Face mask wearing,India_before_mandate_mask,India - Before mandate - Face mask wearing,Isolation Willingness: Very Willing,0.024645768659675795,8
Random Forest,India,before_mandate,Before mandate,mask,Face mask wearing,India_before_mandate_mask,India - Before mandate - Face mask wearing,Isolation Ease: Neutral,0.018717272181271852,9
Random Forest,India,before_mandate,Before mandate,mask,Face mask wearing,India_before_mandate_mask,India - Before mandate - Face mask wearing,State: Tamil Nadu,0.01854233913582606,10
Random Forest,India,before_mandate,Before mandate,mask,Face mask wearing,India_before_mandate_mask,India - Before mandate - Face mask wearing,State: Kerala,0.016706458493513286,11
Random Forest,India,before_mandate,Before mandate,mask,Face mask wearing,India_before_mandate_mask,India - Before mandate - Face mask wearing,Symptom Isolation: Yes,0.01647368136052871,12
Random Forest,India,before_mandate,Before mandate,mask,Face mask wearing,India_before_mandate_mask,India - Before mandate - Face mask wearing,Isolation Ease: Very Easy,0.016349263987964442,13
Random Forest,India,before_mandate,Before mandate,mask,Face mask wearing,India_before_mandate_mask,India - Before mandate - Face mask wearing,Symptom Isolation: Unsure,0.015470369002228939,14
Random Forest,India,before_mandate,Before mandate,mask,Face mask wearing,India_before_mandate_mask,India - Before mandate - Face mask wearing,Is a male?,0.01448070798532424,15
Random Forest,India,before_mandate,Before mandate,mask,Face mask wearing,India_before_mandate_mask,India - Before mandate - Face mask wearing,Employment: Part Time,0.014127422939107421,16
Random Forest,India,before_mandate,Before mandate,mask,Face mask wearing,India_before_mandate_mask,India - Before mandate - Face mask wearing,Isolation Ease: Somewhat Easy,0.013965303054999881,17
Random Forest,India,before_mandate,Before mandate,mask,Face mask wearing,India_before_mandate_mask,India - Before mandate - Face mask wearing,Week,0.01322780491551041,18
Random Forest,India,before_mandate,Before mandate,mask,Face mask wearing,India_before_mandate_mask,India - Before mandate - Face mask wearing,Symptom Isolation: No,0.012619822255788943,19
Random Forest,India,before_mandate,Before mandate,mask,Face mask wearing,India_before_mandate_mask,India - Before mandate - Face mask wearing,State: Delhi,0.01213666308038887,20
Random Forest,India,before_mandate,Before mandate,mask,Face mask wearing,India_before_mandate_mask,India - Before mandate - Face mask wearing,Employment: Student,0.011874684796394109,21
Random Forest,India,before_mandate,Before mandate,mask,Face mask wearing,India_before_mandate_mask,India - Before mandate - Face mask wearing,Isolation Ease: Somewhat Difficult,0.011064925293472467,22
Random Forest,India,before_mandate,Before mandate,mask,Face mask wearing,India_before_mandate_mask,India - Before mandate - Face mask wearing,Household COVID Test: Unsure,0.010841191673912792,23
Random Forest,India,before_mandate,Before mandate,mask,Face mask wearing,India_before_mandate_mask,India - Before mandate - Face mask wearing,Isolation Willingness: Somewhat Willing,0.010623009669388244,24
Random Forest,India,before_mandate,Before mandate,mask,Face mask wearing,India_before_mandate_mask,India - Before mandate - Face mask wearing,Isolation Willingness: Neutral,0.009377374078769091,25
Random Forest,India,before_mandate,Before mandate,mask,Face mask wearing,India_before_mandate_mask,India - Before mandate - Face mask wearing,Comorbidity: No,0.00887120095582858,26
Random Forest,India,before_mandate,Before mandate,mask,Face mask wearing,India_before_mandate_mask,India - Before mandate - Face mask wearing,COVID Test: Negative,0.00862714567145346,27
Random Forest,India,before_mandate,Before mandate,mask,Face mask wearing,India_before_mandate_mask,India - Before mandate - Face mask wearing,State: Karnataka,0.008532207628282544,28
Random Forest,India,before_mandate,Before mandate,mask,Face mask wearing,India_before_mandate_mask,India - Before mandate - Face mask wearing,Household COVID Test: Not done,0.008206069088772337,29
Random Forest,India,before_mandate,Before mandate,mask,Face mask wearing,India_before_mandate_mask,India - Before mandate - Face mask wearing,State: Gujarat,0.00814628052689748,30
Random Forest,India,before_mandate,Before mandate,mask,Face mask wearing,India_before_mandate_mask,India - Before mandate - Face mask wearing,Comorbidity: Yes,0.007685453884598516,31
Random Forest,India,before_mandate,Before mandate,mask,Face mask wearing,India_before_mandate_mask,India - Before mandate - Face mask wearing,State: West Bengal,0.007378704671543517,32
Random Forest,India,before_mandate,Before mandate,mask,Face mask wearing,India_before_mandate_mask,India - Before mandate - Face mask wearing,COVID Test: Not done,0.006883604101279828,33
Random Forest,India,before_mandate,Before mandate,mask,Face mask wearing,India_before_mandate_mask,India - Before mandate - Face mask wearing,State: Uttar Pradesh,0.006483856888530253,34
Random Forest,India,before_mandate,Before mandate,mask,Face mask wearing,India_before_mandate_mask,India - Before mandate - Face mask wearing,Isolation Ease: Unsure,0.006476838590695141,35
Random Forest,India,before_mandate,Before mandate,mask,Face mask wearing,India_before_mandate_mask,India - Before mandate - Face mask wearing,Employment: Not Working,0.005888406163450903,36
Random Forest,India,before_mandate,Before mandate,mask,Face mask wearing,India_before_mandate_mask,India - Before mandate - Face mask wearing,Isolation Willingness: Somewhat Unwilling,0.0058665484894743,37
Random Forest,India,before_mandate,Before mandate,mask,Face mask wearing,India_before_mandate_mask,India - Before mandate - Face mask wearing,Isolation Ease: Very Difficult,0.00568283313654116,38
Random Forest,India,before_mandate,Before mandate,mask,Face mask wearing,India_before_mandate_mask,India - Before mandate - Face mask wearing,Employment: Retired,0.004798738662797555,39
Random Forest,India,before_mandate,Before mandate,mask,Face mask wearing,India_before_mandate_mask,India - Before mandate - Face mask wearing,Employment: Unemployed,0.004674507196332268,40
Random Forest,India,before_mandate,Before mandate,mask,Face mask wearing,India_before_mandate_mask,India - Before mandate - Face mask wearing,No Symptoms: No,0.004502422102068186,41
Random Forest,India,before_mandate,Before mandate,mask,Face mask wearing,India_before_mandate_mask,India - Before mandate - Face mask wearing,Fever: Yes,0.003582115950639386,42
Random Forest,India,before_mandate,Before mandate,mask,Face mask wearing,India_before_mandate_mask,India - Before mandate - Face mask wearing,Isolation Willingness: Unsure,0.0035524372254004326,43
Random Forest,India,before_mandate,Before mandate,mask,Face mask wearing,India_before_mandate_mask,India - Before mandate - Face mask wearing,No Symptoms: Yes,0.00336623804877737,44
Random Forest,India,before_mandate,Before mandate,mask,Face mask wearing,India_before_mandate_mask,India - Before mandate - Face mask wearing,State: Jharkhand,0.003352266796989428,45
Random Forest,India,before_mandate,Before mandate,mask,Face mask wearing,India_before_mandate_mask,India - Before mandate - Face mask wearing,Dry Cough: Yes,0.003333164982121307,46
Random Forest,India,before_mandate,Before mandate,mask,Face mask wearing,India_before_mandate_mask,India - Before mandate - Face mask wearing,State: Bihar,0.0032190294837423986,47
Random Forest,India,before_mandate,Before mandate,mask,Face mask wearing,India_before_mandate_mask,India - Before mandate - Face mask wearing,State: Punjab,0.003112363571581536,48
Random Forest,India,before_mandate,Before mandate,mask,Face mask wearing,India_before_mandate_mask,India - Before mandate - Face mask wearing,Employment: Other,0.003059415560263901,49
Random Forest,India,before_mandate,Before mandate,mask,Face mask wearing,India_before_mandate_mask,India - Before mandate - Face mask wearing,Fever: No,0.0029559787678324094,50
Random Forest,India,before_mandate,Before mandate,mask,Face mask wearing,India_before_mandate_mask,India - Before mandate - Face mask wearing,Dry Cough: No,0.002896696979482853,51
Random Forest,India,before_mandate,Before mandate,mask,Face mask wearing,India_before_mandate_mask,India - Before mandate - Face mask wearing,Household COVID Test: Negative,0.0028206969919453684,52
Random Forest,India,before_mandate,Before mandate,mask,Face mask wearing,India_before_mandate_mask,India - Before mandate - Face mask wearing,Comorbidity: Prefer Not Say,0.0023908878741759833,53
Random Forest,India,before_mandate,Before mandate,mask,Face mask wearing,India_before_mandate_mask,India - Before mandate - Face mask wearing,Loss of Taste: No,0.0021417648070001572,54
Random Forest,India,before_mandate,Before mandate,mask,Face mask wearing,India_before_mandate_mask,India - Before mandate - Face mask wearing,State: Rajasthan,0.002053632436336625,55
Random Forest,India,before_mandate,Before mandate,mask,Face mask wearing,India_before_mandate_mask,India - Before mandate - Face mask wearing,Shortness of Breath: Yes,0.0014575055417886046,56
Random Forest,India,before_mandate,Before mandate,mask,Face mask wearing,India_before_mandate_mask,India - Before mandate - Face mask wearing,Shortness of Breath: No,0.001415646964722931,57
Random Forest,India,before_mandate,Before mandate,mask,Face mask wearing,India_before_mandate_mask,India - Before mandate - Face mask wearing,State: Goa,0.0011755010694381848,58
Random Forest,India,before_mandate,Before mandate,mask,Face mask wearing,India_before_mandate_mask,India - Before mandate - Face mask wearing,State: Haryana,0.0009708541808751665,59
Random Forest,India,before_mandate,Before mandate,mask,Face mask wearing,India_before_mandate_mask,India - Before mandate - Face mask wearing,Loss of Smell: Yes,0.0009234653941230499,60
Random Forest,India,before_mandate,Before mandate,mask,Face mask wearing,India_before_mandate_mask,India - Before mandate - Face mask wearing,State: Himachal Pradesh,0.0007251523354068226,61
Random Forest,India,before_mandate,Before mandate,mask,Face mask wearing,India_before_mandate_mask,India - Before mandate - Face mask wearing,Isolation Willingness: Very Unwilling,0.0007015642760960985,62
Random Forest,India,before_mandate,Before mandate,mask,Face mask wearing,India_before_mandate_mask,India - Before mandate - Face mask wearing,Loss of Smell: No,0.0006534764970038842,63
Random Forest,India,before_mandate,Before mandate,mask,Face mask wearing,India_before_mandate_mask,India - Before mandate - Face mask wearing,State: Assam,0.0005072686430766371,64
Random Forest,India,before_mandate,Before mandate,mask,Face mask wearing,India_before_mandate_mask,India - Before mandate - Face mask wearing,Household COVID Test: Pending,0.00040878579438634484,65
Random Forest,India,before_mandate,Before mandate,mask,Face mask wearing,India_before_mandate_mask,India - Before mandate - Face mask wearing,Household COVID Test: Positive,0.0003869083206157089,66
Random Forest,India,before_mandate,Before mandate,mask,Face mask wearing,India_before_mandate_mask,India - Before mandate - Face mask wearing,Loss of Taste: Yes,0.00034748253915313645,67
Random Forest,India,before_mandate,Before mandate,mask,Face mask wearing,India_before_mandate_mask,India - Before mandate - Face mask wearing,COVID Test: Positive,0.0002687405021526913,68
Random Forest,India,before_mandate,Before mandate,mask,Face mask wearing,India_before_mandate_mask,India - Before mandate - Face mask wearing,State: Manipur,0.00023843096817842193,69
Random Forest,India,before_mandate,Before mandate,mask,Face mask wearing,India_before_mandate_mask,India - Before mandate - Face mask wearing,State: Uttarakhand,0.00019101910939978964,70
Random Forest,India,before_mandate,Before mandate,mask,Face mask wearing,India_before_mandate_mask,India - Before mandate - Face mask wearing,COVID Test: Pending,0.00018046895025680332,71
Random Forest,India,before_mandate,Before mandate,mask,Face mask wearing,India_before_mandate_mask,India - Before mandate - Face mask wearing,State: Andhra Pradesh,0.0,72
Random Forest,India,before_mandate,Before mandate,mask,Face mask wearing,India_before_mandate_mask,India - Before mandate - Face mask wearing,State: Meghalaya,0.0,73
Random Forest,India,before_mandate,Before mandate,mask,Face mask wearing,India_before_mandate_mask,India - Before mandate - Face mask wearing,State: Maharashtra,0.0,74
Random Forest,India,before_mandate,Before mandate,mask,Face mask wearing,India_before_mandate_mask,India - Before mandate - Face mask wearing,State: Nagaland,0.0,75
Random Forest,India,before_mandate,Before mandate,mask,Face mask wearing,India_before_mandate_mask,India - Before mandate - Face mask wearing,State: Puducherry,0.0,76
Random Forest,India,before_mandate,Before mandate,mask,Face mask wearing,India_before_mandate_mask,India - Before mandate - Face mask wearing,State: Odisha,0.0,77
Random Forest,India,before_mandate,Before mandate,mask,Face mask wearing,India_before_mandate_mask,India - Before mandate - Face mask wearing,State: Madhya Pradesh,0.0,78
Random Forest,India,before_mandate,Before mandate,mask,Face mask wearing,India_before_mandate_mask,India - Before mandate - Face mask wearing,State: Lakshadweep,0.0,79
Random Forest,India,before_mandate,Before mandate,mask,Face mask wearing,India_before_mandate_mask,India - Before mandate - Face mask wearing,State: Mizoram,0.0,80
Random Forest,India,before_mandate,Before mandate,mask,Face mask wearing,India_before_mandate_mask,India - Before mandate - Face mask wearing,State: Telangana,0.0,81
Random Forest,India,before_mandate,Before mandate,mask,Face mask wearing,India_before_mandate_mask,India - Before mandate - Face mask wearing,State: Sikkim,0.0,82
Random Forest,India,before_mandate,Before mandate,mask,Face mask wearing,India_before_mandate_mask,India - Before mandate - Face mask wearing,State: Arunachal Pradesh,0.0,83
Random Forest,India,before_mandate,Before mandate,mask,Face mask wearing,India_before_mandate_mask,India - Before mandate - Face mask wearing,State: Chhattisgarh,0.0,84
Random Forest,India,before_mandate,Before mandate,mask,Face mask wearing,India_before_mandate_mask,India - Before mandate - Face mask wearing,State: Chandigarh,0.0,85
Random Forest,India,before_mandate,Before mandate,mask,Face mask wearing,India_before_mandate_mask,India - Before mandate - Face mask wearing,State: Dadra and Nagar Haveli and Daman and Diu,0.0,86
Random Forest,India,before_mandate,Before mandate,mask,Face mask wearing,India_before_mandate_mask,India - Before mandate - Face mask wearing,State: Jammu and Kashmir,0.0,87
Random Forest,India,before_mandate,Before mandate,mask,Face mask wearing,India_before_mandate_mask,India - Before mandate - Face mask wearing,State: Tripura,0.0,88
Random Forest,India,before_mandate,Before mandate,mask,Face mask wearing,India_before_mandate_mask,India - Before mandate - Face mask wearing,Confidence in the government: High,0.0,89
Random Forest,India,before_mandate,Before mandate,mask,Face mask wearing,India_before_mandate_mask,India - Before mandate - Face mask wearing,Confidence in the government: Unknown,0.0,90
Random Forest,India,before_mandate,Before mandate,mask,Face mask wearing,India_before_mandate_mask,India - Before mandate - Face mask wearing,Confidence in the government: N/A,0.0,91
Random Forest,India,before_mandate,Before mandate,mask,Face mask wearing,India_before_mandate_mask,India - Before mandate - Face mask wearing,COVID Fear: Not Scared,0.0,92
Random Forest,India,before_mandate,Before mandate,mask,Face mask wearing,India_before_mandate_mask,India - Before mandate - Face mask wearing,Confidence in the government: None,0.0,93
Random Forest,India,before_mandate,Before mandate,mask,Face mask wearing,India_before_mandate_mask,India - Before mandate - Face mask wearing,Confidence in the government: Low,0.0,94
Random Forest,India,before_mandate,Before mandate,mask,Face mask wearing,India_before_mandate_mask,India - Before mandate - Face mask wearing,COVID Fear: Fairly Scared,0.0,95
Random Forest,India,before_mandate,Before mandate,mask,Face mask wearing,India_before_mandate_mask,India - Before mandate - Face mask wearing,COVID Fear: Had COVID,0.0,96
Random Forest,India,before_mandate,Before mandate,mask,Face mask wearing,India_before_mandate_mask,India - Before mandate - Face mask wearing,PHQ Low Interest: N/A,0.0,97
Random Forest,India,before_mandate,Before mandate,mask,Face mask wearing,India_before_mandate_mask,India - Before mandate - Face mask wearing,PHQ Low Interest: Daily,0.0,98
Random Forest,India,before_mandate,Before mandate,mask,Face mask wearing,India_before_mandate_mask,India - Before mandate - Face mask wearing,PHQ Low Interest: Not At All,0.0,99
Random Forest,India,before_mandate,Before mandate,mask,Face mask wearing,India_before_mandate_mask,India - Before mandate - Face mask wearing,PHQ Low Interest: Prefer Not Say,0.0,100
Random Forest,India,before_mandate,Before mandate,mask,Face mask wearing,India_before_mandate_mask,India - Before mandate - Face mask wearing,COVID Fear: Slightly Scared,0.0,101
Random Forest,India,before_mandate,Before mandate,mask,Face mask wearing,India_before_mandate_mask,India - Before mandate - Face mask wearing,COVID Fear: Very Scared,0.0,102
Random Forest,India,before_mandate,Before mandate,mask,Face mask wearing,India_before_mandate_mask,India - Before mandate - Face mask wearing,COVID Fear: N/A,0.0,103
Random Forest,India,before_mandate,Before mandate,mask,Face mask wearing,India_before_mandate_mask,India - Before mandate - Face mask wearing,PHQ Depressed: Daily,0.0,104
Random Forest,India,before_mandate,Before mandate,mask,Face mask wearing,India_before_mandate_mask,India - Before mandate - Face mask wearing,PHQ Depressed: N/A,0.0,105
Random Forest,India,before_mandate,Before mandate,mask,Face mask wearing,India_before_mandate_mask,India - Before mandate - Face mask wearing,PHQ Low Interest: Several Days,0.0,106
Random Forest,India,before_mandate,Before mandate,mask,Face mask wearing,India_before_mandate_mask,India - Before mandate - Face mask wearing,PHQ Depressed: Not At All,0.0,107
Random Forest,India,before_mandate,Before mandate,mask,Face mask wearing,India_before_mandate_mask,India - Before mandate - Face mask wearing,PHQ Anxiety: Daily,0.0,108
Random Forest,India,before_mandate,Before mandate,mask,Face mask wearing,India_before_mandate_mask,India - Before mandate - Face mask wearing,PHQ Depressed: Prefer Not Say,0.0,109
Random Forest,India,before_mandate,Before mandate,mask,Face mask wearing,India_before_mandate_mask,India - Before mandate - Face mask wearing,PHQ Depressed: Several Days,0.0,110
Random Forest,India,before_mandate,Before mandate,mask,Face mask wearing,India_before_mandate_mask,India - Before mandate - Face mask wearing,PHQ Anxiety: N/A,0.0,111
Random Forest,India,before_mandate,Before mandate,mask,Face mask wearing,India_before_mandate_mask,India - Before mandate - Face mask wearing,PHQ Anxiety: Several Days,0.0,112
Random Forest,India,before_mandate,Before mandate,mask,Face mask wearing,India_before_mandate_mask,India - Before mandate - Face mask wearing,PHQ Anxiety: Prefer Not Say,0.0,113
Random Forest,India,before_mandate,Before mandate,mask,Face mask wearing,India_before_mandate_mask,India - Before mandate - Face mask wearing,PHQ Anxiety: Not At All,0.0,114
Random Forest,India,before_mandate,Before mandate,mask,Face mask wearing,India_before_mandate_mask,India - Before mandate - Face mask wearing,PHQ Worry: N/A,0.0,115
Random Forest,India,before_mandate,Before mandate,mask,Face mask wearing,India_before_mandate_mask,India - Before mandate - Face mask wearing,PHQ Worry: Prefer Not Say,0.0,116
Random Forest,India,before_mandate,Before mandate,mask,Face mask wearing,India_before_mandate_mask,India - Before mandate - Face mask wearing,PHQ Worry: Not At All,0.0,117
Random Forest,India,before_mandate,Before mandate,mask,Face mask wearing,India_before_mandate_mask,India - Before mandate - Face mask wearing,PHQ Worry: Daily,0.0,118
Random Forest,India,before_mandate,Before mandate,mask,Face mask wearing,India_before_mandate_mask,India - Before mandate - Face mask wearing,PHQ Worry: Several Days,0.0,119
Random Forest,India,before_mandate,Before mandate,protective,Protective behaviour,India_before_mandate_protective,India - Before mandate - Protective behaviour,Outings count,0.08008804109136096,1
Random Forest,India,before_mandate,Before mandate,protective,Protective behaviour,India_before_mandate_protective,India - Before mandate - Protective behaviour,Isolation Willingness: Very Willing,0.07258217381517375,2
Random Forest,India,before_mandate,Before mandate,protective,Protective behaviour,India_before_mandate_protective,India - Before mandate - Protective behaviour,Physical contact count (with stranger),0.06559286378575392,3
Random Forest,India,before_mandate,Before mandate,protective,Protective behaviour,India_before_mandate_protective,India - Before mandate - Protective behaviour,Isolation Willingness: Unsure,0.050348037040475205,4
Random Forest,India,before_mandate,Before mandate,protective,Protective behaviour,India_before_mandate_protective,India - Before mandate - Protective behaviour,Age,0.04986323087603115,5
Random Forest,India,before_mandate,Before mandate,protective,Protective behaviour,India_before_mandate_protective,India - Before mandate - Protective behaviour,Handwashing Count,0.04808106174848901,6
Random Forest,India,before_mandate,Before mandate,protective,Protective behaviour,India_before_mandate_protective,India - Before mandate - Protective behaviour,Isolation Ease: Unsure,0.046486650146724616,7
Random Forest,India,before_mandate,Before mandate,protective,Protective behaviour,India_before_mandate_protective,India - Before mandate - Protective behaviour,Symptom Isolation: Yes,0.041850288600844075,8
Random Forest,India,before_mandate,Before mandate,protective,Protective behaviour,India_before_mandate_protective,India - Before mandate - Protective behaviour,Physical contact count (with family),0.033227570994476735,9
Random Forest,India,before_mandate,Before mandate,protective,Protective behaviour,India_before_mandate_protective,India - Before mandate - Protective behaviour,Household Size,0.028069138608005847,10
Random Forest,India,before_mandate,Before mandate,protective,Protective behaviour,India_before_mandate_protective,India - Before mandate - Protective behaviour,Household COVID Test: Unsure,0.02403018485793115,11
Random Forest,India,before_mandate,Before mandate,protective,Protective behaviour,India_before_mandate_protective,India - Before mandate - Protective behaviour,No Symptoms: Yes,0.0197505249852617,12
Random Forest,India,before_mandate,Before mandate,protective,Protective behaviour,India_before_mandate_protective,India - Before mandate - Protective behaviour,Household COVID Test: Not done,0.018834966706177493,13
Random Forest,India,before_mandate,Before mandate,protective,Protective behaviour,India_before_mandate_protective,India - Before mandate - Protective behaviour,No Symptoms: No,0.01831892816500704,14
Random Forest,India,before_mandate,Before mandate,protective,Protective behaviour,India_before_mandate_protective,India - Before mandate - Protective behaviour,Symptom Isolation: No,0.018104848076742563,15
Random Forest,India,before_mandate,Before mandate,protective,Protective behaviour,India_before_mandate_protective,India - Before mandate - Protective behaviour,Employment: Part Time,0.017567763900853996,16
Random Forest,India,before_mandate,Before mandate,protective,Protective behaviour,India_before_mandate_protective,India - Before mandate - Protective behaviour,Employment: Unemployed,0.0172538346439989,17
Random Forest,India,before_mandate,Before mandate,protective,Protective behaviour,India_before_mandate_protective,India - Before mandate - Protective behaviour,State: Delhi,0.01677023213295886,18
Random Forest,India,before_mandate,Before mandate,protective,Protective behaviour,India_before_mandate_protective,India - Before mandate - Protective behaviour,Isolation Ease: Somewhat Easy,0.016726336718869188,19
Random Forest,India,before_mandate,Before mandate,protective,Protective behaviour,India_before_mandate_protective,India - Before mandate - Protective behaviour,Symptom Isolation: Unsure,0.01627463982786903,20
Random Forest,India,before_mandate,Before mandate,protective,Protective behaviour,India_before_mandate_protective,India - Before mandate - Protective behaviour,Is a male?,0.014635314231573647,21
Random Forest,India,before_mandate,Before mandate,protective,Protective behaviour,India_before_mandate_protective,India - Before mandate - Protective behaviour,Isolation Willingness: Somewhat Willing,0.013984859384422281,22
Random Forest,India,before_mandate,Before mandate,protective,Protective behaviour,India_before_mandate_protective,India - Before mandate - Protective behaviour,State: Tamil Nadu,0.011904965825025359,23
Random Forest,India,before_mandate,Before mandate,protective,Protective behaviour,India_before_mandate_protective,India - Before mandate - Protective behaviour,Week,0.0118620260366491,24
Random Forest,India,before_mandate,Before mandate,protective,Protective behaviour,India_before_mandate_protective,India - Before mandate - Protective behaviour,Loss of Taste: No,0.011579731715938985,25
Random Forest,India,before_mandate,Before mandate,protective,Protective behaviour,India_before_mandate_protective,India - Before mandate - Protective behaviour,Comorbidity: No,0.011371294163677183,26
Random Forest,India,before_mandate,Before mandate,protective,Protective behaviour,India_before_mandate_protective,India - Before mandate - Protective behaviour,Comorbidity: Yes,0.011120612933464164,27
Random Forest,India,before_mandate,Before mandate,protective,Protective behaviour,India_before_mandate_protective,India - Before mandate - Protective behaviour,Isolation Ease: Somewhat Difficult,0.009334579193444425,28
Random Forest,India,before_mandate,Before mandate,protective,Protective behaviour,India_before_mandate_protective,India - Before mandate - Protective behaviour,State: Bihar,0.00922940544153287,29
Random Forest,India,before_mandate,Before mandate,protective,Protective behaviour,India_before_mandate_protective,India - Before mandate - Protective behaviour,Isolation Ease: Neutral,0.009067494092233551,30
Random Forest,India,before_mandate,Before mandate,protective,Protective behaviour,India_before_mandate_protective,India - Before mandate - Protective behaviour,Isolation Ease: Very Easy,0.009017276556381034,31
Random Forest,India,before_mandate,Before mandate,protective,Protective behaviour,India_before_mandate_protective,India - Before mandate - Protective behaviour,Household COVID Test: Positive,0.008320946759661777,32
Random Forest,India,before_mandate,Before mandate,protective,Protective behaviour,India_before_mandate_protective,India - Before mandate - Protective behaviour,Isolation Willingness: Very Unwilling,0.007334826561562598,33
Random Forest,India,before_mandate,Before mandate,protective,Protective behaviour,India_before_mandate_protective,India - Before mandate - Protective behaviour,COVID Test: Not done,0.0073241518854443785,34
Random Forest,India,before_mandate,Before mandate,protective,Protective behaviour,India_before_mandate_protective,India - Before mandate - Protective behaviour,Loss of Taste: Yes,0.007303349932061494,35
Random Forest,India,before_mandate,Before mandate,protective,Protective behaviour,India_before_mandate_protective,India - Before mandate - Protective behaviour,Fever: No,0.0072186937220577955,36
Random Forest,India,before_mandate,Before mandate,protective,Protective behaviour,India_before_mandate_protective,India - Before mandate - Protective behaviour,Employment: Student,0.006989200338531454,37
Random Forest,India,before_mandate,Before mandate,protective,Protective behaviour,India_before_mandate_protective,India - Before mandate - Protective behaviour,State: Jharkhand,0.0069797104360173525,38
Random Forest,India,before_mandate,Before mandate,protective,Protective behaviour,India_before_mandate_protective,India - Before mandate - Protective behaviour,Shortness of Breath: No,0.006939952994671314,39
Random Forest,India,before_mandate,Before mandate,protective,Protective behaviour,India_before_mandate_protective,India - Before mandate - Protective behaviour,Isolation Willingness: Neutral,0.006702299641697345,40
Random Forest,India,before_mandate,Before mandate,protective,Protective behaviour,India_before_mandate_protective,India - Before mandate - Protective behaviour,Employment: Other,0.006670893825557116,41
Random Forest,India,before_mandate,Before mandate,protective,Protective behaviour,India_before_mandate_protective,India - Before mandate - Protective behaviour,Loss of Smell: No,0.006597936427201822,42
Random Forest,India,before_mandate,Before mandate,protective,Protective behaviour,India_before_mandate_protective,India - Before mandate - Protective behaviour,State: Gujarat,0.0064811442728485765,43
Random Forest,India,before_mandate,Before mandate,protective,Protective behaviour,India_before_mandate_protective,India - Before mandate - Protective behaviour,State: Uttar Pradesh,0.006289104843424498,44
Random Forest,India,before_mandate,Before mandate,protective,Protective behaviour,India_before_mandate_protective,India - Before mandate - Protective behaviour,Dry Cough: No,0.006210858159629793,45
Random Forest,India,before_mandate,Before mandate,protective,Protective behaviour,India_before_mandate_protective,India - Before mandate - Protective behaviour,State: Karnataka,0.005347708453615439,46
Random Forest,India,before_mandate,Before mandate,protective,Protective behaviour,India_before_mandate_protective,India - Before mandate - Protective behaviour,State: Tripura,0.004974431673345175,47
Random Forest,India,before_mandate,Before mandate,protective,Protective behaviour,India_before_mandate_protective,India - Before mandate - Protective behaviour,State: Haryana,0.004791768053824218,48
Random Forest,India,before_mandate,Before mandate,protective,Protective behaviour,India_before_mandate_protective,India - Before mandate - Protective behaviour,State: West Bengal,0.004408910071070646,49
Random Forest,India,before_mandate,Before mandate,protective,Protective behaviour,India_before_mandate_protective,India - Before mandate - Protective behaviour,Dry Cough: Yes,0.0042036143766738055,50
Random Forest,India,before_mandate,Before mandate,protective,Protective behaviour,India_before_mandate_protective,India - Before mandate - Protective behaviour,State: Kerala,0.004176756254067955,51
Random Forest,India,before_mandate,Before mandate,protective,Protective behaviour,India_before_mandate_protective,India - Before mandate - Protective behaviour,Fever: Yes,0.004047974667025265,52
Random Forest,India,before_mandate,Before mandate,protective,Protective behaviour,India_before_mandate_protective,India - Before mandate - Protective behaviour,State: Rajasthan,0.004010332635289797,53
Random Forest,India,before_mandate,Before mandate,protective,Protective behaviour,India_before_mandate_protective,India - Before mandate - Protective behaviour,Employment: Not Working,0.003904747821605051,54
Random Forest,India,before_mandate,Before mandate,protective,Protective behaviour,India_before_mandate_protective,India - Before mandate - Protective behaviour,COVID Test: Negative,0.0038295387706803567,55
Random Forest,India,before_mandate,Before mandate,protective,Protective behaviour,India_before_mandate_protective,India - Before mandate - Protective behaviour,Household COVID Test: Negative,0.0037188245986574894,56
Random Forest,India,before_mandate,Before mandate,protective,Protective behaviour,India_before_mandate_protective,India - Before mandate - Protective behaviour,Isolation Ease: Very Difficult,0.0036275668541758755,57
Random Forest,India,before_mandate,Before mandate,protective,Protective behaviour,India_before_mandate_protective,India - Before mandate - Protective behaviour,State: Punjab,0.0034782546807761066,58
Random Forest,India,before_mandate,Before mandate,protective,Protective behaviour,India_before_mandate_protective,India - Before mandate - Protective behaviour,Employment: Retired,0.0033324587413467856,59
Random Forest,India,before_mandate,Before mandate,protective,Protective behaviour,India_before_mandate_protective,India - Before mandate - Protective behaviour,Shortness of Breath: Yes,0.003272480846117372,60
Random Forest,India,before_mandate,Before mandate,protective,Protective behaviour,India_before_mandate_protective,India - Before mandate - Protective behaviour,COVID Test: Positive,0.0032666399232652507,61
Random Forest,India,before_mandate,Before mandate,protective,Protective behaviour,India_before_mandate_protective,India - Before mandate - Protective behaviour,Loss of Smell: Yes,0.0024082243877289033,62
Random Forest,India,before_mandate,Before mandate,protective,Protective behaviour,India_before_mandate_protective,India - Before mandate - Protective behaviour,State: Manipur,0.0023529740970011414,63
Random Forest,India,before_mandate,Before mandate,protective,Protective behaviour,India_before_mandate_protective,India - Before mandate - Protective behaviour,Household COVID Test: Pending,0.0022373262358231834,64
Random Forest,India,before_mandate,Before mandate,protective,Protective behaviour,India_before_mandate_protective,India - Before mandate - Protective behaviour,Isolation Willingness: Somewhat Unwilling,0.0021184712314088468,65
Random Forest,India,before_mandate,Before mandate,protective,Protective behaviour,India_before_mandate_protective,India - Before mandate - Protective behaviour,Comorbidity: Prefer Not Say,0.0019262818035199044,66
Random Forest,India,before_mandate,Before mandate,protective,Protective behaviour,India_before_mandate_protective,India - Before mandate - Protective behaviour,COVID Test: Pending,0.0016189273220093335,67
Random Forest,India,before_mandate,Before mandate,protective,Protective behaviour,India_before_mandate_protective,India - Before mandate - Protective behaviour,State: Uttarakhand,0.0012550153720756797,68
Random Forest,India,before_mandate,Before mandate,protective,Protective behaviour,India_before_mandate_protective,India - Before mandate - Protective behaviour,State: Assam,0.000934577795620909,69
Random Forest,India,before_mandate,Before mandate,protective,Protective behaviour,India_before_mandate_protective,India - Before mandate - Protective behaviour,State: Himachal Pradesh,0.0003175509362617065,70
Random Forest,India,before_mandate,Before mandate,protective,Protective behaviour,India_before_mandate_protective,India - Before mandate - Protective behaviour,State: Jammu and Kashmir,0.00010657301288499098,71
Random Forest,India,before_mandate,Before mandate,protective,Protective behaviour,India_before_mandate_protective,India - Before mandate - Protective behaviour,State: Goa,4.0123286413843125e-05,72
Random Forest,India,before_mandate,Before mandate,protective,Protective behaviour,India_before_mandate_protective,India - Before mandate - Protective behaviour,State: Maharashtra,0.0,73
Random Forest,India,before_mandate,Before mandate,protective,Protective behaviour,India_before_mandate_protective,India - Before mandate - Protective behaviour,State: Meghalaya,0.0,74
Random Forest,India,before_mandate,Before mandate,protective,Protective behaviour,India_before_mandate_protective,India - Before mandate - Protective behaviour,State: Puducherry,0.0,75
Random Forest,India,before_mandate,Before mandate,protective,Protective behaviour,India_before_mandate_protective,India - Before mandate - Protective behaviour,State: Odisha,0.0,76
Random Forest,India,before_mandate,Before mandate,protective,Protective behaviour,India_before_mandate_protective,India - Before mandate - Protective behaviour,State: Madhya Pradesh,0.0,77
Random Forest,India,before_mandate,Before mandate,protective,Protective behaviour,India_before_mandate_protective,India - Before mandate - Protective behaviour,State: Nagaland,0.0,78
Random Forest,India,before_mandate,Before mandate,protective,Protective behaviour,India_before_mandate_protective,India - Before mandate - Protective behaviour,State: Sikkim,0.0,79
Random Forest,India,before_mandate,Before mandate,protective,Protective behaviour,India_before_mandate_protective,India - Before mandate - Protective behaviour,State: Telangana,0.0,80
Random Forest,India,before_mandate,Before mandate,protective,Protective behaviour,India_before_mandate_protective,India - Before mandate - Protective behaviour,State: Andhra Pradesh,0.0,81
Random Forest,India,before_mandate,Before mandate,protective,Protective behaviour,India_before_mandate_protective,India - Before mandate - Protective behaviour,State: Arunachal Pradesh,0.0,82
Random Forest,India,before_mandate,Before mandate,protective,Protective behaviour,India_before_mandate_protective,India - Before mandate - Protective behaviour,State: Chhattisgarh,0.0,83
Random Forest,India,before_mandate,Before mandate,protective,Protective behaviour,India_before_mandate_protective,India - Before mandate - Protective behaviour,State: Chandigarh,0.0,84
Random Forest,India,before_mandate,Before mandate,protective,Protective behaviour,India_before_mandate_protective,India - Before mandate - Protective behaviour,State: Dadra and Nagar Haveli and Daman and Diu,0.0,85
Random Forest,India,before_mandate,Before mandate,protective,Protective behaviour,India_before_mandate_protective,India - Before mandate - Protective behaviour,State: Lakshadweep,0.0,86
Random Forest,India,before_mandate,Before mandate,protective,Protective behaviour,India_before_mandate_protective,India - Before mandate - Protective behaviour,State: Mizoram,0.0,87
Random Forest,India,before_mandate,Before mandate,protective,Protective behaviour,India_before_mandate_protective,India - Before mandate - Protective behaviour,Confidence in the government: High,0.0,88
Random Forest,India,before_mandate,Before mandate,protective,Protective behaviour,India_before_mandate_protective,India - Before mandate - Protective behaviour,Confidence in the government: Unknown,0.0,89
Random Forest,India,before_mandate,Before mandate,protective,Protective behaviour,India_before_mandate_protective,India - Before mandate - Protective behaviour,Confidence in the government: N/A,0.0,90
Random Forest,India,before_mandate,Before mandate,protective,Protective behaviour,India_before_mandate_protective,India - Before mandate - Protective behaviour,COVID Fear: Not Scared,0.0,91
Random Forest,India,before_mandate,Before mandate,protective,Protective behaviour,India_before_mandate_protective,India - Before mandate - Protective behaviour,Confidence in the government: None,0.0,92
Random Forest,India,before_mandate,Before mandate,protective,Protective behaviour,India_before_mandate_protective,India - Before mandate - Protective behaviour,Confidence in the government: Low,0.0,93
Random Forest,India,before_mandate,Before mandate,protective,Protective behaviour,India_before_mandate_protective,India - Before mandate - Protective behaviour,COVID Fear: Fairly Scared,0.0,94
Random Forest,India,before_mandate,Before mandate,protective,Protective behaviour,India_before_mandate_protective,India - Before mandate - Protective behaviour,COVID Fear: Had COVID,0.0,95
Random Forest,India,before_mandate,Before mandate,protective,Protective behaviour,India_before_mandate_protective,India - Before mandate - Protective behaviour,PHQ Low Interest: N/A,0.0,96
Random Forest,India,before_mandate,Before mandate,protective,Protective behaviour,India_before_mandate_protective,India - Before mandate - Protective behaviour,PHQ Low Interest: Daily,0.0,97
Random Forest,India,before_mandate,Before mandate,protective,Protective behaviour,India_before_mandate_protective,India - Before mandate - Protective behaviour,PHQ Low Interest: Not At All,0.0,98
Random Forest,India,before_mandate,Before mandate,protective,Protective behaviour,India_before_mandate_protective,India - Before mandate - Protective behaviour,PHQ Low Interest: Prefer Not Say,0.0,99
Random Forest,India,before_mandate,Before mandate,protective,Protective behaviour,India_before_mandate_protective,India - Before mandate - Protective behaviour,COVID Fear: Slightly Scared,0.0,100
Random Forest,India,before_mandate,Before mandate,protective,Protective behaviour,India_before_mandate_protective,India - Before mandate - Protective behaviour,COVID Fear: Very Scared,0.0,101
Random Forest,India,before_mandate,Before mandate,protective,Protective behaviour,India_before_mandate_protective,India - Before mandate - Protective behaviour,COVID Fear: N/A,0.0,102
Random Forest,India,before_mandate,Before mandate,protective,Protective behaviour,India_before_mandate_protective,India - Before mandate - Protective behaviour,PHQ Depressed: Daily,0.0,103
Random Forest,India,before_mandate,Before mandate,protective,Protective behaviour,India_before_mandate_protective,India - Before mandate - Protective behaviour,PHQ Depressed: N/A,0.0,104
Random Forest,India,before_mandate,Before mandate,protective,Protective behaviour,India_before_mandate_protective,India - Before mandate - Protective behaviour,PHQ Low Interest: Several Days,0.0,105
Random Forest,India,before_mandate,Before mandate,protective,Protective behaviour,India_before_mandate_protective,India - Before mandate - Protective behaviour,PHQ Depressed: Not At All,0.0,106
Random Forest,India,before_mandate,Before mandate,protective,Protective behaviour,India_before_mandate_protective,India - Before mandate - Protective behaviour,PHQ Anxiety: Daily,0.0,107
Random Forest,India,before_mandate,Before mandate,protective,Protective behaviour,India_before_mandate_protective,India - Before mandate - Protective behaviour,PHQ Depressed: Prefer Not Say,0.0,108
Random Forest,India,before_mandate,Before mandate,protective,Protective behaviour,India_before_mandate_protective,India - Before mandate - Protective behaviour,PHQ Depressed: Several Days,0.0,109
Random Forest,India,before_mandate,Before mandate,protective,Protective behaviour,India_before_mandate_protective,India - Before mandate - Protective behaviour,PHQ Anxiety: N/A,0.0,110
Random Forest,India,before_mandate,Before mandate,protective,Protective behaviour,India_before_mandate_protective,India - Before mandate - Protective behaviour,PHQ Anxiety: Several Days,0.0,111
Random Forest,India,before_mandate,Before mandate,protective,Protective behaviour,India_before_mandate_protective,India - Before mandate - Protective behaviour,PHQ Anxiety: Prefer Not Say,0.0,112
Random Forest,India,before_mandate,Before mandate,protective,Protective behaviour,India_before_mandate_protective,India - Before mandate - Protective behaviour,PHQ Anxiety: Not At All,0.0,113
Random Forest,India,before_mandate,Before mandate,protective,Protective behaviour,India_before_mandate_protective,India - Before mandate - Protective behaviour,PHQ Worry: N/A,0.0,114
Random Forest,India,before_mandate,Before mandate,protective,Protective behaviour,India_before_mandate_protective,India - Before mandate - Protective behaviour,PHQ Worry: Prefer Not Say,0.0,115
Random Forest,India,before_mandate,Before mandate,protective,Protective behaviour,India_before_mandate_protective,India - Before mandate - Protective behaviour,PHQ Worry: Not At All,0.0,116
Random Forest,India,before_mandate,Before mandate,protective,Protective behaviour,India_before_mandate_protective,India - Before mandate - Protective behaviour,PHQ Worry: Daily,0.0,117
Random Forest,India,before_mandate,Before mandate,protective,Protective behaviour,India_before_mandate_protective,India - Before mandate - Protective behaviour,PHQ Worry: Several Days,0.0,118
Random Forest,India,after_mandate,After mandate,mask,Face mask wearing,India_after_mandate_mask,India - After mandate - Face mask wearing,Non-Mask Protective Behavior Score,0.21004014207582478,1
Random Forest,India,after_mandate,After mandate,mask,Face mask wearing,India_after_mandate_mask,India - After mandate - Face mask wearing,Age,0.06263656874754914,2
Random Forest,India,after_mandate,After mandate,mask,Face mask wearing,India_after_mandate_mask,India - After mandate - Face mask wearing,Handwashing Count,0.04315932020869822,3
Random Forest,India,after_mandate,After mandate,mask,Face mask wearing,India_after_mandate_mask,India - After mandate - Face mask wearing,Outings count,0.041397302005888904,4
Random Forest,India,after_mandate,After mandate,mask,Face mask wearing,India_after_mandate_mask,India - After mandate - Face mask wearing,Week,0.0361309015136843,5
Random Forest,India,after_mandate,After mandate,mask,Face mask wearing,India_after_mandate_mask,India - After mandate - Face mask wearing,Household COVID Test: Not done,0.031219759553533382,6
Random Forest,India,after_mandate,After mandate,mask,Face mask wearing,India_after_mandate_mask,India - After mandate - Face mask wearing,Physical contact count (with stranger),0.029841649787936547,7
Random Forest,India,after_mandate,After mandate,mask,Face mask wearing,India_after_mandate_mask,India - After mandate - Face mask wearing,Isolation Willingness: Very Willing,0.027495489946679084,8
Random Forest,India,after_mandate,After mandate,mask,Face mask wearing,India_after_mandate_mask,India - After mandate - Face mask wearing,Household Size,0.026864783797682437,9
Random Forest,India,after_mandate,After mandate,mask,Face mask wearing,India_after_mandate_mask,India - After mandate - Face mask wearing,Symptom Isolation: Yes,0.02484638370418053,10
Random Forest,India,after_mandate,After mandate,mask,Face mask wearing,India_after_mandate_mask,India - After mandate - Face mask wearing,Physical contact count (with family),0.024188625832741187,11
Random Forest,India,after_mandate,After mandate,mask,Face mask wearing,India_after_mandate_mask,India - After mandate - Face mask wearing,Isolation Ease: Unsure,0.017141008575791095,12
Random Forest,India,after_mandate,After mandate,mask,Face mask wearing,India_after_mandate_mask,India - After mandate - Face mask wearing,Isolation Willingness: Unsure,0.01621112873272709,13
Random Forest,India,after_mandate,After mandate,mask,Face mask wearing,India_after_mandate_mask,India - After mandate - Face mask wearing,COVID Test: Not done,0.014031085442234251,14
Random Forest,India,after_mandate,After mandate,mask,Face mask wearing,India_after_mandate_mask,India - After mandate - Face mask wearing,Confidence in the government: Unknown,0.012800241544863216,15
Random Forest,India,after_mandate,After mandate,mask,Face mask wearing,India_after_mandate_mask,India - After mandate - Face mask wearing,No Symptoms: No,0.011081105804586414,16
Random Forest,India,after_mandate,After mandate,mask,Face mask wearing,India_after_mandate_mask,India - After mandate - Face mask wearing,Symptom Isolation: No,0.010968186129778427,17
Random Forest,India,after_mandate,After mandate,mask,Face mask wearing,India_after_mandate_mask,India - After mandate - Face mask wearing,PHQ Anxiety: Not At All,0.010508048007980674,18
Random Forest,India,after_mandate,After mandate,mask,Face mask wearing,India_after_mandate_mask,India - After mandate - Face mask wearing,Household COVID Test: Unsure,0.010029693247586556,19
Random Forest,India,after_mandate,After mandate,mask,Face mask wearing,India_after_mandate_mask,India - After mandate - Face mask wearing,Employment: Student,0.00976018792725279,20
Random Forest,India,after_mandate,After mandate,mask,Face mask wearing,India_after_mandate_mask,India - After mandate - Face mask wearing,PHQ Depressed: Not At All,0.009485921616181208,21
Random Forest,India,after_mandate,After mandate,mask,Face mask wearing,India_after_mandate_mask,India - After mandate - Face mask wearing,No Symptoms: Yes,0.008968492921245188,22
Random Forest,India,after_mandate,After mandate,mask,Face mask wearing,India_after_mandate_mask,India - After mandate - Face mask wearing,Is a male?,0.008654968595950455,23
Random Forest,India,after_mandate,After mandate,mask,Face mask wearing,India_after_mandate_mask,India - After mandate - Face mask wearing,COVID Fear: Fairly Scared,0.008310056835187433,24
Random Forest,India,after_mandate,After mandate,mask,Face mask wearing,India_after_mandate_mask,India - After mandate - Face mask wearing,Isolation Willingness: Neutral,0.007737648200181798,25
Random Forest,India,after_mandate,After mandate,mask,Face mask wearing,India_after_mandate_mask,India - After mandate - Face mask wearing,PHQ Worry: Several Days,0.0076639931731954936,26
Random Forest,India,after_mandate,After mandate,mask,Face mask wearing,India_after_mandate_mask,India - After mandate - Face mask wearing,Confidence in the government: High,0.007475169502040294,27
Random Forest,India,after_mandate,After mandate,mask,Face mask wearing,India_after_mandate_mask,India - After mandate - Face mask wearing,Comorbidity: No,0.0073885274980343705,28
Random Forest,India,after_mandate,After mandate,mask,Face mask wearing,India_after_mandate_mask,India - After mandate - Face mask wearing,Isolation Ease: Very Easy,0.0072562234726180445,29
Random Forest,India,after_mandate,After mandate,mask,Face mask wearing,India_after_mandate_mask,India - After mandate - Face mask wearing,PHQ Worry: N/A,0.0071607362804838315,30
Random Forest,India,after_mandate,After mandate,mask,Face mask wearing,India_after_mandate_mask,India - After mandate - Face mask wearing,Employment: Part Time,0.007067325347642231,31
Random Forest,India,after_mandate,After mandate,mask,Face mask wearing,India_after_mandate_mask,India - After mandate - Face mask wearing,COVID Fear: Had COVID,0.006795465494399958,32
Random Forest,India,after_mandate,After mandate,mask,Face mask wearing,India_after_mandate_mask,India - After mandate - Face mask wearing,Household COVID Test: Negative,0.006773543144646111,33
Random Forest,India,after_mandate,After mandate,mask,Face mask wearing,India_after_mandate_mask,India - After mandate - Face mask wearing,Comorbidity: Yes,0.006206877346444069,34
Random Forest,India,after_mandate,After mandate,mask,Face mask wearing,India_after_mandate_mask,India - After mandate - Face mask wearing,Isolation Willingness: Somewhat Willing,0.006120989527308585,35
Random Forest,India,after_mandate,After mandate,mask,Face mask wearing,India_after_mandate_mask,India - After mandate - Face mask wearing,PHQ Anxiety: Several Days,0.005950242440537998,36
Random Forest,India,after_mandate,After mandate,mask,Face mask wearing,India_after_mandate_mask,India - After mandate - Face mask wearing,State: Tamil Nadu,0.0058926664826794714,37
Random Forest,India,after_mandate,After mandate,mask,Face mask wearing,India_after_mandate_mask,India - After mandate - Face mask wearing,Isolation Ease: Somewhat Easy,0.005875759215886243,38
Random Forest,India,after_mandate,After mandate,mask,Face mask wearing,India_after_mandate_mask,India - After mandate - Face mask wearing,Isolation Ease: Somewhat Difficult,0.005740545800010254,39
Random Forest,India,after_mandate,After mandate,mask,Face mask wearing,India_after_mandate_mask,India - After mandate - Face mask wearing,PHQ Depressed: Several Days,0.005688148828939422,40
Random Forest,India,after_mandate,After mandate,mask,Face mask wearing,India_after_mandate_mask,India - After mandate - Face mask wearing,COVID Test: Negative,0.005676164985353421,41
Random Forest,India,after_mandate,After mandate,mask,Face mask wearing,India_after_mandate_mask,India - After mandate - Face mask wearing,PHQ Anxiety: N/A,0.005645168823293433,42
Random Forest,India,after_mandate,After mandate,mask,Face mask wearing,India_after_mandate_mask,India - After mandate - Face mask wearing,State: Maharashtra,0.005615879652310638,43
Random Forest,India,after_mandate,After mandate,mask,Face mask wearing,India_after_mandate_mask,India - After mandate - Face mask wearing,PHQ Low Interest: Several Days,0.005521564671794558,44
Random Forest,India,after_mandate,After mandate,mask,Face mask wearing,India_after_mandate_mask,India - After mandate - Face mask wearing,PHQ Worry: Not At All,0.005125440178238842,45
Random Forest,India,after_mandate,After mandate,mask,Face mask wearing,India_after_mandate_mask,India - After mandate - Face mask wearing,State: Uttar Pradesh,0.005096213311111634,46
Random Forest,India,after_mandate,After mandate,mask,Face mask wearing,India_after_mandate_mask,India - After mandate - Face mask wearing,PHQ Low Interest: Not At All,0.004972910179360796,47
Random Forest,India,after_mandate,After mandate,mask,Face mask wearing,India_after_mandate_mask,India - After mandate - Face mask wearing,COVID Fear: Very Scared,0.0049543300993026935,48
Random Forest,India,after_mandate,After mandate,mask,Face mask wearing,India_after_mandate_mask,India - After mandate - Face mask wearing,COVID Fear: Slightly Scared,0.00493656039204099,49
Random Forest,India,after_mandate,After mandate,mask,Face mask wearing,India_after_mandate_mask,India - After mandate - Face mask wearing,Isolation Ease: Neutral,0.0048801167216098625,50
Random Forest,India,after_mandate,After mandate,mask,Face mask wearing,India_after_mandate_mask,India - After mandate - Face mask wearing,Confidence in the government: Low,0.004802746067497258,51
Random Forest,India,after_mandate,After mandate,mask,Face mask wearing,India_after_mandate_mask,India - After mandate - Face mask wearing,PHQ Low Interest: N/A,0.004708089158204633,52
Random Forest,India,after_mandate,After mandate,mask,Face mask wearing,India_after_mandate_mask,India - After mandate - Face mask wearing,Symptom Isolation: Unsure,0.004604656724607918,53
Random Forest,India,after_mandate,After mandate,mask,Face mask wearing,India_after_mandate_mask,India - After mandate - Face mask wearing,COVID Fear: N/A,0.004570639670585523,54
Random Forest,India,after_mandate,After mandate,mask,Face mask wearing,India_after_mandate_mask,India - After mandate - Face mask wearing,Confidence in the government: None,0.004510191835606411,55
Random Forest,India,after_mandate,After mandate,mask,Face mask wearing,India_after_mandate_mask,India - After mandate - Face mask wearing,Confidence in the government: N/A,0.004294225856345931,56
Random Forest,India,after_mandate,After mandate,mask,Face mask wearing,India_after_mandate_mask,India - After mandate - Face mask wearing,COVID Fear: Not Scared,0.004218478271860176,57
Random Forest,India,after_mandate,After mandate,mask,Face mask wearing,India_after_mandate_mask,India - After mandate - Face mask wearing,PHQ Depressed: N/A,0.004023121709308922,58
Random Forest,India,after_mandate,After mandate,mask,Face mask wearing,India_after_mandate_mask,India - After mandate - Face mask wearing,Employment: Unemployed,0.003936927422828916,59
Random Forest,India,after_mandate,After mandate,mask,Face mask wearing,India_after_mandate_mask,India - After mandate - Face mask wearing,State: Delhi,0.003800118773059522,60
Random Forest,India,after_mandate,After mandate,mask,Face mask wearing,India_after_mandate_mask,India - After mandate - Face mask wearing,State: West Bengal,0.0037425200557761108,61
Random Forest,India,after_mandate,After mandate,mask,Face mask wearing,India_after_mandate_mask,India - After mandate - Face mask wearing,PHQ Low Interest: Daily,0.0036530106407780204,62
Random Forest,India,after_mandate,After mandate,mask,Face mask wearing,India_after_mandate_mask,India - After mandate - Face mask wearing,Employment: Retired,0.003620402163876121,63
Random Forest,India,after_mandate,After mandate,mask,Face mask wearing,India_after_mandate_mask,India - After mandate - Face mask wearing,PHQ Anxiety: Daily,0.003575652965753479,64
Random Forest,India,after_mandate,After mandate,mask,Face mask wearing,India_after_mandate_mask,India - After mandate - Face mask wearing,PHQ Depressed: Daily,0.0034959594197298497,65
Random Forest,India,after_mandate,After mandate,mask,Face mask wearing,India_after_mandate_mask,India - After mandate - Face mask wearing,PHQ Worry: Daily,0.0034634202076578966,66
Random Forest,India,after_mandate,After mandate,mask,Face mask wearing,India_after_mandate_mask,India - After mandate - Face mask wearing,PHQ Low Interest: Prefer Not Say,0.003134087565600189,67
Random Forest,India,after_mandate,After mandate,mask,Face mask wearing,India_after_mandate_mask,India - After mandate - Face mask wearing,State: Telangana,0.0027820542036444975,68
Random Forest,India,after_mandate,After mandate,mask,Face mask wearing,India_after_mandate_mask,India - After mandate - Face mask wearing,Isolation Willingness: Somewhat Unwilling,0.0027734721577097232,69
Random Forest,India,after_mandate,After mandate,mask,Face mask wearing,India_after_mandate_mask,India - After mandate - Face mask wearing,Isolation Ease: Very Difficult,0.0026828139161817507,70
Random Forest,India,after_mandate,After mandate,mask,Face mask wearing,India_after_mandate_mask,India - After mandate - Face mask wearing,Dry Cough: No,0.0024913812435751583,71
Random Forest,India,after_mandate,After mandate,mask,Face mask wearing,India_after_mandate_mask,India - After mandate - Face mask wearing,State: Andhra Pradesh,0.002336985872981488,72
Random Forest,India,after_mandate,After mandate,mask,Face mask wearing,India_after_mandate_mask,India - After mandate - Face mask wearing,Employment: Not Working,0.002312914697697919,73
Random Forest,India,after_mandate,After mandate,mask,Face mask wearing,India_after_mandate_mask,India - After mandate - Face mask wearing,State: Jharkhand,0.0022677331121077455,74
Random Forest,India,after_mandate,After mandate,mask,Face mask wearing,India_after_mandate_mask,India - After mandate - Face mask wearing,Fever: No,0.0022202450066751405,75
Random Forest,India,after_mandate,After mandate,mask,Face mask wearing,India_after_mandate_mask,India - After mandate - Face mask wearing,PHQ Anxiety: Prefer Not Say,0.002204401807767404,76
Random Forest,India,after_mandate,After mandate,mask,Face mask wearing,India_after_mandate_mask,India - After mandate - Face mask wearing,Loss of Taste: No,0.002185804778658095,77
Random Forest,India,after_mandate,After mandate,mask,Face mask wearing,India_after_mandate_mask,India - After mandate - Face mask wearing,State: Gujarat,0.0021762642178552363,78
Random Forest,India,after_mandate,After mandate,mask,Face mask wearing,India_after_mandate_mask,India - After mandate - Face mask wearing,Loss of Smell: No,0.0021516983894164883,79
Random Forest,India,after_mandate,After mandate,mask,Face mask wearing,India_after_mandate_mask,India - After mandate - Face mask wearing,Comorbidity: Prefer Not Say,0.002146286161977265,80
Random Forest,India,after_mandate,After mandate,mask,Face mask wearing,India_after_mandate_mask,India - After mandate - Face mask wearing,Household COVID Test: Pending,0.0020757488084244915,81
Random Forest,India,after_mandate,After mandate,mask,Face mask wearing,India_after_mandate_mask,India - After mandate - Face mask wearing,Loss of Taste: Yes,0.0020143060207531527,82
Random Forest,India,after_mandate,After mandate,mask,Face mask wearing,India_after_mandate_mask,India - After mandate - Face mask wearing,Isolation Willingness: Very Unwilling,0.002004108985243617,83
Random Forest,India,after_mandate,After mandate,mask,Face mask wearing,India_after_mandate_mask,India - After mandate - Face mask wearing,Dry Cough: Yes,0.0019069448345739022,84
Random Forest,India,after_mandate,After mandate,mask,Face mask wearing,India_after_mandate_mask,India - After mandate - Face mask wearing,State: Madhya Pradesh,0.001830273481665537,85
Random Forest,India,after_mandate,After mandate,mask,Face mask wearing,India_after_mandate_mask,India - After mandate - Face mask wearing,Shortness of Breath: No,0.0017491525021161697,86
Random Forest,India,after_mandate,After mandate,mask,Face mask wearing,India_after_mandate_mask,India - After mandate - Face mask wearing,State: Karnataka,0.0017347940310415179,87
Random Forest,India,after_mandate,After mandate,mask,Face mask wearing,India_after_mandate_mask,India - After mandate - Face mask wearing,State: Odisha,0.0017277041826128153,88
Random Forest,India,after_mandate,After mandate,mask,Face mask wearing,India_after_mandate_mask,India - After mandate - Face mask wearing,Employment: Other,0.0017155150006274973,89
Random Forest,India,after_mandate,After mandate,mask,Face mask wearing,India_after_mandate_mask,India - After mandate - Face mask wearing,PHQ Worry: Prefer Not Say,0.0016947024136322497,90
Random Forest,India,after_mandate,After mandate,mask,Face mask wearing,India_after_mandate_mask,India - After mandate - Face mask wearing,COVID Test: Positive,0.0016617249092598272,91
Random Forest,India,after_mandate,After mandate,mask,Face mask wearing,India_after_mandate_mask,India - After mandate - Face mask wearing,Shortness of Breath: Yes,0.0016058004052007628,92
Random Forest,India,after_mandate,After mandate,mask,Face mask wearing,India_after_mandate_mask,India - After mandate - Face mask wearing,State: Kerala,0.001504341464526523,93
Random Forest,India,after_mandate,After mandate,mask,Face mask wearing,India_after_mandate_mask,India - After mandate - Face mask wearing,State: Rajasthan,0.0014976530771206953,94
Random Forest,India,after_mandate,After mandate,mask,Face mask wearing,India_after_mandate_mask,India - After mandate - Face mask wearing,Loss of Smell: Yes,0.0014442609697781896,95
Random Forest,India,after_mandate,After mandate,mask,Face mask wearing,India_after_mandate_mask,India - After mandate - Face mask wearing,Fever: Yes,0.0013851770421617498,96
Random Forest,India,after_mandate,After mandate,mask,Face mask wearing,India_after_mandate_mask,India - After mandate - Face mask wearing,PHQ Depressed: Prefer Not Say,0.0012424588926062804,97
Random Forest,India,after_mandate,After mandate,mask,Face mask wearing,India_after_mandate_mask,India - After mandate - Face mask wearing,COVID Test: Pending,0.0012313267730155565,98
Random Forest,India,after_mandate,After mandate,mask,Face mask wearing,India_after_mandate_mask,India - After mandate - Face mask wearing,State: Bihar,0.0011395159724241258,99
Random Forest,India,after_mandate,After mandate,mask,Face mask wearing,India_after_mandate_mask,India - After mandate - Face mask wearing,Household COVID Test: Positive,0.0010599819995349708,100
Random Forest,India,after_mandate,After mandate,mask,Face mask wearing,India_after_mandate_mask,India - After mandate - Face mask wearing,State: Uttarakhand,0.0008403526810884319,101
Random Forest,India,after_mandate,After mandate,mask,Face mask wearing,India_after_mandate_mask,India - After mandate - Face mask wearing,State: Haryana,0.0007847402018540374,102
Random Forest,India,after_mandate,After mandate,mask,Face mask wearing,India_after_mandate_mask,India - After mandate - Face mask wearing,State: Punjab,0.0006258457566350579,103
Random Forest,India,after_mandate,After mandate,mask,Face mask wearing,India_after_mandate_mask,India - After mandate - Face mask wearing,State: Chandigarh,0.00043358448955338415,104
Random Forest,India,after_mandate,After mandate,mask,Face mask wearing,India_after_mandate_mask,India - After mandate - Face mask wearing,State: Arunachal Pradesh,0.00042758391127780364,105
Random Forest,India,after_mandate,After mandate,mask,Face mask wearing,India_after_mandate_mask,India - After mandate - Face mask wearing,State: Assam,0.00036757919458646135,106
Random Forest,India,after_mandate,After mandate,mask,Face mask wearing,India_after_mandate_mask,India - After mandate - Face mask wearing,State: Chhattisgarh,0.00026410346870388345,107
Random Forest,India,after_mandate,After mandate,mask,Face mask wearing,India_after_mandate_mask,India - After mandate - Face mask wearing,State: Himachal Pradesh,0.0001266532531167613,108
Random Forest,India,after_mandate,After mandate,mask,Face mask wearing,India_after_mandate_mask,India - After mandate - Face mask wearing,State: Jammu and Kashmir,1.091584671283713e-05,109
Random Forest,India,after_mandate,After mandate,mask,Face mask wearing,India_after_mandate_mask,India - After mandate - Face mask wearing,State: Mizoram,1.069414663776697e-05,110
Random Forest,India,after_mandate,After mandate,mask,Face mask wearing,India_after_mandate_mask,India - After mandate - Face mask wearing,State: Dadra and Nagar Haveli and Daman and Diu,6.602613451622595e-06,111
Random Forest,India,after_mandate,After mandate,mask,Face mask wearing,India_after_mandate_mask,India - After mandate - Face mask wearing,State: Tripura,2.852695091151736e-07,112
Random Forest,India,after_mandate,After mandate,mask,Face mask wearing,India_after_mandate_mask,India - After mandate - Face mask wearing,State: Meghalaya,0.0,113
Random Forest,India,after_mandate,After mandate,mask,Face mask wearing,India_after_mandate_mask,India - After mandate - Face mask wearing,State: Lakshadweep,0.0,114
Random Forest,India,after_mandate,After mandate,mask,Face mask wearing,India_after_mandate_mask,India - After mandate - Face mask wearing,State: Nagaland,0.0,115
Random Forest,India,after_mandate,After mandate,mask,Face mask wearing,India_after_mandate_mask,India - After mandate - Face mask wearing,State: Puducherry,0.0,116
Random Forest,India,after_mandate,After mandate,mask,Face mask wearing,India_after_mandate_mask,India - After mandate - Face mask wearing,State: Sikkim,0.0,117
Random Forest,India,after_mandate,After mandate,mask,Face mask wearing,India_after_mandate_mask,India - After mandate - Face mask wearing,State: Goa,0.0,118
Random Forest,India,after_mandate,After mandate,mask,Face mask wearing,India_after_mandate_mask,India - After mandate - Face mask wearing,State: Manipur,0.0,119
Random Forest,India,after_mandate,After mandate,protective,Protective behaviour,India_after_mandate_protective,India - After mandate - Protective behaviour,Outings count,0.07477278541787864,1
Random Forest,India,after_mandate,After mandate,protective,Protective behaviour,India_after_mandate_protective,India - After mandate - Protective behaviour,Symptom Isolation: Yes,0.05630256184009804,2
Random Forest,India,after_mandate,After mandate,protective,Protective behaviour,India_after_mandate_protective,India - After mandate - Protective behaviour,Isolation Willingness: Very Willing,0.049594585114117976,3
Random Forest,India,after_mandate,After mandate,protective,Protective behaviour,India_after_mandate_protective,India - After mandate - Protective behaviour,Household COVID Test: Not done,0.049112167842406816,4
Random Forest,India,after_mandate,After mandate,protective,Protective behaviour,India_after_mandate_protective,India - After mandate - Protective behaviour,Physical contact count (with stranger),0.0470428773207872,5
Random Forest,India,after_mandate,After mandate,protective,Protective behaviour,India_after_mandate_protective,India - After mandate - Protective behaviour,Age,0.04447791490308699,6
Random Forest,India,after_mandate,After mandate,protective,Protective behaviour,India_after_mandate_protective,India - After mandate - Protective behaviour,Handwashing Count,0.04257476603670256,7
Random Forest,India,after_mandate,After mandate,protective,Protective behaviour,India_after_mandate_protective,India - After mandate - Protective behaviour,Confidence in the government: Unknown,0.03370330189795,8
Random Forest,India,after_mandate,After mandate,protective,Protective behaviour,India_after_mandate_protective,India - After mandate - Protective behaviour,No Symptoms: No,0.0313965020223669,9
Random Forest,India,after_mandate,After mandate,protective,Protective behaviour,India_after_mandate_protective,India - After mandate - Protective behaviour,COVID Test: Not done,0.02786553787417126,10
Random Forest,India,after_mandate,After mandate,protective,Protective behaviour,India_after_mandate_protective,India - After mandate - Protective behaviour,Isolation Willingness: Unsure,0.026224838718341678,11
Random Forest,India,after_mandate,After mandate,protective,Protective behaviour,India_after_mandate_protective,India - After mandate - Protective behaviour,Isolation Ease: Unsure,0.02445041261241337,12
Random Forest,India,after_mandate,After mandate,protective,Protective behaviour,India_after_mandate_protective,India - After mandate - Protective behaviour,No Symptoms: Yes,0.022084352857593387,13
Random Forest,India,after_mandate,After mandate,protective,Protective behaviour,India_after_mandate_protective,India - After mandate - Protective behaviour,Physical contact count (with family),0.021139353968008725,14
Random Forest,India,after_mandate,After mandate,protective,Protective behaviour,India_after_mandate_protective,India - After mandate - Protective behaviour,Week,0.020141961692119327,15
Random Forest,India,after_mandate,After mandate,protective,Protective behaviour,India_after_mandate_protective,India - After mandate - Protective behaviour,Household Size,0.018097232159779944,16
Random Forest,India,after_mandate,After mandate,protective,Protective behaviour,India_after_mandate_protective,India - After mandate - Protective behaviour,Household COVID Test: Unsure,0.016247602311766116,17
Random Forest,India,after_mandate,After mandate,protective,Protective behaviour,India_after_mandate_protective,India - After mandate - Protective behaviour,Is a male?,0.015379434183721966,18
Random Forest,India,after_mandate,After mandate,protective,Protective behaviour,India_after_mandate_protective,India - After mandate - Protective behaviour,COVID Fear: Fairly Scared,0.014032858186614225,19
Random Forest,India,after_mandate,After mandate,protective,Protective behaviour,India_after_mandate_protective,India - After mandate - Protective behaviour,Symptom Isolation: No,0.013699655564487784,20
Random Forest,India,after_mandate,After mandate,protective,Protective behaviour,India_after_mandate_protective,India - After mandate - Protective behaviour,Symptom Isolation: Unsure,0.012793246141846643,21
Random Forest,India,after_mandate,After mandate,protective,Protective behaviour,India_after_mandate_protective,India - After mandate - Protective behaviour,COVID Fear: Had COVID,0.012470732275080295,22
Random Forest,India,after_mandate,After mandate,protective,Protective behaviour,India_after_mandate_protective,India - After mandate - Protective behaviour,PHQ Depressed: Not At All,0.009574830051101334,23
Random Forest,India,after_mandate,After mandate,protective,Protective behaviour,India_after_mandate_protective,India - After mandate - Protective behaviour,COVID Test: Negative,0.009322682252063848,24
Random Forest,India,after_mandate,After mandate,protective,Protective behaviour,India_after_mandate_protective,India - After mandate - Protective behaviour,Comorbidity: No,0.009247104557139745,25
Random Forest,India,after_mandate,After mandate,protective,Protective behaviour,India_after_mandate_protective,India - After mandate - Protective behaviour,Isolation Ease: Somewhat Easy,0.008492229388902414,26
Random Forest,India,after_mandate,After mandate,protective,Protective behaviour,India_after_mandate_protective,India - After mandate - Protective behaviour,State: Maharashtra,0.00811180141469195,27
Random Forest,India,after_mandate,After mandate,protective,Protective behaviour,India_after_mandate_protective,India - After mandate - Protective behaviour,Confidence in the government: High,0.007914527627514404,28
Random Forest,India,after_mandate,After mandate,protective,Protective behaviour,India_after_mandate_protective,India - After mandate - Protective behaviour,PHQ Anxiety: Not At All,0.007652344814864495,29
Random Forest,India,after_mandate,After mandate,protective,Protective behaviour,India_after_mandate_protective,India - After mandate - Protective behaviour,Confidence in the government: None,0.006934207401787325,30
Random Forest,India,after_mandate,After mandate,protective,Protective behaviour,India_after_mandate_protective,India - After mandate - Protective behaviour,COVID Test: Positive,0.006758362448623171,31
Random Forest,India,after_mandate,After mandate,protective,Protective behaviour,India_after_mandate_protective,India - After mandate - Protective behaviour,Isolation Willingness: Somewhat Willing,0.006531781863326151,32
Random Forest,India,after_mandate,After mandate,protective,Protective behaviour,India_after_mandate_protective,India - After mandate - Protective behaviour,Household COVID Test: Negative,0.006516508008571467,33
Random Forest,India,after_mandate,After mandate,protective,Protective behaviour,India_after_mandate_protective,India - After mandate - Protective behaviour,Isolation Willingness: Neutral,0.006477339420187322,34
Random Forest,India,after_mandate,After mandate,protective,Protective behaviour,India_after_mandate_protective,India - After mandate - Protective behaviour,PHQ Worry: Prefer Not Say,0.0061115585133063345,35
Random Forest,India,after_mandate,After mandate,protective,Protective behaviour,India_after_mandate_protective,India - After mandate - Protective behaviour,Shortness of Breath: Yes,0.005987026661070443,36
Random Forest,India,after_mandate,After mandate,protective,Protective behaviour,India_after_mandate_protective,India - After mandate - Protective behaviour,Comorbidity: Yes,0.0058781499313555995,37
Random Forest,India,after_mandate,After mandate,protective,Protective behaviour,India_after_mandate_protective,India - After mandate - Protective behaviour,State: Tamil Nadu,0.0057053499925328,38
Random Forest,India,after_mandate,After mandate,protective,Protective behaviour,India_after_mandate_protective,India - After mandate - Protective behaviour,PHQ Worry: Not At All,0.005643163774993597,39
Random Forest,India,after_mandate,After mandate,protective,Protective behaviour,India_after_mandate_protective,India - After mandate - Protective behaviour,PHQ Low Interest: Several Days,0.005497152720968946,40
Random Forest,India,after_mandate,After mandate,protective,Protective behaviour,India_after_mandate_protective,India - After mandate - Protective behaviour,Confidence in the government: Low,0.0051625155991883555,41
Random Forest,India,after_mandate,After mandate,protective,Protective behaviour,India_after_mandate_protective,India - After mandate - Protective behaviour,Household COVID Test: Pending,0.005134501381734725,42
Random Forest,India,after_mandate,After mandate,protective,Protective behaviour,India_after_mandate_protective,India - After mandate - Protective behaviour,Employment: Part Time,0.0050491747788852185,43
Random Forest,India,after_mandate,After mandate,protective,Protective behaviour,India_after_mandate_protective,India - After mandate - Protective behaviour,Isolation Willingness: Somewhat Unwilling,0.004923121557003374,44
Random Forest,India,after_mandate,After mandate,protective,Protective behaviour,India_after_mandate_protective,India - After mandate - Protective behaviour,Comorbidity: Prefer Not Say,0.004903488048693911,45
Random Forest,India,after_mandate,After mandate,protective,Protective behaviour,India_after_mandate_protective,India - After mandate - Protective behaviour,COVID Fear: Very Scared,0.0048934354459116225,46
Random Forest,India,after_mandate,After mandate,protective,Protective behaviour,India_after_mandate_protective,India - After mandate - Protective behaviour,Employment: Student,0.004851087368268954,47
Random Forest,India,after_mandate,After mandate,protective,Protective behaviour,India_after_mandate_protective,India - After mandate - Protective behaviour,PHQ Anxiety: Prefer Not Say,0.004822335356972146,48
Random Forest,India,after_mandate,After mandate,protective,Protective behaviour,India_after_mandate_protective,India - After mandate - Protective behaviour,PHQ Low Interest: Not At All,0.004741954045155193,49
Random Forest,India,after_mandate,After mandate,protective,Protective behaviour,India_after_mandate_protective,India - After mandate - Protective behaviour,Shortness of Breath: No,0.004713227311487205,50
Random Forest,India,after_mandate,After mandate,protective,Protective behaviour,India_after_mandate_protective,India - After mandate - Protective behaviour,Isolation Ease: Very Easy,0.004685705299696369,51
Random Forest,India,after_mandate,After mandate,protective,Protective behaviour,India_after_mandate_protective,India - After mandate - Protective behaviour,Loss of Taste: Yes,0.004662885536057291,52
Random Forest,India,after_mandate,After mandate,protective,Protective behaviour,India_after_mandate_protective,India - After mandate - Protective behaviour,State: Andhra Pradesh,0.004627284515479773,53
Random Forest,India,after_mandate,After mandate,protective,Protective behaviour,India_after_mandate_protective,India - After mandate - Protective behaviour,State: Delhi,0.004574990150715748,54
Random Forest,India,after_mandate,After mandate,protective,Protective behaviour,India_after_mandate_protective,India - After mandate - Protective behaviour,Isolation Willingness: Very Unwilling,0.004534650084665628,55
Random Forest,India,after_mandate,After mandate,protective,Protective behaviour,India_after_mandate_protective,India - After mandate - Protective behaviour,PHQ Worry: Several Days,0.004469592551404378,56
Random Forest,India,after_mandate,After mandate,protective,Protective behaviour,India_after_mandate_protective,India - After mandate - Protective behaviour,PHQ Depressed: Several Days,0.004145287809538959,57
Random Forest,India,after_mandate,After mandate,protective,Protective behaviour,India_after_mandate_protective,India - After mandate - Protective behaviour,Isolation Ease: Very Difficult,0.004056924162803238,58
Random Forest,India,after_mandate,After mandate,protective,Protective behaviour,India_after_mandate_protective,India - After mandate - Protective behaviour,Isolation Ease: Somewhat Difficult,0.003975333861689097,59
Random Forest,India,after_mandate,After mandate,protective,Protective behaviour,India_after_mandate_protective,India - After mandate - Protective behaviour,PHQ Anxiety: Several Days,0.003927275675277865,60
Random Forest,India,after_mandate,After mandate,protective,Protective behaviour,India_after_mandate_protective,India - After mandate - Protective behaviour,Isolation Ease: Neutral,0.003849378512579575,61
Random Forest,India,after_mandate,After mandate,protective,Protective behaviour,India_after_mandate_protective,India - After mandate - Protective behaviour,COVID Fear: Slightly Scared,0.0037170441936913642,62
Random Forest,India,after_mandate,After mandate,protective,Protective behaviour,India_after_mandate_protective,India - After mandate - Protective behaviour,Loss of Smell: Yes,0.003705085446384046,63
Random Forest,India,after_mandate,After mandate,protective,Protective behaviour,India_after_mandate_protective,India - After mandate - Protective behaviour,Fever: No,0.0036404381095578127,64
Random Forest,India,after_mandate,After mandate,protective,Protective behaviour,India_after_mandate_protective,India - After mandate - Protective behaviour,PHQ Worry: Daily,0.0035212236648795607,65
Random Forest,India,after_mandate,After mandate,protective,Protective behaviour,India_after_mandate_protective,India - After mandate - Protective behaviour,PHQ Low Interest: Daily,0.003397134076951095,66
Random Forest,India,after_mandate,After mandate,protective,Protective behaviour,India_after_mandate_protective,India - After mandate - Protective behaviour,PHQ Anxiety: Daily,0.003356556879665383,67
Random Forest,India,after_mandate,After mandate,protective,Protective behaviour,India_after_mandate_protective,India - After mandate - Protective behaviour,Dry Cough: No,0.003310337914805948,68
Random Forest,India,after_mandate,After mandate,protective,Protective behaviour,India_after_mandate_protective,India - After mandate - Protective behaviour,PHQ Depressed: N/A,0.0031254526972046945,69
Random Forest,India,after_mandate,After mandate,protective,Protective behaviour,India_after_mandate_protective,India - After mandate - Protective behaviour,Loss of Taste: No,0.0031208056614752118,70
Random Forest,India,after_mandate,After mandate,protective,Protective behaviour,India_after_mandate_protective,India - After mandate - Protective behaviour,PHQ Depressed: Daily,0.0031069743628464952,71
Random Forest,India,after_mandate,After mandate,protective,Protective behaviour,India_after_mandate_protective,India - After mandate - Protective behaviour,Dry Cough: Yes,0.003106499281172689,72
Random Forest,India,after_mandate,After mandate,protective,Protective behaviour,India_after_mandate_protective,India - After mandate - Protective behaviour,PHQ Anxiety: N/A,0.003080489230137128,73
Random Forest,India,after_mandate,After mandate,protective,Protective behaviour,India_after_mandate_protective,India - After mandate - Protective behaviour,Household COVID Test: Positive,0.003079958300053829,74
Random Forest,India,after_mandate,After mandate,protective,Protective behaviour,India_after_mandate_protective,India - After mandate - Protective behaviour,PHQ Low Interest: N/A,0.003008034374857048,75
Random Forest,India,after_mandate,After mandate,protective,Protective behaviour,India_after_mandate_protective,India - After mandate - Protective behaviour,PHQ Worry: N/A,0.0029505315410592384,76
Random Forest,India,after_mandate,After mandate,protective,Protective behaviour,India_after_mandate_protective,India - After mandate - Protective behaviour,COVID Test: Pending,0.002949715809466544,77
Random Forest,India,after_mandate,After mandate,protective,Protective behaviour,India_after_mandate_protective,India - After mandate - Protective behaviour,Loss of Smell: No,0.002933101627948152,78
Random Forest,India,after_mandate,After mandate,protective,Protective behaviour,India_after_mandate_protective,India - After mandate - Protective behaviour,Employment: Unemployed,0.0029098244799742245,79
Random Forest,India,after_mandate,After mandate,protective,Protective behaviour,India_after_mandate_protective,India - After mandate - Protective behaviour,COVID Fear: Not Scared,0.00282216882862131,80
Random Forest,India,after_mandate,After mandate,protective,Protective behaviour,India_after_mandate_protective,India - After mandate - Protective behaviour,Employment: Not Working,0.0027349530412694068,81
Random Forest,India,after_mandate,After mandate,protective,Protective behaviour,India_after_mandate_protective,India - After mandate - Protective behaviour,PHQ Depressed: Prefer Not Say,0.002647529804388491,82
Random Forest,India,after_mandate,After mandate,protective,Protective behaviour,India_after_mandate_protective,India - After mandate - Protective behaviour,PHQ Low Interest: Prefer Not Say,0.002596862275269302,83
Random Forest,India,after_mandate,After mandate,protective,Protective behaviour,India_after_mandate_protective,India - After mandate - Protective behaviour,Fever: Yes,0.0024664044996687944,84
Random Forest,India,after_mandate,After mandate,protective,Protective behaviour,India_after_mandate_protective,India - After mandate - Protective behaviour,State: West Bengal,0.0024352030135904087,85
Random Forest,India,after_mandate,After mandate,protective,Protective behaviour,India_after_mandate_protective,India - After mandate - Protective behaviour,State: Uttar Pradesh,0.002357903225439577,86
Random Forest,India,after_mandate,After mandate,protective,Protective behaviour,India_after_mandate_protective,India - After mandate - Protective behaviour,State: Telangana,0.002335369388921702,87
Random Forest,India,after_mandate,After mandate,protective,Protective behaviour,India_after_mandate_protective,India - After mandate - Protective behaviour,State: Gujarat,0.002269126367449188,88
Random Forest,India,after_mandate,After mandate,protective,Protective behaviour,India_after_mandate_protective,India - After mandate - Protective behaviour,Confidence in the government: N/A,0.0018506966216506329,89
Random Forest,India,after_mandate,After mandate,protective,Protective behaviour,India_after_mandate_protective,India - After mandate - Protective behaviour,State: Punjab,0.001716536945149232,90
Random Forest,India,after_mandate,After mandate,protective,Protective behaviour,India_after_mandate_protective,India - After mandate - Protective behaviour,COVID Fear: N/A,0.0016662542330036117,91
Random Forest,India,after_mandate,After mandate,protective,Protective behaviour,India_after_mandate_protective,India - After mandate - Protective behaviour,State: Rajasthan,0.001654941451592927,92
Random Forest,India,after_mandate,After mandate,protective,Protective behaviour,India_after_mandate_protective,India - After mandate - Protective behaviour,State: Madhya Pradesh,0.00158702705878033,93
Random Forest,India,after_mandate,After mandate,protective,Protective behaviour,India_after_mandate_protective,India - After mandate - Protective behaviour,State: Karnataka,0.001516833222887935,94
Random Forest,India,after_mandate,After mandate,protective,Protective behaviour,India_after_mandate_protective,India - After mandate - Protective behaviour,State: Kerala,0.001469568566173635,95
Random Forest,India,after_mandate,After mandate,protective,Protective behaviour,India_after_mandate_protective,India - After mandate - Protective behaviour,State: Assam,0.0013923039985104361,96
Random Forest,India,after_mandate,After mandate,protective,Protective behaviour,India_after_mandate_protective,India - After mandate - Protective behaviour,State: Bihar,0.0012969902893253218,97
Random Forest,India,after_mandate,After mandate,protective,Protective behaviour,India_after_mandate_protective,India - After mandate - Protective behaviour,State: Odisha,0.0011245281516942872,98
Random Forest,India,after_mandate,After mandate,protective,Protective behaviour,India_after_mandate_protective,India - After mandate - Protective behaviour,Employment: Retired,0.0010562349121217,99
Random Forest,India,after_mandate,After mandate,protective,Protective behaviour,India_after_mandate_protective,India - After mandate - Protective behaviour,State: Chhattisgarh,0.0009163209827260517,100
Random Forest,India,after_mandate,After mandate,protective,Protective behaviour,India_after_mandate_protective,India - After mandate - Protective behaviour,State: Jharkhand,0.0008709943306151525,101
Random Forest,India,after_mandate,After mandate,protective,Protective behaviour,India_after_mandate_protective,India - After mandate - Protective behaviour,State: Haryana,0.0008286517809531938,102
Random Forest,India,after_mandate,After mandate,protective,Protective behaviour,India_after_mandate_protective,India - After mandate - Protective behaviour,Employment: Other,0.0006954446336754646,103
Random Forest,India,after_mandate,After mandate,protective,Protective behaviour,India_after_mandate_protective,India - After mandate - Protective behaviour,State: Nagaland,0.00023895298766264897,104
Random Forest,India,after_mandate,After mandate,protective,Protective behaviour,India_after_mandate_protective,India - After mandate - Protective behaviour,State: Jammu and Kashmir,0.0002154569390730136,105
Random Forest,India,after_mandate,After mandate,protective,Protective behaviour,India_after_mandate_protective,India - After mandate - Protective behaviour,State: Uttarakhand,0.00018829505069485847,106
Random Forest,India,after_mandate,After mandate,protective,Protective behaviour,India_after_mandate_protective,India - After mandate - Protective behaviour,State: Himachal Pradesh,0.00015832986345039608,107
Random Forest,India,after_mandate,After mandate,protective,Protective behaviour,India_after_mandate_protective,India - After mandate - Protective behaviour,State: Chandigarh,0.00014903932954187497,108
Random Forest,India,after_mandate,After mandate,protective,Protective behaviour,India_after_mandate_protective,India - After mandate - Protective behaviour,State: Meghalaya,4.3116306971109466e-05,109
Random Forest,India,after_mandate,After mandate,protective,Protective behaviour,India_after_mandate_protective,India - After mandate - Protective behaviour,State: Tripura,1.2603939026529343e-05,110
Random Forest,India,after_mandate,After mandate,protective,Protective behaviour,India_after_mandate_protective,India - After mandate - Protective behaviour,State: Goa,1.1994704212802763e-06,111
Random Forest,India,after_mandate,After mandate,protective,Protective behaviour,India_after_mandate_protective,India - After mandate - Protective behaviour,State: Mizoram,0.0,112
Random Forest,India,after_mandate,After mandate,protective,Protective behaviour,India_after_mandate_protective,India - After mandate - Protective behaviour,State: Puducherry,0.0,113
Random Forest,India,after_mandate,After mandate,protective,Protective behaviour,India_after_mandate_protective,India - After mandate - Protective behaviour,State: Manipur,0.0,114
Random Forest,India,after_mandate,After mandate,protective,Protective behaviour,India_after_mandate_protective,India - After mandate - Protective behaviour,State: Sikkim,0.0,115
Random Forest,India,after_mandate,After mandate,protective,Protective behaviour,India_after_mandate_protective,India - After mandate - Protective behaviour,State: Dadra and Nagar Haveli and Daman and Diu,0.0,116
Random Forest,India,after_mandate,After mandate,protective,Protective behaviour,India_after_mandate_protective,India - After mandate - Protective behaviour,State: Arunachal Pradesh,0.0,117
Random Forest,India,after_mandate,After mandate,protective,Protective behaviour,India_after_mandate_protective,India - After mandate - Protective behaviour,State: Lakshadweep,0.0,118
Random Forest,United States,before_mandate,Before mandate,mask,Face mask wearing,United_States_before_mandate_mask,United States - Before mandate - Face mask wearing,Non-Mask Protective Behavior Score,0.212669495779583,1
Random Forest,United States,before_mandate,Before mandate,mask,Face mask wearing,United_States_before_mandate_mask,United States - Before mandate - Face mask wearing,COVID Severity,0.1190553052167009,2
Random Forest,United States,before_mandate,Before mandate,mask,Face mask wearing,United_States_before_mandate_mask,United States - Before mandate - Face mask wearing,Age,0.05264041155769662,3
Random Forest,United States,before_mandate,Before mandate,mask,Face mask wearing,United_States_before_mandate_mask,United States - Before mandate - Face mask wearing,COVID Life Impact,0.051119926374455456,4
Random Forest,United States,before_mandate,Before mandate,mask,Face mask wearing,United_States_before_mandate_mask,United States - Before mandate - Face mask wearing,Isolation Willingness: Very Willing,0.04278868863910051,5
Random Forest,United States,before_mandate,Before mandate,mask,Face mask wearing,United_States_before_mandate_mask,United States - Before mandate - Face mask wearing,Week,0.040115307991344926,6
Random Forest,United States,before_mandate,Before mandate,mask,Face mask wearing,United_States_before_mandate_mask,United States - Before mandate - Face mask wearing,Physical contact count (with stranger),0.03939072754849584,7
Random Forest,United States,before_mandate,Before mandate,mask,Face mask wearing,United_States_before_mandate_mask,United States - Before mandate - Face mask wearing,Handwashing Count,0.03659976107611716,8
Random Forest,United States,before_mandate,Before mandate,mask,Face mask wearing,United_States_before_mandate_mask,United States - Before mandate - Face mask wearing,Symptom Isolation: Unsure,0.03237074232279663,9
Random Forest,United States,before_mandate,Before mandate,mask,Face mask wearing,United_States_before_mandate_mask,United States - Before mandate - Face mask wearing,Outings count,0.03170236312766036,10
Random Forest,United States,before_mandate,Before mandate,mask,Face mask wearing,United_States_before_mandate_mask,United States - Before mandate - Face mask wearing,Health Motivation,0.0316529890902421,11
Random Forest,United States,before_mandate,Before mandate,mask,Face mask wearing,United_States_before_mandate_mask,United States - Before mandate - Face mask wearing,Symptom Isolation: Yes,0.031290602801042615,12
Random Forest,United States,before_mandate,Before mandate,mask,Face mask wearing,United_States_before_mandate_mask,United States - Before mandate - Face mask wearing,COVID Infection Risk,0.028799303279351738,13
Random Forest,United States,before_mandate,Before mandate,mask,Face mask wearing,United_States_before_mandate_mask,United States - Before mandate - Face mask wearing,Household Size,0.01971573589223088,14
Random Forest,United States,before_mandate,Before mandate,mask,Face mask wearing,United_States_before_mandate_mask,United States - Before mandate - Face mask wearing,Isolation Willingness: Very Unwilling,0.017025493589546175,15
Random Forest,United States,before_mandate,Before mandate,mask,Face mask wearing,United_States_before_mandate_mask,United States - Before mandate - Face mask wearing,Gov Response: Very Bad,0.016902576563935196,16
Random Forest,United States,before_mandate,Before mandate,mask,Face mask wearing,United_States_before_mandate_mask,United States - Before mandate - Face mask wearing,Is a male?,0.01061539353197625,17
Random Forest,United States,before_mandate,Before mandate,mask,Face mask wearing,United_States_before_mandate_mask,United States - Before mandate - Face mask wearing,Comorbidity: Yes,0.010306710184664888,18
Random Forest,United States,before_mandate,Before mandate,mask,Face mask wearing,United_States_before_mandate_mask,United States - Before mandate - Face mask wearing,Gov Response: Somewhat Good,0.009944790340641777,19
Random Forest,United States,before_mandate,Before mandate,mask,Face mask wearing,United_States_before_mandate_mask,United States - Before mandate - Face mask wearing,Isolation Willingness: Somewhat Willing,0.009414048383169471,20
Random Forest,United States,before_mandate,Before mandate,mask,Face mask wearing,United_States_before_mandate_mask,United States - Before mandate - Face mask wearing,Comorbidity: No,0.00904915996122725,21
Random Forest,United States,before_mandate,Before mandate,mask,Face mask wearing,United_States_before_mandate_mask,United States - Before mandate - Face mask wearing,Confidence in the government: High,0.008926947643536914,22
Random Forest,United States,before_mandate,Before mandate,mask,Face mask wearing,United_States_before_mandate_mask,United States - Before mandate - Face mask wearing,Isolation Ease: Very Easy,0.008499181417052772,23
Random Forest,United States,before_mandate,Before mandate,mask,Face mask wearing,United_States_before_mandate_mask,United States - Before mandate - Face mask wearing,Isolation Ease: Somewhat Easy,0.007879966623047198,24
Random Forest,United States,before_mandate,Before mandate,mask,Face mask wearing,United_States_before_mandate_mask,United States - Before mandate - Face mask wearing,Gov Response: Somewhat Bad,0.006812363144332741,25
Random Forest,United States,before_mandate,Before mandate,mask,Face mask wearing,United_States_before_mandate_mask,United States - Before mandate - Face mask wearing,State: Georgia,0.006711303664546624,26
Random Forest,United States,before_mandate,Before mandate,mask,Face mask wearing,United_States_before_mandate_mask,United States - Before mandate - Face mask wearing,Employment: Not Working,0.006564390834977015,27
Random Forest,United States,before_mandate,Before mandate,mask,Face mask wearing,United_States_before_mandate_mask,United States - Before mandate - Face mask wearing,Isolation Ease: Very Difficult,0.006302875506878883,28
Random Forest,United States,before_mandate,Before mandate,mask,Face mask wearing,United_States_before_mandate_mask,United States - Before mandate - Face mask wearing,Confidence in the government: Low,0.006249555166874851,29
Random Forest,United States,before_mandate,Before mandate,mask,Face mask wearing,United_States_before_mandate_mask,United States - Before mandate - Face mask wearing,Symptom Isolation: No,0.006070158817295668,30
Random Forest,United States,before_mandate,Before mandate,mask,Face mask wearing,United_States_before_mandate_mask,United States - Before mandate - Face mask wearing,Employment: Retired,0.00549931948800851,31
Random Forest,United States,before_mandate,Before mandate,mask,Face mask wearing,United_States_before_mandate_mask,United States - Before mandate - Face mask wearing,State: Illinois,0.004885847894932464,32
Random Forest,United States,before_mandate,Before mandate,mask,Face mask wearing,United_States_before_mandate_mask,United States - Before mandate - Face mask wearing,State: Ohio,0.004784663908561809,33
Random Forest,United States,before_mandate,Before mandate,mask,Face mask wearing,United_States_before_mandate_mask,United States - Before mandate - Face mask wearing,Confidence in the government: None,0.004467531087766877,34
Random Forest,United States,before_mandate,Before mandate,mask,Face mask wearing,United_States_before_mandate_mask,United States - Before mandate - Face mask wearing,Confidence in the government: Unknown,0.004301194858199565,35
Random Forest,United States,before_mandate,Before mandate,mask,Face mask wearing,United_States_before_mandate_mask,United States - Before mandate - Face mask wearing,Employment: Unemployed,0.00426200842933956,36
Random Forest,United States,before_mandate,Before mandate,mask,Face mask wearing,United_States_before_mandate_mask,United States - Before mandate - Face mask wearing,Employment: Part Time,0.004025665661137141,37
Random Forest,United States,before_mandate,Before mandate,mask,Face mask wearing,United_States_before_mandate_mask,United States - Before mandate - Face mask wearing,Isolation Willingness: Neutral,0.00396806091023241,38
Random Forest,United States,before_mandate,Before mandate,mask,Face mask wearing,United_States_before_mandate_mask,United States - Before mandate - Face mask wearing,Gov Response: Very Good,0.0038554158379336327,39
Random Forest,United States,before_mandate,Before mandate,mask,Face mask wearing,United_States_before_mandate_mask,United States - Before mandate - Face mask wearing,Isolation Ease: Neutral,0.0036257068395608833,40
Random Forest,United States,before_mandate,Before mandate,mask,Face mask wearing,United_States_before_mandate_mask,United States - Before mandate - Face mask wearing,Isolation Ease: Somewhat Difficult,0.0035842225245952893,41
Random Forest,United States,before_mandate,Before mandate,mask,Face mask wearing,United_States_before_mandate_mask,United States - Before mandate - Face mask wearing,State: Virginia,0.0033533513021971827,42
Random Forest,United States,before_mandate,Before mandate,mask,Face mask wearing,United_States_before_mandate_mask,United States - Before mandate - Face mask wearing,Isolation Willingness: Somewhat Unwilling,0.0029538971997914287,43
Random Forest,United States,before_mandate,Before mandate,mask,Face mask wearing,United_States_before_mandate_mask,United States - Before mandate - Face mask wearing,State: Oklahoma,0.0028431277363911256,44
Random Forest,United States,before_mandate,Before mandate,mask,Face mask wearing,United_States_before_mandate_mask,United States - Before mandate - Face mask wearing,State: Wisconsin,0.0026082161091918335,45
Random Forest,United States,before_mandate,Before mandate,mask,Face mask wearing,United_States_before_mandate_mask,United States - Before mandate - Face mask wearing,State: Tennessee,0.0021665578568653646,46
Random Forest,United States,before_mandate,Before mandate,mask,Face mask wearing,United_States_before_mandate_mask,United States - Before mandate - Face mask wearing,State: New Jersey,0.0020893773281767565,47
Random Forest,United States,before_mandate,Before mandate,mask,Face mask wearing,United_States_before_mandate_mask,United States - Before mandate - Face mask wearing,Comorbidity: Prefer Not Say,0.0020728093012527572,48
Random Forest,United States,before_mandate,Before mandate,mask,Face mask wearing,United_States_before_mandate_mask,United States - Before mandate - Face mask wearing,Isolation Willingness: Unsure,0.001822782017519634,49
Random Forest,United States,before_mandate,Before mandate,mask,Face mask wearing,United_States_before_mandate_mask,United States - Before mandate - Face mask wearing,State: West Virginia,0.0017019166662742317,50
Random Forest,United States,before_mandate,Before mandate,mask,Face mask wearing,United_States_before_mandate_mask,United States - Before mandate - Face mask wearing,Isolation Ease: Unsure,0.00166223061607439,51
Random Forest,United States,before_mandate,Before mandate,mask,Face mask wearing,United_States_before_mandate_mask,United States - Before mandate - Face mask wearing,Employment: Student,0.00133377107476139,52
Random Forest,United States,before_mandate,Before mandate,mask,Face mask wearing,United_States_before_mandate_mask,United States - Before mandate - Face mask wearing,Employment: Other,0.0012827943592048307,53
Random Forest,United States,before_mandate,Before mandate,mask,Face mask wearing,United_States_before_mandate_mask,United States - Before mandate - Face mask wearing,State: Kansas,0.0012333606346958145,54
Random Forest,United States,before_mandate,Before mandate,mask,Face mask wearing,United_States_before_mandate_mask,United States - Before mandate - Face mask wearing,State: Indiana,0.001204863518248123,55
Random Forest,United States,before_mandate,Before mandate,mask,Face mask wearing,United_States_before_mandate_mask,United States - Before mandate - Face mask wearing,State: Maryland,0.0011824226765581162,56
Random Forest,United States,before_mandate,Before mandate,mask,Face mask wearing,United_States_before_mandate_mask,United States - Before mandate - Face mask wearing,State: Michigan,0.0010696614212022005,57
Random Forest,United States,before_mandate,Before mandate,mask,Face mask wearing,United_States_before_mandate_mask,United States - Before mandate - Face mask wearing,State: Pennsylvania,0.000611929268353609,58
Random Forest,United States,before_mandate,Before mandate,mask,Face mask wearing,United_States_before_mandate_mask,United States - Before mandate - Face mask wearing,State: Colorado,0.0005982908811115728,59
Random Forest,United States,before_mandate,Before mandate,mask,Face mask wearing,United_States_before_mandate_mask,United States - Before mandate - Face mask wearing,State: Iowa,0.0005718854442951935,60
Random Forest,United States,before_mandate,Before mandate,mask,Face mask wearing,United_States_before_mandate_mask,United States - Before mandate - Face mask wearing,State: North Dakota,0.0005464395935199942,61
Random Forest,United States,before_mandate,Before mandate,mask,Face mask wearing,United_States_before_mandate_mask,United States - Before mandate - Face mask wearing,State: Missouri,0.0005410628571878866,62
Random Forest,United States,before_mandate,Before mandate,mask,Face mask wearing,United_States_before_mandate_mask,United States - Before mandate - Face mask wearing,State: Washington,0.0004909607280233519,63
Random Forest,United States,before_mandate,Before mandate,mask,Face mask wearing,United_States_before_mandate_mask,United States - Before mandate - Face mask wearing,State: Maine,0.00042279361861639084,64
Random Forest,United States,before_mandate,Before mandate,mask,Face mask wearing,United_States_before_mandate_mask,United States - Before mandate - Face mask wearing,State: New Hampshire,0.0003396415668805963,65
Random Forest,United States,before_mandate,Before mandate,mask,Face mask wearing,United_States_before_mandate_mask,United States - Before mandate - Face mask wearing,State: Kentucky,0.0002644340023164522,66
Random Forest,United States,before_mandate,Before mandate,mask,Face mask wearing,United_States_before_mandate_mask,United States - Before mandate - Face mask wearing,State: Arizona,0.0002315101175632297,67
Random Forest,United States,before_mandate,Before mandate,mask,Face mask wearing,United_States_before_mandate_mask,United States - Before mandate - Face mask wearing,State: Idaho,0.00011707269582768278,68
Random Forest,United States,before_mandate,Before mandate,mask,Face mask wearing,United_States_before_mandate_mask,United States - Before mandate - Face mask wearing,State: South Carolina,9.595965035368175e-05,69
Random Forest,United States,before_mandate,Before mandate,mask,Face mask wearing,United_States_before_mandate_mask,United States - Before mandate - Face mask wearing,State: Utah,8.238765105524883e-05,70
Random Forest,United States,before_mandate,Before mandate,mask,Face mask wearing,United_States_before_mandate_mask,United States - Before mandate - Face mask wearing,State: Vermont,5.6060129624346164e-05,71
Random Forest,United States,before_mandate,Before mandate,mask,Face mask wearing,United_States_before_mandate_mask,United States - Before mandate - Face mask wearing,State: Montana,2.5184660750780104e-06,72
Random Forest,United States,before_mandate,Before mandate,mask,Face mask wearing,United_States_before_mandate_mask,United States - Before mandate - Face mask wearing,State: Florida,0.0,73
Random Forest,United States,before_mandate,Before mandate,mask,Face mask wearing,United_States_before_mandate_mask,United States - Before mandate - Face mask wearing,State: California,0.0,74
Random Forest,United States,before_mandate,Before mandate,mask,Face mask wearing,United_States_before_mandate_mask,United States - Before mandate - Face mask wearing,State: Delaware,0.0,75
Random Forest,United States,before_mandate,Before mandate,mask,Face mask wearing,United_States_before_mandate_mask,United States - Before mandate - Face mask wearing,State: Hawaii,0.0,76
Random Forest,United States,before_mandate,Before mandate,mask,Face mask wearing,United_States_before_mandate_mask,United States - Before mandate - Face mask wearing,State: Alaska,0.0,77
Random Forest,United States,before_mandate,Before mandate,mask,Face mask wearing,United_States_before_mandate_mask,United States - Before mandate - Face mask wearing,State: Arkansas,0.0,78
Random Forest,United States,before_mandate,Before mandate,mask,Face mask wearing,United_States_before_mandate_mask,United States - Before mandate - Face mask wearing,State: Louisiana,0.0,79
Random Forest,United States,before_mandate,Before mandate,mask,Face mask wearing,United_States_before_mandate_mask,United States - Before mandate - Face mask wearing,State: Connecticut,0.0,80
Random Forest,United States,before_mandate,Before mandate,mask,Face mask wearing,United_States_before_mandate_mask,United States - Before mandate - Face mask wearing,State: Wyoming,0.0,81
Random Forest,United States,before_mandate,Before mandate,mask,Face mask wearing,United_States_before_mandate_mask,United States - Before mandate - Face mask wearing,State: Washington DC,0.0,82
Random Forest,United States,before_mandate,Before mandate,mask,Face mask wearing,United_States_before_mandate_mask,United States - Before mandate - Face mask wearing,State: Rhode Island,0.0,83
Random Forest,United States,before_mandate,Before mandate,mask,Face mask wearing,United_States_before_mandate_mask,United States - Before mandate - Face mask wearing,State: Oregon,0.0,84
Random Forest,United States,before_mandate,Before mandate,mask,Face mask wearing,United_States_before_mandate_mask,United States - Before mandate - Face mask wearing,State: South Dakota,0.0,85
Random Forest,United States,before_mandate,Before mandate,mask,Face mask wearing,United_States_before_mandate_mask,United States - Before mandate - Face mask wearing,State: Texas,0.0,86
Random Forest,United States,before_mandate,Before mandate,mask,Face mask wearing,United_States_before_mandate_mask,United States - Before mandate - Face mask wearing,State: Nevada,0.0,87
Random Forest,United States,before_mandate,Before mandate,mask,Face mask wearing,United_States_before_mandate_mask,United States - Before mandate - Face mask wearing,State: Nebraska,0.0,88
Random Forest,United States,before_mandate,Before mandate,mask,Face mask wearing,United_States_before_mandate_mask,United States - Before mandate - Face mask wearing,State: Minnesota,0.0,89
Random Forest,United States,before_mandate,Before mandate,mask,Face mask wearing,United_States_before_mandate_mask,United States - Before mandate - Face mask wearing,State: Mississippi,0.0,90
Random Forest,United States,before_mandate,Before mandate,mask,Face mask wearing,United_States_before_mandate_mask,United States - Before mandate - Face mask wearing,State: Massachusetts,0.0,91
Random Forest,United States,before_mandate,Before mandate,mask,Face mask wearing,United_States_before_mandate_mask,United States - Before mandate - Face mask wearing,State: New Mexico,0.0,92
Random Forest,United States,before_mandate,Before mandate,mask,Face mask wearing,United_States_before_mandate_mask,United States - Before mandate - Face mask wearing,State: New York,0.0,93
Random Forest,United States,before_mandate,Before mandate,mask,Face mask wearing,United_States_before_mandate_mask,United States - Before mandate - Face mask wearing,State: North Carolina,0.0,94
Random Forest,United States,before_mandate,Before mandate,protective,Protective behaviour,United_States_before_mandate_protective,United States - Before mandate - Protective behaviour,COVID Severity,0.15827305087217047,1
Random Forest,United States,before_mandate,Before mandate,protective,Protective behaviour,United_States_before_mandate_protective,United States - Before mandate - Protective behaviour,Physical contact count (with stranger),0.11781740359457663,2
Random Forest,United States,before_mandate,Before mandate,protective,Protective behaviour,United_States_before_mandate_protective,United States - Before mandate - Protective behaviour,Isolation Willingness: Very Willing,0.08734582450156053,3
Random Forest,United States,before_mandate,Before mandate,protective,Protective behaviour,United_States_before_mandate_protective,United States - Before mandate - Protective behaviour,Outings count,0.07406879583533345,4
Random Forest,United States,before_mandate,Before mandate,protective,Protective behaviour,United_States_before_mandate_protective,United States - Before mandate - Protective behaviour,Symptom Isolation: Yes,0.06679269084829072,5
Random Forest,United States,before_mandate,Before mandate,protective,Protective behaviour,United_States_before_mandate_protective,United States - Before mandate - Protective behaviour,Handwashing Count,0.04439044389508447,6
Random Forest,United States,before_mandate,Before mandate,protective,Protective behaviour,United_States_before_mandate_protective,United States - Before mandate - Protective behaviour,COVID Life Impact,0.04112673218143216,7
Random Forest,United States,before_mandate,Before mandate,protective,Protective behaviour,United_States_before_mandate_protective,United States - Before mandate - Protective behaviour,Age,0.03969698622600349,8
Random Forest,United States,before_mandate,Before mandate,protective,Protective behaviour,United_States_before_mandate_protective,United States - Before mandate - Protective behaviour,Gov Response: Very Bad,0.035487771383342935,9
Random Forest,United States,before_mandate,Before mandate,protective,Protective behaviour,United_States_before_mandate_protective,United States - Before mandate - Protective behaviour,Week,0.03149734757665051,10
Random Forest,United States,before_mandate,Before mandate,protective,Protective behaviour,United_States_before_mandate_protective,United States - Before mandate - Protective behaviour,COVID Infection Risk,0.031223674715354883,11
Random Forest,United States,before_mandate,Before mandate,protective,Protective behaviour,United_States_before_mandate_protective,United States - Before mandate - Protective behaviour,Symptom Isolation: Unsure,0.021659115520348365,12
Random Forest,United States,before_mandate,Before mandate,protective,Protective behaviour,United_States_before_mandate_protective,United States - Before mandate - Protective behaviour,Symptom Isolation: No,0.02052797442529948,13
Random Forest,United States,before_mandate,Before mandate,protective,Protective behaviour,United_States_before_mandate_protective,United States - Before mandate - Protective behaviour,Health Motivation,0.020226487283937614,14
Random Forest,United States,before_mandate,Before mandate,protective,Protective behaviour,United_States_before_mandate_protective,United States - Before mandate - Protective behaviour,Household Size,0.01849038686449381,15
Random Forest,United States,before_mandate,Before mandate,protective,Protective behaviour,United_States_before_mandate_protective,United States - Before mandate - Protective behaviour,Isolation Willingness: Somewhat Unwilling,0.016305715291814384,16
Random Forest,United States,before_mandate,Before mandate,protective,Protective behaviour,United_States_before_mandate_protective,United States - Before mandate - Protective behaviour,Isolation Ease: Very Easy,0.014023435295281387,17
Random Forest,United States,before_mandate,Before mandate,protective,Protective behaviour,United_States_before_mandate_protective,United States - Before mandate - Protective behaviour,Isolation Willingness: Very Unwilling,0.013521276531454985,18
Random Forest,United States,before_mandate,Before mandate,protective,Protective behaviour,United_States_before_mandate_protective,United States - Before mandate - Protective behaviour,Confidence in the government: Unknown,0.011962143382448533,19
Random Forest,United States,before_mandate,Before mandate,protective,Protective behaviour,United_States_before_mandate_protective,United States - Before mandate - Protective behaviour,Isolation Willingness: Neutral,0.011312607434546916,20
Random Forest,United States,before_mandate,Before mandate,protective,Protective behaviour,United_States_before_mandate_protective,United States - Before mandate - Protective behaviour,Isolation Willingness: Somewhat Willing,0.010545198750613091,21
Random Forest,United States,before_mandate,Before mandate,protective,Protective behaviour,United_States_before_mandate_protective,United States - Before mandate - Protective behaviour,Confidence in the government: High,0.007757629314686015,22
Random Forest,United States,before_mandate,Before mandate,protective,Protective behaviour,United_States_before_mandate_protective,United States - Before mandate - Protective behaviour,Gov Response: Somewhat Bad,0.006917735626442807,23
Random Forest,United States,before_mandate,Before mandate,protective,Protective behaviour,United_States_before_mandate_protective,United States - Before mandate - Protective behaviour,Is a male?,0.006714434731954676,24
Random Forest,United States,before_mandate,Before mandate,protective,Protective behaviour,United_States_before_mandate_protective,United States - Before mandate - Protective behaviour,Comorbidity: Yes,0.006615639917772414,25
Random Forest,United States,before_mandate,Before mandate,protective,Protective behaviour,United_States_before_mandate_protective,United States - Before mandate - Protective behaviour,Employment: Retired,0.006351534778314349,26
Random Forest,United States,before_mandate,Before mandate,protective,Protective behaviour,United_States_before_mandate_protective,United States - Before mandate - Protective behaviour,Isolation Ease: Somewhat Easy,0.006061700044891481,27
Random Forest,United States,before_mandate,Before mandate,protective,Protective behaviour,United_States_before_mandate_protective,United States - Before mandate - Protective behaviour,Gov Response: Somewhat Good,0.005915596017636131,28
Random Forest,United States,before_mandate,Before mandate,protective,Protective behaviour,United_States_before_mandate_protective,United States - Before mandate - Protective behaviour,State: Georgia,0.005770009557705686,29
Random Forest,United States,before_mandate,Before mandate,protective,Protective behaviour,United_States_before_mandate_protective,United States - Before mandate - Protective behaviour,State: Illinois,0.0048782209214884315,30
Random Forest,United States,before_mandate,Before mandate,protective,Protective behaviour,United_States_before_mandate_protective,United States - Before mandate - Protective behaviour,Confidence in the government: Low,0.004640711774036108,31
Random Forest,United States,before_mandate,Before mandate,protective,Protective behaviour,United_States_before_mandate_protective,United States - Before mandate - Protective behaviour,Gov Response: Very Good,0.004458978614747276,32
Random Forest,United States,before_mandate,Before mandate,protective,Protective behaviour,United_States_before_mandate_protective,United States - Before mandate - Protective behaviour,Comorbidity: No,0.004442849714131859,33
Random Forest,United States,before_mandate,Before mandate,protective,Protective behaviour,United_States_before_mandate_protective,United States - Before mandate - Protective behaviour,Isolation Ease: Unsure,0.004358087313476219,34
Random Forest,United States,before_mandate,Before mandate,protective,Protective behaviour,United_States_before_mandate_protective,United States - Before mandate - Protective behaviour,Isolation Ease: Very Difficult,0.003917788338194444,35
Random Forest,United States,before_mandate,Before mandate,protective,Protective behaviour,United_States_before_mandate_protective,United States - Before mandate - Protective behaviour,Employment: Not Working,0.003907854694252529,36
Random Forest,United States,before_mandate,Before mandate,protective,Protective behaviour,United_States_before_mandate_protective,United States - Before mandate - Protective behaviour,Isolation Ease: Neutral,0.003516679018667844,37
Random Forest,United States,before_mandate,Before mandate,protective,Protective behaviour,United_States_before_mandate_protective,United States - Before mandate - Protective behaviour,Confidence in the government: None,0.003475272158760134,38
Random Forest,United States,before_mandate,Before mandate,protective,Protective behaviour,United_States_before_mandate_protective,United States - Before mandate - Protective behaviour,Isolation Willingness: Unsure,0.0033888052767145887,39
Random Forest,United States,before_mandate,Before mandate,protective,Protective behaviour,United_States_before_mandate_protective,United States - Before mandate - Protective behaviour,Isolation Ease: Somewhat Difficult,0.002824537725570855,40
Random Forest,United States,before_mandate,Before mandate,protective,Protective behaviour,United_States_before_mandate_protective,United States - Before mandate - Protective behaviour,Employment: Unemployed,0.002455833289545733,41
Random Forest,United States,before_mandate,Before mandate,protective,Protective behaviour,United_States_before_mandate_protective,United States - Before mandate - Protective behaviour,State: Virginia,0.0018298747434142347,42
Random Forest,United States,before_mandate,Before mandate,protective,Protective behaviour,United_States_before_mandate_protective,United States - Before mandate - Protective behaviour,Employment: Student,0.001695766952197591,43
Random Forest,United States,before_mandate,Before mandate,protective,Protective behaviour,United_States_before_mandate_protective,United States - Before mandate - Protective behaviour,Employment: Part Time,0.0012977008985598166,44
Random Forest,United States,before_mandate,Before mandate,protective,Protective behaviour,United_States_before_mandate_protective,United States - Before mandate - Protective behaviour,State: Michigan,0.0012911628832872914,45
Random Forest,United States,before_mandate,Before mandate,protective,Protective behaviour,United_States_before_mandate_protective,United States - Before mandate - Protective behaviour,State: Missouri,0.0010293484107979564,46
Random Forest,United States,before_mandate,Before mandate,protective,Protective behaviour,United_States_before_mandate_protective,United States - Before mandate - Protective behaviour,State: Tennessee,0.0010088830608003469,47
Random Forest,United States,before_mandate,Before mandate,protective,Protective behaviour,United_States_before_mandate_protective,United States - Before mandate - Protective behaviour,State: New Jersey,0.0009804037641353589,48
Random Forest,United States,before_mandate,Before mandate,protective,Protective behaviour,United_States_before_mandate_protective,United States - Before mandate - Protective behaviour,Employment: Other,0.0009184597066380599,49
Random Forest,United States,before_mandate,Before mandate,protective,Protective behaviour,United_States_before_mandate_protective,United States - Before mandate - Protective behaviour,State: Ohio,0.0008926306134402588,50
Random Forest,United States,before_mandate,Before mandate,protective,Protective behaviour,United_States_before_mandate_protective,United States - Before mandate - Protective behaviour,State: North Dakota,0.0006160394720583216,51
Random Forest,United States,before_mandate,Before mandate,protective,Protective behaviour,United_States_before_mandate_protective,United States - Before mandate - Protective behaviour,State: Oklahoma,0.0006121958637418719,52
Random Forest,United States,before_mandate,Before mandate,protective,Protective behaviour,United_States_before_mandate_protective,United States - Before mandate - Protective behaviour,State: Maine,0.0005819631158804061,53
Random Forest,United States,before_mandate,Before mandate,protective,Protective behaviour,United_States_before_mandate_protective,United States - Before mandate - Protective behaviour,State: Indiana,0.00042476983471637173,54
Random Forest,United States,before_mandate,Before mandate,protective,Protective behaviour,United_States_before_mandate_protective,United States - Before mandate - Protective behaviour,State: Colorado,0.00033399041772869115,55
Random Forest,United States,before_mandate,Before mandate,protective,Protective behaviour,United_States_before_mandate_protective,United States - Before mandate - Protective behaviour,State: Wisconsin,0.0002864312753801129,56
Random Forest,United States,before_mandate,Before mandate,protective,Protective behaviour,United_States_before_mandate_protective,United States - Before mandate - Protective behaviour,State: Arizona,0.0002823926079849727,57
Random Forest,United States,before_mandate,Before mandate,protective,Protective behaviour,United_States_before_mandate_protective,United States - Before mandate - Protective behaviour,State: Pennsylvania,0.0002415745610078014,58
Random Forest,United States,before_mandate,Before mandate,protective,Protective behaviour,United_States_before_mandate_protective,United States - Before mandate - Protective behaviour,State: New Hampshire,0.00023684418909270528,59
Random Forest,United States,before_mandate,Before mandate,protective,Protective behaviour,United_States_before_mandate_protective,United States - Before mandate - Protective behaviour,State: West Virginia,0.000225670204358465,60
Random Forest,United States,before_mandate,Before mandate,protective,Protective behaviour,United_States_before_mandate_protective,United States - Before mandate - Protective behaviour,State: Maryland,0.0001837657557081356,61
Random Forest,United States,before_mandate,Before mandate,protective,Protective behaviour,United_States_before_mandate_protective,United States - Before mandate - Protective behaviour,Comorbidity: Prefer Not Say,0.00017580142057769063,62
Random Forest,United States,before_mandate,Before mandate,protective,Protective behaviour,United_States_before_mandate_protective,United States - Before mandate - Protective behaviour,State: Kansas,6.268991891049729e-05,63
Random Forest,United States,before_mandate,Before mandate,protective,Protective behaviour,United_States_before_mandate_protective,United States - Before mandate - Protective behaviour,State: Iowa,5.899176743034684e-05,64
Random Forest,United States,before_mandate,Before mandate,protective,Protective behaviour,United_States_before_mandate_protective,United States - Before mandate - Protective behaviour,State: Idaho,4.197265101032329e-05,65
Random Forest,United States,before_mandate,Before mandate,protective,Protective behaviour,United_States_before_mandate_protective,United States - Before mandate - Protective behaviour,State: Nebraska,2.049985912509699e-05,66
Random Forest,United States,before_mandate,Before mandate,protective,Protective behaviour,United_States_before_mandate_protective,United States - Before mandate - Protective behaviour,State: Kentucky,5.214812988733425e-06,67
Random Forest,United States,before_mandate,Before mandate,protective,Protective behaviour,United_States_before_mandate_protective,United States - Before mandate - Protective behaviour,State: Alaska,0.0,68
Random Forest,United States,before_mandate,Before mandate,protective,Protective behaviour,United_States_before_mandate_protective,United States - Before mandate - Protective behaviour,State: Arkansas,0.0,69
Random Forest,United States,before_mandate,Before mandate,protective,Protective behaviour,United_States_before_mandate_protective,United States - Before mandate - Protective behaviour,State: Louisiana,0.0,70
Random Forest,United States,before_mandate,Before mandate,protective,Protective behaviour,United_States_before_mandate_protective,United States - Before mandate - Protective behaviour,State: Connecticut,0.0,71
Random Forest,United States,before_mandate,Before mandate,protective,Protective behaviour,United_States_before_mandate_protective,United States - Before mandate - Protective behaviour,State: Florida,0.0,72
Random Forest,United States,before_mandate,Before mandate,protective,Protective behaviour,United_States_before_mandate_protective,United States - Before mandate - Protective behaviour,State: California,0.0,73
Random Forest,United States,before_mandate,Before mandate,protective,Protective behaviour,United_States_before_mandate_protective,United States - Before mandate - Protective behaviour,State: Delaware,0.0,74
Random Forest,United States,before_mandate,Before mandate,protective,Protective behaviour,United_States_before_mandate_protective,United States - Before mandate - Protective behaviour,State: Hawaii,0.0,75
Random Forest,United States,before_mandate,Before mandate,protective,Protective behaviour,United_States_before_mandate_protective,United States - Before mandate - Protective behaviour,State: Wyoming,0.0,76
Random Forest,United States,before_mandate,Before mandate,protective,Protective behaviour,United_States_before_mandate_protective,United States - Before mandate - Protective behaviour,State: Vermont,0.0,77
Random Forest,United States,before_mandate,Before mandate,protective,Protective behaviour,United_States_before_mandate_protective,United States - Before mandate - Protective behaviour,State: Montana,0.0,78
Random Forest,United States,before_mandate,Before mandate,protective,Protective behaviour,United_States_before_mandate_protective,United States - Before mandate - Protective behaviour,State: Nevada,0.0,79
Random Forest,United States,before_mandate,Before mandate,protective,Protective behaviour,United_States_before_mandate_protective,United States - Before mandate - Protective behaviour,State: Washington,0.0,80
Random Forest,United States,before_mandate,Before mandate,protective,Protective behaviour,United_States_before_mandate_protective,United States - Before mandate - Protective behaviour,State: Washington DC,0.0,81
Random Forest,United States,before_mandate,Before mandate,protective,Protective behaviour,United_States_before_mandate_protective,United States - Before mandate - Protective behaviour,State: South Carolina,0.0,82
Random Forest,United States,before_mandate,Before mandate,protective,Protective behaviour,United_States_before_mandate_protective,United States - Before mandate - Protective behaviour,State: South Dakota,0.0,83
Random Forest,United States,before_mandate,Before mandate,protective,Protective behaviour,United_States_before_mandate_protective,United States - Before mandate - Protective behaviour,State: Texas,0.0,84
Random Forest,United States,before_mandate,Before mandate,protective,Protective behaviour,United_States_before_mandate_protective,United States - Before mandate - Protective behaviour,State: Utah,0.0,85
Random Forest,United States,before_mandate,Before mandate,protective,Protective behaviour,United_States_before_mandate_protective,United States - Before mandate - Protective behaviour,State: Oregon,0.0,86
Random Forest,United States,before_mandate,Before mandate,protective,Protective behaviour,United_States_before_mandate_protective,United States - Before mandate - Protective behaviour,State: Rhode Island,0.0,87
Random Forest,United States,before_mandate,Before mandate,protective,Protective behaviour,United_States_before_mandate_protective,United States - Before mandate - Protective behaviour,State: Minnesota,0.0,88
Random Forest,United States,before_mandate,Before mandate,protective,Protective behaviour,United_States_before_mandate_protective,United States - Before mandate - Protective behaviour,State: Mississippi,0.0,89
Random Forest,United States,before_mandate,Before mandate,protective,Protective behaviour,United_States_before_mandate_protective,United States - Before mandate - Protective behaviour,State: Massachusetts,0.0,90
Random Forest,United States,before_mandate,Before mandate,protective,Protective behaviour,United_States_before_mandate_protective,United States - Before mandate - Protective behaviour,State: New Mexico,0.0,91
Random Forest,United States,before_mandate,Before mandate,protective,Protective behaviour,United_States_before_mandate_protective,United States - Before mandate - Protective behaviour,State: New York,0.0,92
Random Forest,United States,before_mandate,Before mandate,protective,Protective behaviour,United_States_before_mandate_protective,United States - Before mandate - Protective behaviour,State: North Carolina,0.0,93
Random Forest,United States,after_mandate,After mandate,mask,Face mask wearing,United_States_after_mandate_mask,United States - After mandate - Face mask wearing,Non-Mask Protective Behavior Score,0.30076615280575814,1
Random Forest,United States,after_mandate,After mandate,mask,Face mask wearing,United_States_after_mandate_mask,United States - After mandate - Face mask wearing,Week,0.1100658349339865,2
Random Forest,United States,after_mandate,After mandate,mask,Face mask wearing,United_States_after_mandate_mask,United States - After mandate - Face mask wearing,COVID Severity,0.07509320235945936,3
Random Forest,United States,after_mandate,After mandate,mask,Face mask wearing,United_States_after_mandate_mask,United States - After mandate - Face mask wearing,Age,0.05703660602360203,4
Random Forest,United States,after_mandate,After mandate,mask,Face mask wearing,United_States_after_mandate_mask,United States - After mandate - Face mask wearing,Physical contact count (with stranger),0.046632153467771484,5
Random Forest,United States,after_mandate,After mandate,mask,Face mask wearing,United_States_after_mandate_mask,United States - After mandate - Face mask wearing,Handwashing Count,0.03795118380368753,6
Random Forest,United States,after_mandate,After mandate,mask,Face mask wearing,United_States_after_mandate_mask,United States - After mandate - Face mask wearing,Isolation Willingness: Very Willing,0.0355957290478078,7
Random Forest,United States,after_mandate,After mandate,mask,Face mask wearing,United_States_after_mandate_mask,United States - After mandate - Face mask wearing,COVID Life Impact,0.02951889207215727,8
Random Forest,United States,after_mandate,After mandate,mask,Face mask wearing,United_States_after_mandate_mask,United States - After mandate - Face mask wearing,Outings count,0.025546386558880117,9
Random Forest,United States,after_mandate,After mandate,mask,Face mask wearing,United_States_after_mandate_mask,United States - After mandate - Face mask wearing,COVID Infection Risk,0.024444203933996544,10
Random Forest,United States,after_mandate,After mandate,mask,Face mask wearing,United_States_after_mandate_mask,United States - After mandate - Face mask wearing,Health Motivation,0.02393805129739919,11
Random Forest,United States,after_mandate,After mandate,mask,Face mask wearing,United_States_after_mandate_mask,United States - After mandate - Face mask wearing,Household Size,0.02087195726997492,12
Random Forest,United States,after_mandate,After mandate,mask,Face mask wearing,United_States_after_mandate_mask,United States - After mandate - Face mask wearing,Confidence in the government: None,0.015572436063742725,13
Random Forest,United States,after_mandate,After mandate,mask,Face mask wearing,United_States_after_mandate_mask,United States - After mandate - Face mask wearing,Symptom Isolation: Yes,0.011785730341332205,14
Random Forest,United States,after_mandate,After mandate,mask,Face mask wearing,United_States_after_mandate_mask,United States - After mandate - Face mask wearing,Is a male?,0.010340226995699538,15
Random Forest,United States,after_mandate,After mandate,mask,Face mask wearing,United_States_after_mandate_mask,United States - After mandate - Face mask wearing,Symptom Isolation: Unsure,0.008361642567490593,16
Random Forest,United States,after_mandate,After mandate,mask,Face mask wearing,United_States_after_mandate_mask,United States - After mandate - Face mask wearing,Gov Response: Somewhat Good,0.00820172141012354,17
Random Forest,United States,after_mandate,After mandate,mask,Face mask wearing,United_States_after_mandate_mask,United States - After mandate - Face mask wearing,Comorbidity: Yes,0.007449790321416217,18
Random Forest,United States,after_mandate,After mandate,mask,Face mask wearing,United_States_after_mandate_mask,United States - After mandate - Face mask wearing,Gov Response: Very Bad,0.0070044120813500645,19
Random Forest,United States,after_mandate,After mandate,mask,Face mask wearing,United_States_after_mandate_mask,United States - After mandate - Face mask wearing,Isolation Ease: Very Easy,0.006731216208121699,20
Random Forest,United States,after_mandate,After mandate,mask,Face mask wearing,United_States_after_mandate_mask,United States - After mandate - Face mask wearing,Confidence in the government: Low,0.00671678618695527,21
Random Forest,United States,after_mandate,After mandate,mask,Face mask wearing,United_States_after_mandate_mask,United States - After mandate - Face mask wearing,Comorbidity: No,0.00629189736942326,22
Random Forest,United States,after_mandate,After mandate,mask,Face mask wearing,United_States_after_mandate_mask,United States - After mandate - Face mask wearing,Isolation Ease: Somewhat Easy,0.0059108997161049694,23
Random Forest,United States,after_mandate,After mandate,mask,Face mask wearing,United_States_after_mandate_mask,United States - After mandate - Face mask wearing,Isolation Willingness: Somewhat Willing,0.005690973402245958,24
Random Forest,United States,after_mandate,After mandate,mask,Face mask wearing,United_States_after_mandate_mask,United States - After mandate - Face mask wearing,State: California,0.005659750452088565,25
Random Forest,United States,after_mandate,After mandate,mask,Face mask wearing,United_States_after_mandate_mask,United States - After mandate - Face mask wearing,Confidence in the government: High,0.0054382592193891145,26
Random Forest,United States,after_mandate,After mandate,mask,Face mask wearing,United_States_after_mandate_mask,United States - After mandate - Face mask wearing,Gov Response: Somewhat Bad,0.005385114163754673,27
Random Forest,United States,after_mandate,After mandate,mask,Face mask wearing,United_States_after_mandate_mask,United States - After mandate - Face mask wearing,Isolation Willingness: Neutral,0.005165517816788683,28
Random Forest,United States,after_mandate,After mandate,mask,Face mask wearing,United_States_after_mandate_mask,United States - After mandate - Face mask wearing,Employment: Retired,0.0051148061815805175,29
Random Forest,United States,after_mandate,After mandate,mask,Face mask wearing,United_States_after_mandate_mask,United States - After mandate - Face mask wearing,Symptom Isolation: No,0.005040201798419872,30
Random Forest,United States,after_mandate,After mandate,mask,Face mask wearing,United_States_after_mandate_mask,United States - After mandate - Face mask wearing,Isolation Willingness: Very Unwilling,0.004840827161346261,31
Random Forest,United States,after_mandate,After mandate,mask,Face mask wearing,United_States_after_mandate_mask,United States - After mandate - Face mask wearing,Employment: Not Working,0.004750800645560526,32
Random Forest,United States,after_mandate,After mandate,mask,Face mask wearing,United_States_after_mandate_mask,United States - After mandate - Face mask wearing,Gov Response: Very Good,0.004721042748787729,33
Random Forest,United States,after_mandate,After mandate,mask,Face mask wearing,United_States_after_mandate_mask,United States - After mandate - Face mask wearing,Isolation Ease: Neutral,0.004365066069584202,34
Random Forest,United States,after_mandate,After mandate,mask,Face mask wearing,United_States_after_mandate_mask,United States - After mandate - Face mask wearing,Employment: Part Time,0.004142185805728637,35
Random Forest,United States,after_mandate,After mandate,mask,Face mask wearing,United_States_after_mandate_mask,United States - After mandate - Face mask wearing,State: New York,0.004113805586226682,36
Random Forest,United States,after_mandate,After mandate,mask,Face mask wearing,United_States_after_mandate_mask,United States - After mandate - Face mask wearing,State: Pennsylvania,0.0034019782376939786,37
Random Forest,United States,after_mandate,After mandate,mask,Face mask wearing,United_States_after_mandate_mask,United States - After mandate - Face mask wearing,Isolation Willingness: Somewhat Unwilling,0.00323659612689746,38
Random Forest,United States,after_mandate,After mandate,mask,Face mask wearing,United_States_after_mandate_mask,United States - After mandate - Face mask wearing,Employment: Unemployed,0.0031822835184859887,39
Random Forest,United States,after_mandate,After mandate,mask,Face mask wearing,United_States_after_mandate_mask,United States - After mandate - Face mask wearing,Confidence in the government: Unknown,0.002974588564511738,40
Random Forest,United States,after_mandate,After mandate,mask,Face mask wearing,United_States_after_mandate_mask,United States - After mandate - Face mask wearing,State: Florida,0.0029471720771502745,41
Random Forest,United States,after_mandate,After mandate,mask,Face mask wearing,United_States_after_mandate_mask,United States - After mandate - Face mask wearing,Isolation Ease: Somewhat Difficult,0.0028661441996531566,42
Random Forest,United States,after_mandate,After mandate,mask,Face mask wearing,United_States_after_mandate_mask,United States - After mandate - Face mask wearing,Isolation Ease: Very Difficult,0.002765323561586198,43
Random Forest,United States,after_mandate,After mandate,mask,Face mask wearing,United_States_after_mandate_mask,United States - After mandate - Face mask wearing,State: Texas,0.0026131211674706983,44
Random Forest,United States,after_mandate,After mandate,mask,Face mask wearing,United_States_after_mandate_mask,United States - After mandate - Face mask wearing,State: Ohio,0.002502464178996028,45
Random Forest,United States,after_mandate,After mandate,mask,Face mask wearing,United_States_after_mandate_mask,United States - After mandate - Face mask wearing,State: Minnesota,0.0020511246364457586,46
Random Forest,United States,after_mandate,After mandate,mask,Face mask wearing,United_States_after_mandate_mask,United States - After mandate - Face mask wearing,Employment: Student,0.0019470121130270054,47
Random Forest,United States,after_mandate,After mandate,mask,Face mask wearing,United_States_after_mandate_mask,United States - After mandate - Face mask wearing,State: Illinois,0.0013317079231301493,48
Random Forest,United States,after_mandate,After mandate,mask,Face mask wearing,United_States_after_mandate_mask,United States - After mandate - Face mask wearing,State: Tennessee,0.0011572267766296483,49
Random Forest,United States,after_mandate,After mandate,mask,Face mask wearing,United_States_after_mandate_mask,United States - After mandate - Face mask wearing,State: Arkansas,0.0011471840644555215,50
Random Forest,United States,after_mandate,After mandate,mask,Face mask wearing,United_States_after_mandate_mask,United States - After mandate - Face mask wearing,State: New Jersey,0.0011426630365499414,51
Random Forest,United States,after_mandate,After mandate,mask,Face mask wearing,United_States_after_mandate_mask,United States - After mandate - Face mask wearing,State: Indiana,0.0009845147534130224,52
Random Forest,United States,after_mandate,After mandate,mask,Face mask wearing,United_States_after_mandate_mask,United States - After mandate - Face mask wearing,Isolation Willingness: Unsure,0.0009822193010054939,53
Random Forest,United States,after_mandate,After mandate,mask,Face mask wearing,United_States_after_mandate_mask,United States - After mandate - Face mask wearing,State: Washington,0.0009399234029769285,54
Random Forest,United States,after_mandate,After mandate,mask,Face mask wearing,United_States_after_mandate_mask,United States - After mandate - Face mask wearing,State: Virginia,0.0009315791658955435,55
Random Forest,United States,after_mandate,After mandate,mask,Face mask wearing,United_States_after_mandate_mask,United States - After mandate - Face mask wearing,State: Michigan,0.0008828729897268103,56
Random Forest,United States,after_mandate,After mandate,mask,Face mask wearing,United_States_after_mandate_mask,United States - After mandate - Face mask wearing,Isolation Ease: Unsure,0.0008173939261264323,57
Random Forest,United States,after_mandate,After mandate,mask,Face mask wearing,United_States_after_mandate_mask,United States - After mandate - Face mask wearing,State: Oregon,0.0007719949058877898,58
Random Forest,United States,after_mandate,After mandate,mask,Face mask wearing,United_States_after_mandate_mask,United States - After mandate - Face mask wearing,State: Kentucky,0.0007563739709552849,59
Random Forest,United States,after_mandate,After mandate,mask,Face mask wearing,United_States_after_mandate_mask,United States - After mandate - Face mask wearing,State: Oklahoma,0.0007557908482238514,60
Random Forest,United States,after_mandate,After mandate,mask,Face mask wearing,United_States_after_mandate_mask,United States - After mandate - Face mask wearing,State: Louisiana,0.0007457549050587631,61
Random Forest,United States,after_mandate,After mandate,mask,Face mask wearing,United_States_after_mandate_mask,United States - After mandate - Face mask wearing,State: Missouri,0.0007243843327149758,62
Random Forest,United States,after_mandate,After mandate,mask,Face mask wearing,United_States_after_mandate_mask,United States - After mandate - Face mask wearing,State: Arizona,0.0007221268674132206,63
Random Forest,United States,after_mandate,After mandate,mask,Face mask wearing,United_States_after_mandate_mask,United States - After mandate - Face mask wearing,State: Wisconsin,0.0007192491567164279,64
Random Forest,United States,after_mandate,After mandate,mask,Face mask wearing,United_States_after_mandate_mask,United States - After mandate - Face mask wearing,Comorbidity: Prefer Not Say,0.0005986348242945707,65
Random Forest,United States,after_mandate,After mandate,mask,Face mask wearing,United_States_after_mandate_mask,United States - After mandate - Face mask wearing,State: South Carolina,0.0005730946115371441,66
Random Forest,United States,after_mandate,After mandate,mask,Face mask wearing,United_States_after_mandate_mask,United States - After mandate - Face mask wearing,State: Massachusetts,0.0005469498013252821,67
Random Forest,United States,after_mandate,After mandate,mask,Face mask wearing,United_States_after_mandate_mask,United States - After mandate - Face mask wearing,State: Kansas,0.0005248516496533759,68
Random Forest,United States,after_mandate,After mandate,mask,Face mask wearing,United_States_after_mandate_mask,United States - After mandate - Face mask wearing,State: Colorado,0.0005060639377574561,69
Random Forest,United States,after_mandate,After mandate,mask,Face mask wearing,United_States_after_mandate_mask,United States - After mandate - Face mask wearing,State: Nebraska,0.000466513412537227,70
Random Forest,United States,after_mandate,After mandate,mask,Face mask wearing,United_States_after_mandate_mask,United States - After mandate - Face mask wearing,State: North Carolina,0.00046244702246976205,71
Random Forest,United States,after_mandate,After mandate,mask,Face mask wearing,United_States_after_mandate_mask,United States - After mandate - Face mask wearing,State: Utah,0.0004307511368740864,72
Random Forest,United States,after_mandate,After mandate,mask,Face mask wearing,United_States_after_mandate_mask,United States - After mandate - Face mask wearing,Employment: Other,0.0004232440317853448,73
Random Forest,United States,after_mandate,After mandate,mask,Face mask wearing,United_States_after_mandate_mask,United States - After mandate - Face mask wearing,State: Mississippi,0.0003935629011515297,74
Random Forest,United States,after_mandate,After mandate,mask,Face mask wearing,United_States_after_mandate_mask,United States - After mandate - Face mask wearing,State: Montana,0.00037079233498779423,75
Random Forest,United States,after_mandate,After mandate,mask,Face mask wearing,United_States_after_mandate_mask,United States - After mandate - Face mask wearing,State: Washington DC,0.00036001304349065374,76
Random Forest,United States,after_mandate,After mandate,mask,Face mask wearing,United_States_after_mandate_mask,United States - After mandate - Face mask wearing,State: Nevada,0.00027905409134930804,77
Random Forest,United States,after_mandate,After mandate,mask,Face mask wearing,United_States_after_mandate_mask,United States - After mandate - Face mask wearing,State: Maryland,0.00027486169791599957,78
Random Forest,United States,after_mandate,After mandate,mask,Face mask wearing,United_States_after_mandate_mask,United States - After mandate - Face mask wearing,State: Iowa,0.000242199113850888,79
Random Forest,United States,after_mandate,After mandate,mask,Face mask wearing,United_States_after_mandate_mask,United States - After mandate - Face mask wearing,State: New Mexico,0.00023660858476537774,80
Random Forest,United States,after_mandate,After mandate,mask,Face mask wearing,United_States_after_mandate_mask,United States - After mandate - Face mask wearing,State: Connecticut,0.00020007125314499177,81
Random Forest,United States,after_mandate,After mandate,mask,Face mask wearing,United_States_after_mandate_mask,United States - After mandate - Face mask wearing,State: Rhode Island,0.00018707475349831278,82
Random Forest,United States,after_mandate,After mandate,mask,Face mask wearing,United_States_after_mandate_mask,United States - After mandate - Face mask wearing,State: Vermont,0.0001664155835065077,83
Random Forest,United States,after_mandate,After mandate,mask,Face mask wearing,United_States_after_mandate_mask,United States - After mandate - Face mask wearing,State: Idaho,0.00013815297272756224,84
Random Forest,United States,after_mandate,After mandate,mask,Face mask wearing,United_States_after_mandate_mask,United States - After mandate - Face mask wearing,State: Maine,0.00011749685132866959,85
Random Forest,United States,after_mandate,After mandate,mask,Face mask wearing,United_States_after_mandate_mask,United States - After mandate - Face mask wearing,State: West Virginia,0.00011085802223747745,86
Random Forest,United States,after_mandate,After mandate,mask,Face mask wearing,United_States_after_mandate_mask,United States - After mandate - Face mask wearing,State: Wyoming,6.472034698617784e-05,87
Random Forest,United States,after_mandate,After mandate,mask,Face mask wearing,United_States_after_mandate_mask,United States - After mandate - Face mask wearing,State: Delaware,2.389274389152482e-05,88
Random Forest,United States,after_mandate,After mandate,mask,Face mask wearing,United_States_after_mandate_mask,United States - After mandate - Face mask wearing,State: South Dakota,1.851801849427247e-05,89
Random Forest,United States,after_mandate,After mandate,mask,Face mask wearing,United_States_after_mandate_mask,United States - After mandate - Face mask wearing,State: North Dakota,1.5223717564731672e-05,90
Random Forest,United States,after_mandate,After mandate,mask,Face mask wearing,United_States_after_mandate_mask,United States - After mandate - Face mask wearing,State: Alaska,1.170094433350364e-05,91
Random Forest,United States,after_mandate,After mandate,mask,Face mask wearing,United_States_after_mandate_mask,United States - After mandate - Face mask wearing,State: Hawaii,0.0,92
Random Forest,United States,after_mandate,After mandate,mask,Face mask wearing,United_States_after_mandate_mask,United States - After mandate - Face mask wearing,State: Georgia,0.0,93
Random Forest,United States,after_mandate,After mandate,mask,Face mask wearing,United_States_after_mandate_mask,United States - After mandate - Face mask wearing,State: New Hampshire,0.0,94
Random Forest,United States,after_mandate,After mandate,protective,Protective behaviour,United_States_after_mandate_protective,United States - After mandate - Protective behaviour,COVID Severity,0.15550679374254267,1
Random Forest,United States,after_mandate,After mandate,protective,Protective behaviour,United_States_after_mandate_protective,United States - After mandate - Protective behaviour,Physical contact count (with stranger),0.11585784484974203,2
Random Forest,United States,after_mandate,After mandate,protective,Protective behaviour,United_States_after_mandate_protective,United States - After mandate - Protective behaviour,Isolation Willingness: Very Willing,0.09573968515258575,3
Random Forest,United States,after_mandate,After mandate,protective,Protective behaviour,United_States_after_mandate_protective,United States - After mandate - Protective behaviour,Week,0.07925363208249299,4
Random Forest,United States,after_mandate,After mandate,protective,Protective behaviour,United_States_after_mandate_protective,United States - After mandate - Protective behaviour,Handwashing Count,0.05143917256005201,5
Random Forest,United States,after_mandate,After mandate,protective,Protective behaviour,United_States_after_mandate_protective,United States - After mandate - Protective behaviour,Outings count,0.04940549035979243,6
Random Forest,United States,after_mandate,After mandate,protective,Protective behaviour,United_States_after_mandate_protective,United States - After mandate - Protective behaviour,Age,0.04195880466232882,7
Random Forest,United States,after_mandate,After mandate,protective,Protective behaviour,United_States_after_mandate_protective,United States - After mandate - Protective behaviour,COVID Life Impact,0.039199811821181596,8
Random Forest,United States,after_mandate,After mandate,protective,Protective behaviour,United_States_after_mandate_protective,United States - After mandate - Protective behaviour,Symptom Isolation: Yes,0.03384906155854011,9
Random Forest,United States,after_mandate,After mandate,protective,Protective behaviour,United_States_after_mandate_protective,United States - After mandate - Protective behaviour,Health Motivation,0.027590140985509413,10
Random Forest,United States,after_mandate,After mandate,protective,Protective behaviour,United_States_after_mandate_protective,United States - After mandate - Protective behaviour,COVID Infection Risk,0.026113883467067438,11
Random Forest,United States,after_mandate,After mandate,protective,Protective behaviour,United_States_after_mandate_protective,United States - After mandate - Protective behaviour,Household Size,0.019412913011086254,12
Random Forest,United States,after_mandate,After mandate,protective,Protective behaviour,United_States_after_mandate_protective,United States - After mandate - Protective behaviour,Symptom Isolation: Unsure,0.018165399825706554,13
Random Forest,United States,after_mandate,After mandate,protective,Protective behaviour,United_States_after_mandate_protective,United States - After mandate - Protective behaviour,Isolation Willingness: Neutral,0.017422019577063446,14
Random Forest,United States,after_mandate,After mandate,protective,Protective behaviour,United_States_after_mandate_protective,United States - After mandate - Protective behaviour,Isolation Willingness: Very Unwilling,0.01491000694527206,15
Random Forest,United States,after_mandate,After mandate,protective,Protective behaviour,United_States_after_mandate_protective,United States - After mandate - Protective behaviour,Confidence in the government: None,0.01378193374795869,16
Random Forest,United States,after_mandate,After mandate,protective,Protective behaviour,United_States_after_mandate_protective,United States - After mandate - Protective behaviour,Isolation Willingness: Somewhat Willing,0.011914050435986473,17
Random Forest,United States,after_mandate,After mandate,protective,Protective behaviour,United_States_after_mandate_protective,United States - After mandate - Protective behaviour,Isolation Ease: Very Easy,0.011824182232561002,18
Random Forest,United States,after_mandate,After mandate,protective,Protective behaviour,United_States_after_mandate_protective,United States - After mandate - Protective behaviour,Confidence in the government: High,0.01122170977314259,19
Random Forest,United States,after_mandate,After mandate,protective,Protective behaviour,United_States_after_mandate_protective,United States - After mandate - Protective behaviour,Symptom Isolation: No,0.010839932419119583,20
Random Forest,United States,after_mandate,After mandate,protective,Protective behaviour,United_States_after_mandate_protective,United States - After mandate - Protective behaviour,Isolation Willingness: Somewhat Unwilling,0.0100711082724968,21
Random Forest,United States,after_mandate,After mandate,protective,Protective behaviour,United_States_after_mandate_protective,United States - After mandate - Protective behaviour,Gov Response: Very Bad,0.009008208033238613,22
Random Forest,United States,after_mandate,After mandate,protective,Protective behaviour,United_States_after_mandate_protective,United States - After mandate - Protective behaviour,Is a male?,0.008474217926012028,23
Random Forest,United States,after_mandate,After mandate,protective,Protective behaviour,United_States_after_mandate_protective,United States - After mandate - Protective behaviour,Gov Response: Somewhat Good,0.007846645394627936,24
Random Forest,United States,after_mandate,After mandate,protective,Protective behaviour,United_States_after_mandate_protective,United States - After mandate - Protective behaviour,Comorbidity: Yes,0.007562828143590607,25
Random Forest,United States,after_mandate,After mandate,protective,Protective behaviour,United_States_after_mandate_protective,United States - After mandate - Protective behaviour,Gov Response: Very Good,0.006910032923727968,26
Random Forest,United States,after_mandate,After mandate,protective,Protective behaviour,United_States_after_mandate_protective,United States - After mandate - Protective behaviour,Comorbidity: No,0.006684536732918511,27
Random Forest,United States,after_mandate,After mandate,protective,Protective behaviour,United_States_after_mandate_protective,United States - After mandate - Protective behaviour,Confidence in the government: Low,0.0061047040951675,28
Random Forest,United States,after_mandate,After mandate,protective,Protective behaviour,United_States_after_mandate_protective,United States - After mandate - Protective behaviour,Gov Response: Somewhat Bad,0.005991625904242207,29
Random Forest,United States,after_mandate,After mandate,protective,Protective behaviour,United_States_after_mandate_protective,United States - After mandate - Protective behaviour,Employment: Retired,0.005775571785521587,30
Random Forest,United States,after_mandate,After mandate,protective,Protective behaviour,United_States_after_mandate_protective,United States - After mandate - Protective behaviour,Isolation Ease: Somewhat Easy,0.0056501588002529175,31
Random Forest,United States,after_mandate,After mandate,protective,Protective behaviour,United_States_after_mandate_protective,United States - After mandate - Protective behaviour,State: California,0.005361759759177411,32
Random Forest,United States,after_mandate,After mandate,protective,Protective behaviour,United_States_after_mandate_protective,United States - After mandate - Protective behaviour,Isolation Ease: Neutral,0.004975969416365404,33
Random Forest,United States,after_mandate,After mandate,protective,Protective behaviour,United_States_after_mandate_protective,United States - After mandate - Protective behaviour,Employment: Part Time,0.004555820529544657,34
Random Forest,United States,after_mandate,After mandate,protective,Protective behaviour,United_States_after_mandate_protective,United States - After mandate - Protective behaviour,Employment: Not Working,0.004472479713688742,35
Random Forest,United States,after_mandate,After mandate,protective,Protective behaviour,United_States_after_mandate_protective,United States - After mandate - Protective behaviour,State: New York,0.004309470628123888,36
Random Forest,United States,after_mandate,After mandate,protective,Protective behaviour,United_States_after_mandate_protective,United States - After mandate - Protective behaviour,Isolation Ease: Somewhat Difficult,0.003997184424413675,37
Random Forest,United States,after_mandate,After mandate,protective,Protective behaviour,United_States_after_mandate_protective,United States - After mandate - Protective behaviour,Isolation Ease: Very Difficult,0.0038649632963962165,38
Random Forest,United States,after_mandate,After mandate,protective,Protective behaviour,United_States_after_mandate_protective,United States - After mandate - Protective behaviour,Employment: Unemployed,0.00324414053873565,39
Random Forest,United States,after_mandate,After mandate,protective,Protective behaviour,United_States_after_mandate_protective,United States - After mandate - Protective behaviour,Employment: Student,0.0030754475958755,40
Random Forest,United States,after_mandate,After mandate,protective,Protective behaviour,United_States_after_mandate_protective,United States - After mandate - Protective behaviour,Isolation Ease: Unsure,0.0028440157585873684,41
Random Forest,United States,after_mandate,After mandate,protective,Protective behaviour,United_States_after_mandate_protective,United States - After mandate - Protective behaviour,State: Texas,0.0027188390607786233,42
Random Forest,United States,after_mandate,After mandate,protective,Protective behaviour,United_States_after_mandate_protective,United States - After mandate - Protective behaviour,State: Florida,0.0026496314065664927,43
Random Forest,United States,after_mandate,After mandate,protective,Protective behaviour,United_States_after_mandate_protective,United States - After mandate - Protective behaviour,Confidence in the government: Unknown,0.0025438673491832427,44
Random Forest,United States,after_mandate,After mandate,protective,Protective behaviour,United_States_after_mandate_protective,United States - After mandate - Protective behaviour,Isolation Willingness: Unsure,0.002154988681288543,45
Random Forest,United States,after_mandate,After mandate,protective,Protective behaviour,United_States_after_mandate_protective,United States - After mandate - Protective behaviour,State: Pennsylvania,0.0021002104354443537,46
Random Forest,United States,after_mandate,After mandate,protective,Protective behaviour,United_States_after_mandate_protective,United States - After mandate - Protective behaviour,State: New Jersey,0.0015947054342841272,47
Random Forest,United States,after_mandate,After mandate,protective,Protective behaviour,United_States_after_mandate_protective,United States - After mandate - Protective behaviour,State: Ohio,0.0014904071962672466,48
Random Forest,United States,after_mandate,After mandate,protective,Protective behaviour,United_States_after_mandate_protective,United States - After mandate - Protective behaviour,State: Washington,0.0012321608081373823,49
Random Forest,United States,after_mandate,After mandate,protective,Protective behaviour,United_States_after_mandate_protective,United States - After mandate - Protective behaviour,State: Arizona,0.0010287059068524841,50
Random Forest,United States,after_mandate,After mandate,protective,Protective behaviour,United_States_after_mandate_protective,United States - After mandate - Protective behaviour,State: North Carolina,0.0010026771713935961,51
Random Forest,United States,after_mandate,After mandate,protective,Protective behaviour,United_States_after_mandate_protective,United States - After mandate - Protective behaviour,State: Illinois,0.0009500020831496373,52
Random Forest,United States,after_mandate,After mandate,protective,Protective behaviour,United_States_after_mandate_protective,United States - After mandate - Protective behaviour,State: Michigan,0.0009258921513037135,53
Random Forest,United States,after_mandate,After mandate,protective,Protective behaviour,United_States_after_mandate_protective,United States - After mandate - Protective behaviour,Employment: Other,0.0008475303064363627,54
Random Forest,United States,after_mandate,After mandate,protective,Protective behaviour,United_States_after_mandate_protective,United States - After mandate - Protective behaviour,State: Indiana,0.0008425465254646041,55
Random Forest,United States,after_mandate,After mandate,protective,Protective behaviour,United_States_after_mandate_protective,United States - After mandate - Protective behaviour,State: Minnesota,0.0007537098982546202,56
Random Forest,United States,after_mandate,After mandate,protective,Protective behaviour,United_States_after_mandate_protective,United States - After mandate - Protective behaviour,State: Virginia,0.0006880871874458484,57
Random Forest,United States,after_mandate,After mandate,protective,Protective behaviour,United_States_after_mandate_protective,United States - After mandate - Protective behaviour,State: Wisconsin,0.0006640621887320005,58
Random Forest,United States,after_mandate,After mandate,protective,Protective behaviour,United_States_after_mandate_protective,United States - After mandate - Protective behaviour,State: Arkansas,0.0006582827614591494,59
Random Forest,United States,after_mandate,After mandate,protective,Protective behaviour,United_States_after_mandate_protective,United States - After mandate - Protective behaviour,State: Kentucky,0.0006514919003126544,60
Random Forest,United States,after_mandate,After mandate,protective,Protective behaviour,United_States_after_mandate_protective,United States - After mandate - Protective behaviour,State: Missouri,0.0006109718251791704,61
Random Forest,United States,after_mandate,After mandate,protective,Protective behaviour,United_States_after_mandate_protective,United States - After mandate - Protective behaviour,State: Massachusetts,0.0006105525856019108,62
Random Forest,United States,after_mandate,After mandate,protective,Protective behaviour,United_States_after_mandate_protective,United States - After mandate - Protective behaviour,State: Colorado,0.000524955782285518,63
Random Forest,United States,after_mandate,After mandate,protective,Protective behaviour,United_States_after_mandate_protective,United States - After mandate - Protective behaviour,State: South Carolina,0.000511562048282761,64
Random Forest,United States,after_mandate,After mandate,protective,Protective behaviour,United_States_after_mandate_protective,United States - After mandate - Protective behaviour,State: Tennessee,0.0004841825886916644,65
Random Forest,United States,after_mandate,After mandate,protective,Protective behaviour,United_States_after_mandate_protective,United States - After mandate - Protective behaviour,State: Nevada,0.00045931848427370963,66
Random Forest,United States,after_mandate,After mandate,protective,Protective behaviour,United_States_after_mandate_protective,United States - After mandate - Protective behaviour,Comorbidity: Prefer Not Say,0.00044104608482114057,67
Random Forest,United States,after_mandate,After mandate,protective,Protective behaviour,United_States_after_mandate_protective,United States - After mandate - Protective behaviour,State: Oregon,0.0004049019612015615,68
Random Forest,United States,after_mandate,After mandate,protective,Protective behaviour,United_States_after_mandate_protective,United States - After mandate - Protective behaviour,State: Louisiana,0.00038496707901161306,69
Random Forest,United States,after_mandate,After mandate,protective,Protective behaviour,United_States_after_mandate_protective,United States - After mandate - Protective behaviour,State: West Virginia,0.0003791386971718272,70
Random Forest,United States,after_mandate,After mandate,protective,Protective behaviour,United_States_after_mandate_protective,United States - After mandate - Protective behaviour,State: Oklahoma,0.0003739539539492106,71
Random Forest,United States,after_mandate,After mandate,protective,Protective behaviour,United_States_after_mandate_protective,United States - After mandate - Protective behaviour,State: Maryland,0.00036092295595757223,72
Random Forest,United States,after_mandate,After mandate,protective,Protective behaviour,United_States_after_mandate_protective,United States - After mandate - Protective behaviour,State: Rhode Island,0.0003380701500920266,73
Random Forest,United States,after_mandate,After mandate,protective,Protective behaviour,United_States_after_mandate_protective,United States - After mandate - Protective behaviour,State: Utah,0.00031159498732877483,74
Random Forest,United States,after_mandate,After mandate,protective,Protective behaviour,United_States_after_mandate_protective,United States - After mandate - Protective behaviour,State: Mississippi,0.00028592089192123305,75
Random Forest,United States,after_mandate,After mandate,protective,Protective behaviour,United_States_after_mandate_protective,United States - After mandate - Protective behaviour,State: Iowa,0.00021655323669738703,76
Random Forest,United States,after_mandate,After mandate,protective,Protective behaviour,United_States_after_mandate_protective,United States - After mandate - Protective behaviour,State: Nebraska,0.00020727612710605542,77
Random Forest,United States,after_mandate,After mandate,protective,Protective behaviour,United_States_after_mandate_protective,United States - After mandate - Protective behaviour,State: New Mexico,0.0001962154093330817,78
Random Forest,United States,after_mandate,After mandate,protective,Protective behaviour,United_States_after_mandate_protective,United States - After mandate - Protective behaviour,State: Connecticut,0.00017643410671946275,79
Random Forest,United States,after_mandate,After mandate,protective,Protective behaviour,United_States_after_mandate_protective,United States - After mandate - Protective behaviour,State: Idaho,0.000166550376621559,80
Random Forest,United States,after_mandate,After mandate,protective,Protective behaviour,United_States_after_mandate_protective,United States - After mandate - Protective behaviour,State: Washington DC,0.0001647918383948829,81
Random Forest,United States,after_mandate,After mandate,protective,Protective behaviour,United_States_after_mandate_protective,United States - After mandate - Protective behaviour,State: Kansas,0.00010442615857805674,82
Random Forest,United States,after_mandate,After mandate,protective,Protective behaviour,United_States_after_mandate_protective,United States - After mandate - Protective behaviour,State: New Hampshire,0.00010100795134014191,83
Random Forest,United States,after_mandate,After mandate,protective,Protective behaviour,United_States_after_mandate_protective,United States - After mandate - Protective behaviour,State: Montana,9.041486384664605e-05,84
Random Forest,United States,after_mandate,After mandate,protective,Protective behaviour,United_States_after_mandate_protective,United States - After mandate - Protective behaviour,State: Delaware,6.975591238791301e-05,85
Random Forest,United States,after_mandate,After mandate,protective,Protective behaviour,United_States_after_mandate_protective,United States - After mandate - Protective behaviour,State: Wyoming,6.8938477415866e-05,86
Random Forest,United States,after_mandate,After mandate,protective,Protective behaviour,United_States_after_mandate_protective,United States - After mandate - Protective behaviour,State: Vermont,6.666599845130335e-05,87
Random Forest,United States,after_mandate,After mandate,protective,Protective behaviour,United_States_after_mandate_protective,United States - After mandate - Protective behaviour,State: Hawaii,6.26616307531198e-05,88
Random Forest,United States,after_mandate,After mandate,protective,Protective behaviour,United_States_after_mandate_protective,United States - After mandate - Protective behaviour,State: Alaska,6.125283969072253e-05,89
Random Forest,United States,after_mandate,After mandate,protective,Protective behaviour,United_States_after_mandate_protective,United States - After mandate - Protective behaviour,State: Maine,4.014068996884977e-05,90
Random Forest,United States,after_mandate,After mandate,protective,Protective behaviour,United_States_after_mandate_protective,United States - After mandate - Protective behaviour,State: South Dakota,3.969697173356514e-05,91
Random Forest,United States,after_mandate,After mandate,protective,Protective behaviour,United_States_after_mandate_protective,United States - After mandate - Protective behaviour,State: Georgia,0.0,92
Random Forest,United States,after_mandate,After mandate,protective,Protective behaviour,United_States_after_mandate_protective,United States - After mandate - Protective behaviour,State: North Dakota,0.0,93
